{"type":"FeatureCollection","features":[{"type":"Feature","properties":{"irs_share_of_city_investment_2022":0.0079,"irs_income_per_household_2022":261872,"irs_agi_annual_2022":3764411095,"irs_investment_annual_2022":668808707,"irs_investment_share_2022":0.1777,"irs_returns_annual":16074,"zip":"10001","name":"Chelsea-Hudson Yards","borough":"Manhattan","zips_included":"10001, 10118, 10119, 10199","irs_returns":16960,"irs_agi_per_return":214323,"irs_wages_per_return":144366,"irs_capital_income_per_return":38432,"irs_investment_income_annual":617758000,"irs_capital_gains_per_return":27765,"irs_partnership_per_return":16407,"irs_capital_share_of_agi":0.1793,"irs_top_share_of_returns":0.2199,"irs_top_agi_per_return":735718,"irs_top_share_of_agi":0.7547,"irs_share_of_city_capital_income":0.0081,"irs_share_of_city_returns":0.0039,"acs_population":27004,"acs_households":14375,"acs_median_household_income":106509,"acs_median_household_income_moe":9423,"acs_mean_household_income":176483,"acs_share_households_200k":0.3034,"acs_renter_share":0.7619,"acs_median_gross_rent":2625,"acs_private_share_k12":0.2294,"acs_seasonal_units":412,"acs_seasonal_share_of_units":0.0243,"sales_count":663,"sales_median_price":1490000,"sales_over_5m":102,"irs_years_available":5,"acs_households_moe":782,"acs_aggregate_income_moe":null},"geometry":{"type":"Polygon","coordinates":[[[-73.98408,40.7491],[-73.98819,40.74345],[-73.98901,40.7438],[-73.98887,40.74453],[-73.99097,40.74542],[-73.99207,40.74392],[-73.9976,40.7462],[-73.99783,40.74588],[-73.99801,40.74595],[-73.99755,40.74658],[-74.0004,40.74777],[-74.00085,40.74715],[-74.00653,40.74956],[-74.00702,40.74889],[-74.00806,40.7493],[-74.00835,40.74996],[-74.00832,40.7506],[-74.00707,40.75401],[-74.00296,40.75974],[-74.00006,40.7584],[-74.0015,40.75645],[-74.00082,40.75616],[-74.00002,40.75663],[-73.99822,40.75587],[-73.99866,40.75525],[-73.99298,40.75285],[-73.99253,40.75347],[-73.98969,40.75228],[-73.99013,40.75166],[-73.98408,40.7491]]]}},{"type":"Feature","properties":{"irs_share_of_city_investment_2022":0.0036,"irs_income_per_household_2022":89298,"irs_agi_annual_2022":3217233234,"irs_investment_annual_2022":300648070,"irs_investment_share_2022":0.0934,"irs_returns_annual":40756,"zip":"10002","name":"Lower East Side","borough":"Manhattan","zips_included":"10002","irs_returns":39620,"irs_agi_per_return":71757,"irs_wages_per_return":54380,"irs_capital_income_per_return":6695,"irs_investment_income_annual":272872200,"irs_capital_gains_per_return":4766,"irs_partnership_per_return":2521,"irs_capital_share_of_agi":0.0933,"irs_top_share_of_returns":0.0619,"irs_top_agi_per_return":479422,"irs_top_share_of_agi":0.4138,"irs_share_of_city_capital_income":0.0036,"irs_share_of_city_returns":0.0099,"acs_population":76518,"acs_households":36028,"acs_median_household_income":43362,"acs_median_household_income_moe":5737,"acs_mean_household_income":86843,"acs_share_households_200k":0.1016,"acs_renter_share":0.8272,"acs_median_gross_rent":1136,"acs_private_share_k12":0.0677,"acs_seasonal_units":681,"acs_seasonal_share_of_units":0.0174,"sales_count":773,"sales_median_price":1050000,"sales_over_5m":15,"irs_years_available":5,"acs_households_moe":1326,"acs_aggregate_income_moe":233400673},"geometry":{"type":"Polygon","coordinates":[[[-73.9975,40.71407],[-73.99481,40.71846],[-73.9926,40.72414],[-73.97875,40.71993],[-73.97823,40.72067],[-73.97504,40.7194],[-73.97509,40.71888],[-73.97351,40.71877],[-73.9749,40.71513],[-73.97671,40.71154],[-73.978,40.71056],[-73.98129,40.71022],[-73.98124,40.70983],[-73.98839,40.70912],[-73.98874,40.70997],[-73.99191,40.70953],[-73.99205,40.70978],[-73.99178,40.70983],[-73.99198,40.71091],[-73.99414,40.71056],[-73.99402,40.70949],[-73.99606,40.7092],[-73.99621,40.70977],[-73.99639,40.70975],[-73.9975,40.71407]]]}},{"type":"Feature","properties":{"irs_share_of_city_investment_2022":0.0287,"irs_income_per_household_2022":356711,"irs_agi_annual_2022":8913150114,"irs_investment_annual_2022":2416028051,"irs_investment_share_2022":0.2711,"irs_returns_annual":27322,"zip":"10003","name":"East Village","borough":"Manhattan","zips_included":"10003","irs_returns":27610,"irs_agi_per_return":296215,"irs_wages_per_return":160677,"irs_capital_income_per_return":80093,"irs_investment_income_annual":2188305000,"irs_capital_gains_per_return":60777,"irs_partnership_per_return":29718,"irs_capital_share_of_agi":0.2704,"irs_top_share_of_returns":0.2621,"irs_top_agi_per_return":913841,"irs_top_share_of_agi":0.8087,"irs_share_of_city_capital_income":0.0286,"irs_share_of_city_returns":0.0066,"acs_population":53877,"acs_households":24987,"acs_median_household_income":152863,"acs_median_household_income_moe":10149,"acs_mean_household_income":250384,"acs_share_households_200k":0.3872,"acs_renter_share":0.6427,"acs_median_gross_rent":2731,"acs_private_share_k12":0.5424,"acs_seasonal_units":1254,"acs_seasonal_share_of_units":0.0408,"sales_count":1630,"sales_median_price":1240000,"sales_over_5m":65,"irs_years_available":5,"acs_households_moe":936,"acs_aggregate_income_moe":590032457},"geometry":{"type":"Polygon","coordinates":[[[-73.98864,40.72293],[-73.9926,40.72414],[-73.9918,40.72639],[-73.99364,40.72729],[-73.99314,40.72787],[-73.9996,40.73105],[-73.99861,40.73221],[-73.99698,40.73141],[-73.99094,40.73967],[-73.98774,40.73831],[-73.98731,40.73891],[-73.98642,40.73854],[-73.98684,40.73794],[-73.98539,40.73733],[-73.98498,40.73793],[-73.98408,40.73754],[-73.98451,40.73696],[-73.97979,40.73496],[-73.98864,40.72293]]]}},{"type":"Feature","properties":{"irs_share_of_city_investment_2022":0.0013,"irs_income_per_household_2022":105481,"irs_agi_annual_2022":1607213122,"irs_investment_annual_2022":109459075,"irs_investment_share_2022":0.0681,"irs_returns_annual":17788,"zip":"10026","name":"Harlem (South)","borough":"Manhattan","zips_included":"10026","irs_returns":17200,"irs_agi_per_return":82010,"irs_wages_per_return":63980,"irs_capital_income_per_return":5573,"irs_investment_income_annual":99134800,"irs_capital_gains_per_return":4226,"irs_partnership_per_return":4227,"irs_capital_share_of_agi":0.068,"irs_top_share_of_returns":0.0741,"irs_top_agi_per_return":485141,"irs_top_share_of_agi":0.4383,"irs_share_of_city_capital_income":0.0013,"irs_share_of_city_returns":0.0043,"acs_population":38265,"acs_households":15237,"acs_median_household_income":68831,"acs_median_household_income_moe":7178,"acs_mean_household_income":117438,"acs_share_households_200k":0.1607,"acs_renter_share":0.8022,"acs_median_gross_rent":1507,"acs_private_share_k12":0.1447,"acs_seasonal_units":105,"acs_seasonal_share_of_units":0.0061,"sales_count":370,"sales_median_price":755119,"sales_over_5m":1,"irs_years_available":5,"acs_households_moe":806,"acs_aggregate_income_moe":129905521},"geometry":{"type":"MultiPolygon","coordinates":[[[[-73.96201,40.80551],[-73.96007,40.80471],[-73.96032,40.80399],[-73.96248,40.80488],[-73.96201,40.80551]]],[[[-73.95862,40.79997],[-73.96007,40.80058],[-73.95825,40.80311],[-73.95821,40.80549],[-73.9568,40.80754],[-73.95396,40.80635],[-73.9535,40.80698],[-73.94781,40.80459],[-73.94794,40.80442],[-73.94748,40.80422],[-73.94755,40.80413],[-73.94476,40.803],[-73.94923,40.79687],[-73.95786,40.80052],[-73.95817,40.80058],[-73.95862,40.79997]]]]}},{"type":"Feature","properties":{"irs_share_of_city_investment_2022":0.0033,"irs_income_per_household_2022":524854,"irs_agi_annual_2022":1114264780,"irs_investment_annual_2022":274640642,"irs_investment_share_2022":0.2465,"irs_returns_annual":2334,"zip":"10004","name":"Financial District-Battery Park City","borough":"Manhattan","zips_included":"10004","irs_returns":2410,"irs_agi_per_return":433411,"irs_wages_per_return":256999,"irs_capital_income_per_return":107622,"irs_investment_income_annual":251188800,"irs_capital_gains_per_return":76933,"irs_partnership_per_return":24507,"irs_capital_share_of_agi":0.2483,"irs_top_share_of_returns":0.3796,"irs_top_agi_per_return":1007066,"irs_top_share_of_agi":0.882,"irs_share_of_city_capital_income":0.0033,"irs_share_of_city_returns":0.0006,"acs_population":4579,"acs_households":2123,"acs_median_household_income":232543,"acs_median_household_income_moe":14137,"acs_mean_household_income":342833,"acs_share_households_200k":0.5794,"acs_renter_share":0.5794,"acs_median_gross_rent":3501,"acs_private_share_k12":0.2302,"acs_seasonal_units":85,"acs_seasonal_share_of_units":0.0314,"sales_count":244,"sales_median_price":1000000,"sales_over_5m":0,"irs_years_available":5,"acs_households_moe":394,"acs_aggregate_income_moe":238766015},"geometry":{"type":"MultiPolygon","coordinates":[[[[-74.00827,40.70772],[-74.00937,40.70861],[-74.00889,40.70904],[-74.00801,40.70798],[-74.00827,40.70772]]],[[[-74.0158,40.70135],[-74.01574,40.70199],[-74.01653,40.70326],[-74.01668,40.7048],[-74.01742,40.70493],[-74.01795,40.70547],[-74.01793,40.70618],[-74.01757,40.70684],[-74.01614,40.70641],[-74.01604,40.7067],[-74.01511,40.70646],[-74.01513,40.70626],[-74.01441,40.70623],[-74.0144,40.7061],[-74.01433,40.70624],[-74.01325,40.70587],[-74.0124,40.70679],[-74.01119,40.70628],[-74.01155,40.70495],[-74.00903,40.70531],[-74.0089,40.70486],[-74.00946,40.70453],[-74.0076,40.70299],[-74.00912,40.70201],[-74.01117,40.70148],[-74.01109,40.70127],[-74.01129,40.70125],[-74.01081,40.7002],[-74.01115,40.7009],[-74.01136,40.70085],[-74.01133,40.70057],[-74.0115,40.70081],[-74.01173,40.70077],[-74.01163,40.70046],[-74.01185,40.70074],[-74.01209,40.70068],[-74.01196,40.70004],[-74.01239,40.70062],[-74.01259,40.70057],[-74.01262,40.70011],[-74.01291,40.70052],[-74.01311,40.70051],[-74.01311,40.69978],[-74.01327,40.7005],[-74.01349,40.70048],[-74.01353,40.70011],[-74.01368,40.70013],[-74.01356,40.70094],[-74.01395,40.70099],[-74.01409,40.70055],[-74.01502,40.70099],[-74.01514,40.70084],[-74.0158,40.70135]]]]}},{"type":"Feature","properties":{"irs_share_of_city_investment_2022":0.0119,"irs_income_per_household_2022":556442,"irs_agi_annual_2022":2715993838,"irs_investment_annual_2022":999863076,"irs_investment_share_2022":0.3681,"irs_returns_annual":5916,"zip":"10005","name":"Financial District-Battery Park City","borough":"Manhattan","zips_included":"10005, 10271","irs_returns":6310,"irs_agi_per_return":416023,"irs_wages_per_return":173671,"irs_capital_income_per_return":152714,"irs_investment_income_annual":903453800,"irs_capital_gains_per_return":84482,"irs_partnership_per_return":59856,"irs_capital_share_of_agi":0.3671,"irs_top_share_of_returns":0.2975,"irs_top_agi_per_return":1199491,"irs_top_share_of_agi":0.8578,"irs_share_of_city_capital_income":0.0118,"irs_share_of_city_returns":0.0014,"acs_population":8801,"acs_households":4881,"acs_median_household_income":189886,"acs_median_household_income_moe":29192,"acs_mean_household_income":251095,"acs_share_households_200k":0.4851,"acs_renter_share":0.8332,"acs_median_gross_rent":3501,"acs_private_share_k12":0.1512,"acs_seasonal_units":457,"acs_seasonal_share_of_units":0.0729,"sales_count":382,"sales_median_price":1090473,"sales_over_5m":5,"irs_years_available":5,"acs_households_moe":550,"acs_aggregate_income_moe":null},"geometry":{"type":"Polygon","coordinates":[[[-74.00783,40.70309],[-74.00946,40.70453],[-74.0089,40.70486],[-74.00903,40.70531],[-74.01155,40.70495],[-74.01119,40.70628],[-74.01251,40.70677],[-74.01054,40.70915],[-74.00966,40.70876],[-74.00913,40.7093],[-74.00889,40.70904],[-74.00937,40.70861],[-74.00827,40.70772],[-74.00864,40.70734],[-74.00713,40.70637],[-74.00678,40.70673],[-74.00553,40.70579],[-74.00601,40.70545],[-74.00519,40.70495],[-74.00475,40.70523],[-74.00457,40.70515],[-74.00783,40.70309]]]}},{"type":"Feature","properties":{"irs_share_of_city_investment_2022":0.0015,"irs_income_per_household_2022":353378,"irs_agi_annual_2022":723011864,"irs_investment_annual_2022":128452928,"irs_investment_share_2022":0.1777,"irs_returns_annual":2410,"zip":"10006","name":"Financial District-Battery Park City","borough":"Manhattan","zips_included":"10006","irs_returns":2500,"irs_agi_per_return":274067,"irs_wages_per_return":177383,"irs_capital_income_per_return":49575,"irs_investment_income_annual":119476600,"irs_capital_gains_per_return":34778,"irs_partnership_per_return":16972,"irs_capital_share_of_agi":0.1809,"irs_top_share_of_returns":0.2946,"irs_top_agi_per_return":723466,"irs_top_share_of_agi":0.7777,"irs_share_of_city_capital_income":0.0016,"irs_share_of_city_returns":0.0006,"acs_population":3736,"acs_households":2046,"acs_median_household_income":204574,"acs_median_household_income_moe":22309,"acs_mean_household_income":218507,"acs_share_households_200k":0.5249,"acs_renter_share":0.8226,"acs_median_gross_rent":3501,"acs_private_share_k12":0.7098,"acs_seasonal_units":77,"acs_seasonal_share_of_units":0.0318,"sales_count":223,"sales_median_price":1495000,"sales_over_5m":1,"irs_years_available":5,"acs_households_moe":254,"acs_aggregate_income_moe":83026264},"geometry":{"type":"Polygon","coordinates":[[[-74.00998,40.70981],[-74.01325,40.70587],[-74.01433,40.70624],[-74.0144,40.7061],[-74.01441,40.70623],[-74.01513,40.70626],[-74.01511,40.70646],[-74.01604,40.7067],[-74.01488,40.70983],[-74.01384,40.71373],[-74.01012,40.71208],[-74.01123,40.71037],[-74.00998,40.70981]]]}},{"type":"Feature","properties":{"irs_share_of_city_investment_2022":0.0126,"irs_income_per_household_2022":1181959,"irs_agi_annual_2022":3733808546,"irs_investment_annual_2022":1065477660,"irs_investment_share_2022":0.2854,"irs_returns_annual":3792,"zip":"10007","name":"Tribeca-Civic Center","borough":"Manhattan","zips_included":"10007, 10278, 10279","irs_returns":4150,"irs_agi_per_return":899313,"irs_wages_per_return":413722,"irs_capital_income_per_return":255739,"irs_investment_income_annual":969764000,"irs_capital_gains_per_return":185127,"irs_partnership_per_return":64183,"irs_capital_share_of_agi":0.2844,"irs_top_share_of_returns":0.4705,"irs_top_agi_per_return":1823242,"irs_top_share_of_agi":0.9538,"irs_share_of_city_capital_income":0.0127,"irs_share_of_city_returns":0.0009,"acs_population":7667,"acs_households":3159,"acs_median_household_income":250001,"acs_median_household_income_moe":null,"acs_mean_household_income":509835,"acs_share_households_200k":0.6815,"acs_renter_share":0.6667,"acs_median_gross_rent":3501,"acs_private_share_k12":0.4573,"acs_seasonal_units":369,"acs_seasonal_share_of_units":0.0958,"sales_count":302,"sales_median_price":2881416,"sales_over_5m":52,"irs_years_available":5,"acs_households_moe":509,"acs_aggregate_income_moe":null},"geometry":{"type":"Polygon","coordinates":[[[-74.00998,40.70981],[-74.01123,40.71037],[-74.01012,40.71208],[-74.01384,40.71373],[-74.01286,40.71718],[-74.00794,40.71493],[-74.00625,40.71707],[-74.00045,40.71436],[-74.00089,40.71302],[-74.00271,40.71259],[-74.00397,40.71182],[-74.00544,40.71214],[-74.0086,40.71139],[-74.00998,40.70981]]]}},{"type":"Feature","properties":{"irs_share_of_city_investment_2022":0.0032,"irs_income_per_household_2022":107862,"irs_agi_annual_2022":3200254703,"irs_investment_annual_2022":270846930,"irs_investment_share_2022":0.0846,"irs_returns_annual":31000,"zip":"10009","name":"East Village","borough":"Manhattan","zips_included":"10009","irs_returns":31000,"irs_agi_per_return":93765,"irs_wages_per_return":70931,"irs_capital_income_per_return":7967,"irs_investment_income_annual":246967600,"irs_capital_gains_per_return":5587,"irs_partnership_per_return":2560,"irs_capital_share_of_agi":0.085,"irs_top_share_of_returns":0.0885,"irs_top_agi_per_return":434276,"irs_top_share_of_agi":0.4097,"irs_share_of_city_capital_income":0.0032,"irs_share_of_city_returns":0.0075,"acs_population":58418,"acs_households":29670,"acs_median_household_income":83344,"acs_median_household_income_moe":8153,"acs_mean_household_income":130249,"acs_share_households_200k":0.1915,"acs_renter_share":0.9044,"acs_median_gross_rent":1832,"acs_private_share_k12":0.1215,"acs_seasonal_units":430,"acs_seasonal_share_of_units":0.0134,"sales_count":280,"sales_median_price":830000,"sales_over_5m":2,"irs_years_available":5,"acs_households_moe":1202,"acs_aggregate_income_moe":403726256},"geometry":{"type":"Polygon","coordinates":[[[-73.98864,40.72293],[-73.97979,40.73496],[-73.97367,40.73231],[-73.97342,40.73128],[-73.9719,40.72993],[-73.97152,40.72935],[-73.9714,40.72872],[-73.97168,40.72741],[-73.97149,40.72735],[-73.97176,40.72583],[-73.97351,40.71877],[-73.97509,40.71888],[-73.97504,40.7194],[-73.97823,40.72067],[-73.97875,40.71993],[-73.98864,40.72293]]]}},{"type":"Feature","properties":{"irs_share_of_city_investment_2022":0.0135,"irs_income_per_household_2022":322709,"irs_agi_annual_2022":5179485204,"irs_investment_annual_2022":1140769541,"irs_investment_share_2022":0.2202,"irs_returns_annual":16326,"zip":"10010","name":"Midtown South-Flatiron-Union Square","borough":"Manhattan","zips_included":"10010","irs_returns":16690,"irs_agi_per_return":287813,"irs_wages_per_return":166090,"irs_capital_income_per_return":63165,"irs_investment_income_annual":1031225800,"irs_capital_gains_per_return":46772,"irs_partnership_per_return":31011,"irs_capital_share_of_agi":0.2195,"irs_top_share_of_returns":0.2657,"irs_top_agi_per_return":864120,"irs_top_share_of_agi":0.7978,"irs_share_of_city_capital_income":0.0135,"irs_share_of_city_returns":0.004,"acs_population":32410,"acs_households":16050,"acs_median_household_income":150288,"acs_median_household_income_moe":23588,"acs_mean_household_income":254222,"acs_share_households_200k":0.4102,"acs_renter_share":0.7117,"acs_median_gross_rent":2899,"acs_private_share_k12":0.4001,"acs_seasonal_units":663,"acs_seasonal_share_of_units":0.035,"sales_count":984,"sales_median_price":1267500,"sales_over_5m":67,"irs_years_available":5,"acs_households_moe":1244,"acs_aggregate_income_moe":589864722},"geometry":{"type":"Polygon","coordinates":[[[-73.97367,40.73231],[-73.98451,40.73696],[-73.98408,40.73754],[-73.98498,40.73793],[-73.98539,40.73733],[-73.98684,40.73794],[-73.98642,40.73854],[-73.98731,40.73891],[-73.98774,40.73831],[-73.99094,40.73967],[-73.99107,40.7401],[-73.99397,40.7413],[-73.99097,40.74542],[-73.98887,40.74453],[-73.98901,40.7438],[-73.98819,40.74345],[-73.98774,40.74407],[-73.98453,40.74271],[-73.98498,40.74209],[-73.97461,40.73778],[-73.97424,40.73796],[-73.97331,40.73966],[-73.97407,40.73994],[-73.97413,40.74012],[-73.97441,40.74007],[-73.9758,40.74064],[-73.97535,40.74127],[-73.9731,40.74034],[-73.97252,40.74276],[-73.97223,40.74325],[-73.97168,40.74305],[-73.97229,40.74072],[-73.97221,40.74031],[-73.97265,40.73922],[-73.97249,40.7358],[-73.97287,40.73577],[-73.97442,40.73642],[-73.97447,40.73628],[-73.9745,40.73564],[-73.97406,40.73381],[-73.97385,40.73322],[-73.97367,40.7332],[-73.97387,40.7331],[-73.97367,40.73231]]]}},{"type":"Feature","properties":{"irs_share_of_city_investment_2022":0.0336,"irs_income_per_household_2022":367710,"irs_agi_annual_2022":10617251058,"irs_investment_annual_2022":2830578561,"irs_investment_share_2022":0.2666,"irs_returns_annual":28624,"zip":"10011","name":"Chelsea-Hudson Yards","borough":"Manhattan","zips_included":"10011","irs_returns":28690,"irs_agi_per_return":337235,"irs_wages_per_return":187791,"irs_capital_income_per_return":90008,"irs_investment_income_annual":2576386000,"irs_capital_gains_per_return":66162,"irs_partnership_per_return":31358,"irs_capital_share_of_agi":0.2669,"irs_top_share_of_returns":0.2961,"irs_top_agi_per_return":950039,"irs_top_share_of_agi":0.8342,"irs_share_of_city_capital_income":0.0336,"irs_share_of_city_returns":0.0069,"acs_population":50772,"acs_households":28874,"acs_median_household_income":145934,"acs_median_household_income_moe":17135,"acs_mean_household_income":237851,"acs_share_households_200k":0.3648,"acs_renter_share":0.6343,"acs_median_gross_rent":2637,"acs_private_share_k12":0.4545,"acs_seasonal_units":1570,"acs_seasonal_share_of_units":0.0448,"sales_count":2268,"sales_median_price":1500000,"sales_over_5m":293,"irs_years_available":5,"acs_households_moe":1301,"acs_aggregate_income_moe":525486776},"geometry":{"type":"Polygon","coordinates":[[[-74.00917,40.74242],[-74.00808,40.74838],[-74.00922,40.74885],[-74.00995,40.74893],[-74.00952,40.75011],[-74.00925,40.74998],[-74.00762,40.75428],[-74.00775,40.75434],[-74.00747,40.75448],[-74.00728,40.75474],[-74.00741,40.75479],[-74.00621,40.75622],[-74.00572,40.75591],[-74.00707,40.75401],[-74.00824,40.75089],[-74.00837,40.75014],[-74.00806,40.7493],[-74.00702,40.74889],[-74.00653,40.74956],[-74.00085,40.74715],[-74.0004,40.74777],[-73.99755,40.74658],[-73.99801,40.74595],[-73.99783,40.74588],[-73.9976,40.7462],[-73.99207,40.74392],[-73.99397,40.7413],[-73.99107,40.7401],[-73.99094,40.73967],[-73.99698,40.73141],[-73.99861,40.73221],[-73.9996,40.73105],[-74.00095,40.7317],[-73.99955,40.73361],[-73.99965,40.73407],[-74.0024,40.73876],[-74.00344,40.73876],[-74.00253,40.73975],[-74.00311,40.74],[-74.00282,40.74038],[-74.00467,40.74116],[-74.00512,40.74085],[-74.00536,40.74095],[-74.00486,40.74165],[-74.00769,40.74283],[-74.00821,40.74215],[-74.00917,40.74242]]]}},{"type":"Feature","properties":{"irs_share_of_city_investment_2022":0.0145,"irs_income_per_household_2022":358067,"irs_agi_annual_2022":4128150925,"irs_investment_annual_2022":1218499987,"irs_investment_share_2022":0.2952,"irs_returns_annual":11756,"zip":"10012","name":"SoHo-Little Italy-Hudson Square","borough":"Manhattan","zips_included":"10012","irs_returns":11780,"irs_agi_per_return":319485,"irs_wages_per_return":174129,"irs_capital_income_per_return":94319,"irs_investment_income_annual":1108811200,"irs_capital_gains_per_return":73606,"irs_partnership_per_return":21592,"irs_capital_share_of_agi":0.2952,"irs_top_share_of_returns":0.2458,"irs_top_agi_per_return":1070155,"irs_top_share_of_agi":0.8234,"irs_share_of_city_capital_income":0.0145,"irs_share_of_city_returns":0.0029,"acs_population":21216,"acs_households":11529,"acs_median_household_income":126890,"acs_median_household_income_moe":11459,"acs_mean_household_income":205960,"acs_share_households_200k":0.3175,"acs_renter_share":0.7957,"acs_median_gross_rent":2624,"acs_private_share_k12":0.4363,"acs_seasonal_units":521,"acs_seasonal_share_of_units":0.0365,"sales_count":514,"sales_median_price":2292500,"sales_over_5m":100,"irs_years_available":5,"acs_households_moe":854,"acs_aggregate_income_moe":267173377},"geometry":{"type":"Polygon","coordinates":[[[-74.00457,40.72417],[-74.00373,40.72625],[-74.00341,40.72624],[-74.00251,40.7276],[-74.00317,40.72766],[-74.00095,40.7317],[-73.99314,40.72787],[-73.99364,40.72729],[-73.9918,40.72639],[-73.99404,40.72032],[-73.99497,40.72063],[-73.99526,40.71987],[-73.99986,40.72179],[-74.00457,40.72417]]]}},{"type":"Feature","properties":{"irs_share_of_city_investment_2022":0.0512,"irs_income_per_household_2022":786079,"irs_agi_annual_2022":10024871654,"irs_investment_annual_2022":4310887597,"irs_investment_share_2022":0.43,"irs_returns_annual":14512,"zip":"10013","name":"Tribeca-Civic Center","borough":"Manhattan","zips_included":"10013","irs_returns":14520,"irs_agi_per_return":627926,"irs_wages_per_return":270344,"irs_capital_income_per_return":270148,"irs_investment_income_annual":3920389600,"irs_capital_gains_per_return":223310,"irs_partnership_per_return":41216,"irs_capital_share_of_agi":0.4302,"irs_top_share_of_returns":0.2849,"irs_top_agi_per_return":2053904,"irs_top_share_of_agi":0.9318,"irs_share_of_city_capital_income":0.0512,"irs_share_of_city_returns":0.0035,"acs_population":29453,"acs_households":12753,"acs_median_household_income":150675,"acs_median_household_income_moe":24174,"acs_mean_household_income":370046,"acs_share_households_200k":0.4005,"acs_renter_share":0.7052,"acs_median_gross_rent":2113,"acs_private_share_k12":0.3745,"acs_seasonal_units":627,"acs_seasonal_share_of_units":0.0404,"sales_count":1031,"sales_median_price":3400000,"sales_over_5m":276,"irs_years_available":5,"acs_households_moe":1164,"acs_aggregate_income_moe":1216009956},"geometry":{"type":"Polygon","coordinates":[[[-74.01286,40.71718],[-74.01244,40.71906],[-74.01303,40.71913],[-74.01196,40.72433],[-74.01136,40.72428],[-74.01098,40.72609],[-74.00992,40.72599],[-74.00963,40.72756],[-74.00554,40.72716],[-74.00566,40.72643],[-74.00373,40.72625],[-74.00457,40.72417],[-73.99986,40.72179],[-73.99526,40.71987],[-73.99497,40.72063],[-73.99404,40.72032],[-73.99481,40.71846],[-73.9968,40.71504],[-73.99758,40.71398],[-73.99858,40.71347],[-73.99956,40.71392],[-73.9996,40.71445],[-74.00045,40.71436],[-74.00625,40.71707],[-74.00794,40.71493],[-74.01286,40.71718]]]}},{"type":"Feature","properties":{"irs_share_of_city_investment_2022":0.0346,"irs_income_per_household_2022":469472,"irs_agi_annual_2022":8217634250,"irs_investment_annual_2022":2916077772,"irs_investment_share_2022":0.3549,"irs_returns_annual":18038,"zip":"10014","name":"West Village","borough":"Manhattan","zips_included":"10014","irs_returns":18340,"irs_agi_per_return":415176,"irs_wages_per_return":198569,"irs_capital_income_per_return":147840,"irs_investment_income_annual":2666734200,"irs_capital_gains_per_return":120751,"irs_partnership_per_return":34646,"irs_capital_share_of_agi":0.3561,"irs_top_share_of_returns":0.3071,"irs_top_agi_per_return":1163805,"irs_top_share_of_agi":0.8609,"irs_share_of_city_capital_income":0.0348,"irs_share_of_city_returns":0.0044,"acs_population":29461,"acs_households":17504,"acs_median_household_income":147267,"acs_median_household_income_moe":15234,"acs_mean_household_income":249880,"acs_share_households_200k":0.3988,"acs_renter_share":0.7158,"acs_median_gross_rent":2852,"acs_private_share_k12":0.5309,"acs_seasonal_units":605,"acs_seasonal_share_of_units":0.0281,"sales_count":1150,"sales_median_price":1500000,"sales_over_5m":180,"irs_years_available":5,"acs_households_moe":972,"acs_aggregate_income_moe":398744196},"geometry":{"type":"Polygon","coordinates":[[[-74.01196,40.72433],[-74.01155,40.72645],[-74.01093,40.73315],[-74.01073,40.73344],[-74.01087,40.73359],[-74.01039,40.73917],[-74.01158,40.73926],[-74.01148,40.74069],[-74.00963,40.74065],[-74.00917,40.74242],[-74.00821,40.74215],[-74.00769,40.74283],[-74.00486,40.74165],[-74.00536,40.74095],[-74.00512,40.74085],[-74.00467,40.74116],[-74.00282,40.74038],[-74.00311,40.74],[-74.00253,40.73975],[-74.00344,40.73876],[-74.0024,40.73876],[-73.99997,40.73469],[-73.99955,40.73361],[-74.00214,40.72979],[-74.00317,40.72766],[-74.00251,40.7276],[-74.00341,40.72624],[-74.00566,40.72643],[-74.00554,40.72716],[-74.00963,40.72756],[-74.00992,40.72599],[-74.01098,40.72609],[-74.01136,40.72428],[-74.01196,40.72433]]]}},{"type":"Feature","properties":{"irs_share_of_city_investment_2022":0.0248,"irs_income_per_household_2022":275931,"irs_agi_annual_2022":8322644564,"irs_investment_annual_2022":2090188150,"irs_investment_share_2022":0.2511,"irs_returns_annual":31436,"zip":"10016","name":"Murray Hill-Kips Bay","borough":"Manhattan","zips_included":"10016","irs_returns":32280,"irs_agi_per_return":239654,"irs_wages_per_return":139874,"irs_capital_income_per_return":59936,"irs_investment_income_annual":1884145800,"irs_capital_gains_per_return":42841,"irs_partnership_per_return":19287,"irs_capital_share_of_agi":0.2501,"irs_top_share_of_returns":0.2287,"irs_top_agi_per_return":787695,"irs_top_share_of_agi":0.7515,"irs_share_of_city_capital_income":0.0246,"irs_share_of_city_returns":0.0076,"acs_population":54369,"acs_households":30162,"acs_median_household_income":145864,"acs_median_household_income_moe":12565,"acs_mean_household_income":215291,"acs_share_households_200k":0.388,"acs_renter_share":0.7273,"acs_median_gross_rent":3048,"acs_private_share_k12":0.4561,"acs_seasonal_units":2200,"acs_seasonal_share_of_units":0.0604,"sales_count":1944,"sales_median_price":880000,"sales_over_5m":37,"irs_years_available":5,"acs_households_moe":1498,"acs_aggregate_income_moe":506449478},"geometry":{"type":"Polygon","coordinates":[[[-73.98774,40.74407],[-73.98182,40.75219],[-73.97451,40.74912],[-73.97397,40.7497],[-73.97269,40.74916],[-73.97315,40.74854],[-73.97078,40.74754],[-73.97032,40.74816],[-73.96823,40.74737],[-73.97079,40.74441],[-73.97094,40.74447],[-73.97168,40.74305],[-73.97223,40.74325],[-73.97273,40.74224],[-73.9731,40.74034],[-73.97535,40.74127],[-73.9758,40.74064],[-73.97441,40.74007],[-73.97413,40.74012],[-73.97407,40.73994],[-73.97331,40.73966],[-73.97354,40.73903],[-73.97448,40.73781],[-73.98498,40.74209],[-73.98453,40.74271],[-73.98774,40.74407]]]}},{"type":"Feature","properties":{"irs_share_of_city_investment_2022":0.0277,"irs_income_per_household_2022":602615,"irs_agi_annual_2022":5516938398,"irs_investment_annual_2022":2334242171,"irs_investment_share_2022":0.4231,"irs_returns_annual":11398,"zip":"10017","name":"East Midtown-Turtle Bay","borough":"Manhattan","zips_included":"10017, 10165, 10167, 10168, 10169, 10170, 10171, 10172, 10173, 10174, 10177","irs_returns":11210,"irs_agi_per_return":439082,"irs_wages_per_return":161073,"irs_capital_income_per_return":185877,"irs_investment_income_annual":2118630800,"irs_capital_gains_per_return":132694,"irs_partnership_per_return":35965,"irs_capital_share_of_agi":0.4233,"irs_top_share_of_returns":0.2922,"irs_top_agi_per_return":1311709,"irs_top_share_of_agi":0.8728,"irs_share_of_city_capital_income":0.0276,"irs_share_of_city_returns":0.0028,"acs_population":14486,"acs_households":9155,"acs_median_household_income":139964,"acs_median_household_income_moe":25136,"acs_mean_household_income":188289,"acs_share_households_200k":0.3086,"acs_renter_share":0.6943,"acs_median_gross_rent":2854,"acs_private_share_k12":0.4203,"acs_seasonal_units":1366,"acs_seasonal_share_of_units":0.1062,"sales_count":996,"sales_median_price":600000,"sales_over_5m":10,"irs_years_available":5,"acs_households_moe":913,"acs_aggregate_income_moe":null},"geometry":{"type":"Polygon","coordinates":[[[-73.98182,40.75219],[-73.97766,40.75791],[-73.97282,40.75587],[-73.97237,40.7565],[-73.96616,40.75388],[-73.96653,40.75335],[-73.96455,40.75247],[-73.96523,40.75186],[-73.96482,40.7516],[-73.9685,40.74739],[-73.97032,40.74816],[-73.97078,40.74754],[-73.97315,40.74854],[-73.97269,40.74916],[-73.97397,40.7497],[-73.97451,40.74912],[-73.98182,40.75219]]]}},{"type":"Feature","properties":{"irs_share_of_city_investment_2022":0.0168,"irs_income_per_household_2022":672512,"irs_agi_annual_2022":3163498427,"irs_investment_annual_2022":1418834031,"irs_investment_share_2022":0.4485,"irs_returns_annual":6588,"zip":"10018","name":"Midtown-Times Square","borough":"Manhattan","zips_included":"10018","irs_returns":6880,"irs_agi_per_return":433947,"irs_wages_per_return":169176,"irs_capital_income_per_return":193489,"irs_investment_income_annual":1274707200,"irs_capital_gains_per_return":141542,"irs_partnership_per_return":22024,"irs_capital_share_of_agi":0.4459,"irs_top_share_of_returns":0.2541,"irs_top_agi_per_return":1501652,"irs_top_share_of_agi":0.8793,"irs_share_of_city_capital_income":0.0166,"irs_share_of_city_returns":0.0016,"acs_population":8659,"acs_households":4704,"acs_median_household_income":149118,"acs_median_household_income_moe":28258,"acs_mean_household_income":226793,"acs_share_households_200k":0.3922,"acs_renter_share":0.8759,"acs_median_gross_rent":3501,"acs_private_share_k12":0.0495,"acs_seasonal_units":180,"acs_seasonal_share_of_units":0.0333,"sales_count":66,"sales_median_price":1387500,"sales_over_5m":1,"irs_years_available":5,"acs_households_moe":396,"acs_aggregate_income_moe":177000743},"geometry":{"type":"Polygon","coordinates":[[[-74.00572,40.75591],[-74.00621,40.75622],[-74.00542,40.75732],[-74.00521,40.75723],[-74.0048,40.75781],[-74.00497,40.75788],[-74.00153,40.76264],[-74.00115,40.76203],[-74.00174,40.76139],[-73.99694,40.75938],[-73.99755,40.75882],[-73.99813,40.75904],[-73.99812,40.75878],[-73.99861,40.75874],[-73.9968,40.75779],[-73.99641,40.75834],[-73.99482,40.75767],[-73.99438,40.75838],[-73.9846,40.75418],[-73.98504,40.75356],[-73.98182,40.75219],[-73.98408,40.7491],[-73.99013,40.75166],[-73.98969,40.75228],[-73.99253,40.75347],[-73.99298,40.75285],[-73.99866,40.75525],[-73.99822,40.75587],[-74.00002,40.75663],[-74.00082,40.75616],[-74.0015,40.75645],[-74.00006,40.7584],[-74.00296,40.75974],[-74.00572,40.75591]]]}},{"type":"Feature","properties":{"irs_share_of_city_investment_2022":0.0002,"irs_income_per_household_2022":56754,"irs_agi_annual_2022":743301071,"irs_investment_annual_2022":16512803,"irs_investment_share_2022":0.0222,"irs_returns_annual":13306,"zip":"10030","name":"Harlem (North)","borough":"Manhattan","zips_included":"10030","irs_returns":12730,"irs_agi_per_return":50702,"irs_wages_per_return":41484,"irs_capital_income_per_return":1122,"irs_investment_income_annual":14929000,"irs_capital_gains_per_return":755,"irs_partnership_per_return":1193,"irs_capital_share_of_agi":0.0221,"irs_top_share_of_returns":0.0233,"irs_top_agi_per_return":447768,"irs_top_share_of_agi":0.2058,"irs_share_of_city_capital_income":0.0002,"irs_share_of_city_returns":0.0032,"acs_population":31268,"acs_households":13097,"acs_median_household_income":47765,"acs_median_household_income_moe":7808,"acs_mean_household_income":77559,"acs_share_households_200k":0.0767,"acs_renter_share":0.8564,"acs_median_gross_rent":1245,"acs_private_share_k12":0.1151,"acs_seasonal_units":98,"acs_seasonal_share_of_units":0.0068,"sales_count":119,"sales_median_price":740000,"sales_over_5m":0,"irs_years_available":5,"acs_households_moe":702,"acs_aggregate_income_moe":125671765},"geometry":{"type":"Polygon","coordinates":[[[-73.9418,40.81281],[-73.94271,40.8132],[-73.94296,40.81287],[-73.94442,40.8135],[-73.9451,40.81339],[-73.94465,40.81401],[-73.94546,40.81396],[-73.94723,40.81473],[-73.94703,40.81502],[-73.94868,40.81569],[-73.94475,40.82403],[-73.94293,40.82326],[-73.94351,40.82263],[-73.94241,40.82217],[-73.94192,40.82284],[-73.93622,40.82044],[-73.94085,40.81411],[-73.94264,40.81486],[-73.94283,40.81417],[-73.94311,40.81418],[-73.94135,40.81344],[-73.9418,40.81281]]]}},{"type":"Feature","properties":{"irs_share_of_city_investment_2022":0.0537,"irs_income_per_household_2022":363006,"irs_agi_annual_2022":9545976707,"irs_investment_annual_2022":4520725322,"irs_investment_share_2022":0.4736,"irs_returns_annual":26334,"zip":"10019","name":"Hell's Kitchen","borough":"Manhattan","zips_included":"10019, 10020, 10103, 10111, 10112","irs_returns":27110,"irs_agi_per_return":329998,"irs_wages_per_return":142812,"irs_capital_income_per_return":156482,"irs_investment_income_annual":4120807000,"irs_capital_gains_per_return":128808,"irs_partnership_per_return":12355,"irs_capital_share_of_agi":0.4742,"irs_top_share_of_returns":0.2378,"irs_top_agi_per_return":1152967,"irs_top_share_of_agi":0.8308,"irs_share_of_city_capital_income":0.0538,"irs_share_of_city_returns":0.0064,"acs_population":42766,"acs_households":26297,"acs_median_household_income":113335,"acs_median_household_income_moe":13895,"acs_mean_household_income":190544,"acs_share_households_200k":0.3224,"acs_renter_share":0.7699,"acs_median_gross_rent":2328,"acs_private_share_k12":0.3871,"acs_seasonal_units":3037,"acs_seasonal_share_of_units":0.092,"sales_count":1523,"sales_median_price":1215000,"sales_over_5m":202,"irs_years_available":5,"acs_households_moe":1502,"acs_aggregate_income_moe":null},"geometry":{"type":"Polygon","coordinates":[[[-74.00115,40.76203],[-74.00153,40.76264],[-74.00073,40.76376],[-73.99993,40.76341],[-73.99962,40.76356],[-73.99858,40.765],[-73.99866,40.76524],[-73.9984,40.76535],[-73.99624,40.76838],[-73.99707,40.76873],[-73.99513,40.77145],[-73.99492,40.77149],[-73.99501,40.77161],[-73.99434,40.77252],[-73.99417,40.77249],[-73.99383,40.77293],[-73.99045,40.77161],[-73.98999,40.77224],[-73.98715,40.77105],[-73.98762,40.77042],[-73.98476,40.76923],[-73.98432,40.76985],[-73.98209,40.76889],[-73.98204,40.76841],[-73.98239,40.76809],[-73.98217,40.76777],[-73.98149,40.76788],[-73.97301,40.76428],[-73.97812,40.75728],[-73.98484,40.76012],[-73.98451,40.76079],[-73.98656,40.76166],[-73.98701,40.76104],[-73.99343,40.76373],[-73.99295,40.76436],[-73.99509,40.76526],[-73.99555,40.76462],[-73.99768,40.76553],[-73.99918,40.76351],[-74.00115,40.76203]]]}},{"type":"Feature","properties":{"irs_share_of_city_investment_2022":0.0624,"irs_income_per_household_2022":679148,"irs_agi_annual_2022":13968712142,"irs_investment_annual_2022":5253463804,"irs_investment_share_2022":0.3761,"irs_returns_annual":22248,"zip":"10021","name":"Upper East Side-Lenox Hill-Roosevelt Island","borough":"Manhattan","zips_included":"10021","irs_returns":22450,"irs_agi_per_return":570414,"irs_wages_per_return":203573,"irs_capital_income_per_return":214226,"irs_investment_income_annual":4766096800,"irs_capital_gains_per_return":149622,"irs_partnership_per_return":49469,"irs_capital_share_of_agi":0.3756,"irs_top_share_of_returns":0.3335,"irs_top_agi_per_return":1551874,"irs_top_share_of_agi":0.9074,"irs_share_of_city_capital_income":0.0622,"irs_share_of_city_returns":0.0054,"acs_population":40642,"acs_households":20568,"acs_median_household_income":149432,"acs_median_household_income_moe":14460,"acs_mean_household_income":261254,"acs_share_households_200k":0.3972,"acs_renter_share":0.5537,"acs_median_gross_rent":2754,"acs_private_share_k12":0.4185,"acs_seasonal_units":4794,"acs_seasonal_share_of_units":0.1647,"sales_count":1847,"sales_median_price":1200000,"sales_over_5m":179,"irs_years_available":5,"acs_households_moe":1285,"acs_aggregate_income_moe":587979851},"geometry":{"type":"MultiPolygon","coordinates":[[[[-73.95878,40.75827],[-73.95972,40.75866],[-73.95881,40.75991],[-73.95801,40.75958],[-73.95664,40.76065],[-73.95633,40.76052],[-73.95878,40.75827]]],[[[-73.96844,40.77052],[-73.96514,40.77504],[-73.96194,40.77369],[-73.96137,40.77428],[-73.95986,40.77364],[-73.96032,40.77301],[-73.95872,40.77233],[-73.95826,40.77297],[-73.95365,40.77103],[-73.95411,40.77039],[-73.94931,40.76837],[-73.94825,40.76957],[-73.94809,40.76948],[-73.95231,40.76455],[-73.95249,40.7646],[-73.95356,40.76345],[-73.95562,40.76429],[-73.95516,40.76492],[-73.96116,40.76745],[-73.96162,40.76682],[-73.96408,40.76786],[-73.96362,40.76849],[-73.96844,40.77052]]]]}},{"type":"Feature","properties":{"irs_share_of_city_investment_2022":0.0617,"irs_income_per_household_2022":813624,"irs_agi_annual_2022":14769723877,"irs_investment_annual_2022":5199715107,"irs_investment_share_2022":0.3521,"irs_returns_annual":19694,"zip":"10022","name":"East Midtown-Turtle Bay","borough":"Manhattan","zips_included":"10022, 10152, 10153, 10154","irs_returns":19930,"irs_agi_per_return":683047,"irs_wages_per_return":173533,"irs_capital_income_per_return":240053,"irs_investment_income_annual":4727598000,"irs_capital_gains_per_return":172102,"irs_partnership_per_return":98433,"irs_capital_share_of_agi":0.3514,"irs_top_share_of_returns":0.3307,"irs_top_agi_per_return":1906252,"irs_top_share_of_agi":0.9228,"irs_share_of_city_capital_income":0.0617,"irs_share_of_city_returns":0.0048,"acs_population":33586,"acs_households":18153,"acs_median_household_income":161236,"acs_median_household_income_moe":21547,"acs_mean_household_income":281977,"acs_share_households_200k":0.4241,"acs_renter_share":0.5117,"acs_median_gross_rent":2754,"acs_private_share_k12":0.3853,"acs_seasonal_units":4909,"acs_seasonal_share_of_units":0.1946,"sales_count":2185,"sales_median_price":975000,"sales_over_5m":104,"irs_years_available":5,"acs_households_moe":1063,"acs_aggregate_income_moe":null},"geometry":{"type":"Polygon","coordinates":[[[-73.97766,40.75791],[-73.97256,40.7649],[-73.96388,40.76123],[-73.96343,40.76186],[-73.96244,40.76145],[-73.9627,40.76075],[-73.95926,40.75929],[-73.95972,40.75866],[-73.95878,40.75827],[-73.96066,40.75592],[-73.96163,40.75515],[-73.96482,40.7516],[-73.96523,40.75186],[-73.96455,40.75247],[-73.96653,40.75335],[-73.96616,40.75388],[-73.97237,40.7565],[-73.97282,40.75587],[-73.97766,40.75791]]]}},{"type":"Feature","properties":{"irs_share_of_city_investment_2022":0.0603,"irs_income_per_household_2022":399698,"irs_agi_annual_2022":14286013001,"irs_investment_annual_2022":5079149415,"irs_investment_share_2022":0.3555,"irs_returns_annual":33548,"zip":"10023","name":"Upper West Side-Lincoln Square","borough":"Manhattan","zips_included":"10023","irs_returns":34110,"irs_agi_per_return":387505,"irs_wages_per_return":181977,"irs_capital_income_per_return":138445,"irs_investment_income_annual":4644565200,"irs_capital_gains_per_return":98553,"irs_partnership_per_return":31606,"irs_capital_share_of_agi":0.3573,"irs_top_share_of_returns":0.3257,"irs_top_agi_per_return":1030798,"irs_top_share_of_agi":0.8663,"irs_share_of_city_capital_income":0.0606,"irs_share_of_city_returns":0.0081,"acs_population":65706,"acs_households":35742,"acs_median_household_income":151468,"acs_median_household_income_moe":15653,"acs_mean_household_income":256121,"acs_share_households_200k":0.3936,"acs_renter_share":0.6185,"acs_median_gross_rent":2744,"acs_private_share_k12":0.4729,"acs_seasonal_units":5997,"acs_seasonal_share_of_units":0.1321,"sales_count":2676,"sales_median_price":1200000,"sales_over_5m":257,"irs_years_available":5,"acs_households_moe":1763,"acs_aggregate_income_moe":681929877},"geometry":{"type":"Polygon","coordinates":[[[-73.98715,40.77105],[-73.99027,40.77243],[-73.98998,40.77304],[-73.98959,40.7753],[-73.98871,40.77664],[-73.98843,40.77653],[-73.9871,40.77917],[-73.98723,40.77922],[-73.98655,40.78066],[-73.98568,40.78031],[-73.98445,40.78319],[-73.98259,40.78239],[-73.98213,40.78303],[-73.98091,40.78252],[-73.98106,40.78175],[-73.97975,40.7812],[-73.97951,40.78152],[-73.97666,40.78033],[-73.97691,40.78],[-73.97407,40.77881],[-73.98168,40.76839],[-73.98204,40.76841],[-73.98209,40.76889],[-73.98432,40.76985],[-73.98476,40.76923],[-73.98762,40.77042],[-73.98715,40.77105]]]}},{"type":"Feature","properties":{"irs_share_of_city_investment_2022":0.0501,"irs_income_per_household_2022":472711,"irs_agi_annual_2022":13931737152,"irs_investment_annual_2022":4216410968,"irs_investment_share_2022":0.3026,"irs_returns_annual":29182,"zip":"10024","name":"Upper West Side (Central)","borough":"Manhattan","zips_included":"10024","irs_returns":29180,"irs_agi_per_return":433001,"irs_wages_per_return":203137,"irs_capital_income_per_return":131113,"irs_investment_income_annual":3826146800,"irs_capital_gains_per_return":98083,"irs_partnership_per_return":55119,"irs_capital_share_of_agi":0.3028,"irs_top_share_of_returns":0.317,"irs_top_agi_per_return":1207415,"irs_top_share_of_agi":0.8841,"irs_share_of_city_capital_income":0.0499,"irs_share_of_city_returns":0.0071,"acs_population":62774,"acs_households":29472,"acs_median_household_income":166994,"acs_median_household_income_moe":16881,"acs_mean_household_income":287414,"acs_share_households_200k":0.4145,"acs_renter_share":0.6168,"acs_median_gross_rent":2760,"acs_private_share_k12":0.5377,"acs_seasonal_units":3063,"acs_seasonal_share_of_units":0.0843,"sales_count":1660,"sales_median_price":1322500,"sales_over_5m":166,"irs_years_available":5,"acs_households_moe":1695,"acs_aggregate_income_moe":530255283},"geometry":{"type":"Polygon","coordinates":[[[-73.97407,40.77881],[-73.97691,40.78],[-73.97666,40.78033],[-73.97951,40.78152],[-73.97975,40.7812],[-73.98106,40.78175],[-73.98081,40.78247],[-73.98213,40.78303],[-73.98259,40.78239],[-73.98445,40.78319],[-73.98568,40.78031],[-73.98813,40.7814],[-73.97372,40.80217],[-73.96856,40.80907],[-73.96433,40.81551],[-73.96203,40.81809],[-73.96182,40.81802],[-73.96069,40.81751],[-73.96123,40.81674],[-73.96135,40.81541],[-73.96223,40.81367],[-73.96581,40.80884],[-73.96686,40.80782],[-73.96933,40.80364],[-73.9713,40.80093],[-73.97261,40.7999],[-73.97374,40.79861],[-73.9741,40.79778],[-73.97419,40.79656],[-73.97609,40.79547],[-73.97676,40.79448],[-73.97694,40.79287],[-73.9771,40.79273],[-73.97255,40.79081],[-73.97235,40.79107],[-73.96959,40.79002],[-73.96985,40.78967],[-73.96701,40.78848],[-73.97407,40.77881]]]}},{"type":"Feature","properties":{"irs_share_of_city_investment_2022":0.0186,"irs_income_per_household_2022":213104,"irs_agi_annual_2022":8876411153,"irs_investment_annual_2022":1568156902,"irs_investment_share_2022":0.1767,"irs_returns_annual":43608,"zip":"10025","name":"Upper West Side-Manhattan Valley","borough":"Manhattan","zips_included":"10025","irs_returns":42580,"irs_agi_per_return":184699,"irs_wages_per_return":108914,"irs_capital_income_per_return":32610,"irs_investment_income_annual":1422069800,"irs_capital_gains_per_return":22766,"irs_partnership_per_return":19135,"irs_capital_share_of_agi":0.1766,"irs_top_share_of_returns":0.1928,"irs_top_agi_per_return":699959,"irs_top_share_of_agi":0.7307,"irs_share_of_city_capital_income":0.0186,"irs_share_of_city_returns":0.0106,"acs_population":96988,"acs_households":41653,"acs_median_household_income":106916,"acs_median_household_income_moe":7394,"acs_mean_household_income":185788,"acs_share_households_200k":0.2941,"acs_renter_share":0.6851,"acs_median_gross_rent":1885,"acs_private_share_k12":0.3176,"acs_seasonal_units":1638,"acs_seasonal_share_of_units":0.0343,"sales_count":1898,"sales_median_price":1100000,"sales_over_5m":50,"irs_years_available":5,"acs_households_moe":1624,"acs_aggregate_income_moe":614931975},"geometry":{"type":"Polygon","coordinates":[[[-73.96701,40.78848],[-73.96985,40.78967],[-73.96959,40.79002],[-73.97235,40.79107],[-73.97255,40.79081],[-73.9771,40.79273],[-73.97662,40.79476],[-73.97609,40.79547],[-73.97419,40.79656],[-73.9741,40.79778],[-73.97374,40.79861],[-73.97261,40.7999],[-73.9713,40.80093],[-73.96933,40.80364],[-73.96701,40.80761],[-73.96581,40.80884],[-73.9639,40.808],[-73.96485,40.80671],[-73.96201,40.80551],[-73.96155,40.80613],[-73.95983,40.80544],[-73.95795,40.80805],[-73.95717,40.80956],[-73.95726,40.81012],[-73.95828,40.81063],[-73.95781,40.81127],[-73.95497,40.81006],[-73.95818,40.8056],[-73.95825,40.80311],[-73.96007,40.80058],[-73.95862,40.79997],[-73.96701,40.78848]],[[-73.96201,40.80551],[-73.96248,40.80488],[-73.96032,40.80399],[-73.96007,40.80471],[-73.96201,40.80551]]]}},{"type":"Feature","properties":{"irs_share_of_city_investment_2022":0.0019,"irs_income_per_household_2022":93397,"irs_agi_annual_2022":2277670548,"irs_investment_annual_2022":162111762,"irs_investment_share_2022":0.0712,"irs_returns_annual":26746,"zip":"10027","name":"Morningside Heights","borough":"Manhattan","zips_included":"10027, 10115","irs_returns":26480,"irs_agi_per_return":77352,"irs_wages_per_return":58834,"irs_capital_income_per_return":5505,"irs_investment_income_annual":147238400,"irs_capital_gains_per_return":3726,"irs_partnership_per_return":2865,"irs_capital_share_of_agi":0.0712,"irs_top_share_of_returns":0.0711,"irs_top_agi_per_return":475729,"irs_top_share_of_agi":0.4374,"irs_share_of_city_capital_income":0.0019,"irs_share_of_city_returns":0.0065,"acs_population":65806,"acs_households":24387,"acs_median_household_income":63125,"acs_median_household_income_moe":7297,"acs_mean_household_income":112696,"acs_share_households_200k":0.1524,"acs_renter_share":0.8668,"acs_median_gross_rent":1523,"acs_private_share_k12":0.1438,"acs_seasonal_units":92,"acs_seasonal_share_of_units":0.0034,"sales_count":617,"sales_median_price":985000,"sales_over_5m":6,"irs_years_available":5,"acs_households_moe":947,"acs_aggregate_income_moe":null},"geometry":{"type":"Polygon","coordinates":[[[-73.96581,40.80884],[-73.96223,40.81367],[-73.96154,40.81495],[-73.96124,40.81588],[-73.96123,40.81674],[-73.96069,40.81751],[-73.96203,40.81809],[-73.96,40.82038],[-73.95602,40.8188],[-73.95556,40.81943],[-73.95534,40.81933],[-73.95527,40.8189],[-73.95343,40.8181],[-73.95365,40.81779],[-73.95227,40.81722],[-73.95177,40.81791],[-73.95088,40.81839],[-73.94973,40.81792],[-73.94835,40.81905],[-73.94755,40.82022],[-73.9479,40.82119],[-73.94854,40.82149],[-73.94808,40.82211],[-73.94608,40.82126],[-73.94868,40.81569],[-73.94703,40.81502],[-73.94723,40.81473],[-73.94546,40.81396],[-73.94465,40.81401],[-73.9451,40.81339],[-73.94442,40.8135],[-73.94296,40.81287],[-73.94271,40.8132],[-73.9418,40.81281],[-73.94332,40.81074],[-73.94088,40.80957],[-73.9411,40.80926],[-73.9404,40.80896],[-73.94275,40.80574],[-73.9443,40.80639],[-73.9457,40.80451],[-73.94613,40.80388],[-73.9446,40.80322],[-73.94476,40.803],[-73.94755,40.80413],[-73.94748,40.80422],[-73.94794,40.80442],[-73.94781,40.80459],[-73.9535,40.80698],[-73.95396,40.80635],[-73.9568,40.80754],[-73.95497,40.81006],[-73.95781,40.81127],[-73.95828,40.81063],[-73.95726,40.81012],[-73.95717,40.80956],[-73.95795,40.80805],[-73.95983,40.80544],[-73.96155,40.80613],[-73.96201,40.80551],[-73.96485,40.80671],[-73.9639,40.808],[-73.96581,40.80884]]]}},{"type":"Feature","properties":{"irs_share_of_city_investment_2022":0.0489,"irs_income_per_household_2022":482181,"irs_agi_annual_2022":11784497436,"irs_investment_annual_2022":4121194018,"irs_investment_share_2022":0.3497,"irs_returns_annual":24482,"zip":"10028","name":"Upper East Side-Yorkville","borough":"Manhattan","zips_included":"10028","irs_returns":24640,"irs_agi_per_return":437607,"irs_wages_per_return":191220,"irs_capital_income_per_return":153145,"irs_investment_income_annual":3749299600,"irs_capital_gains_per_return":112184,"irs_partnership_per_return":49195,"irs_capital_share_of_agi":0.35,"irs_top_share_of_returns":0.2863,"irs_top_agi_per_return":1337511,"irs_top_share_of_agi":0.8752,"irs_share_of_city_capital_income":0.0489,"irs_share_of_city_returns":0.0059,"acs_population":45717,"acs_households":24440,"acs_median_household_income":160244,"acs_median_household_income_moe":20498,"acs_mean_household_income":270845,"acs_share_households_200k":0.4131,"acs_renter_share":0.6435,"acs_median_gross_rent":2550,"acs_private_share_k12":0.54,"acs_seasonal_units":2571,"acs_seasonal_share_of_units":0.0871,"sales_count":1522,"sales_median_price":1500000,"sales_over_5m":175,"irs_years_available":5,"acs_households_moe":1560,"acs_aggregate_income_moe":594265212},"geometry":{"type":"Polygon","coordinates":[[[-73.96323,40.77768],[-73.95992,40.78221],[-73.95671,40.78085],[-73.9572,40.78018],[-73.95559,40.7795],[-73.95174,40.77788],[-73.95125,40.77855],[-73.94663,40.77661],[-73.9468,40.77637],[-73.94495,40.77558],[-73.94527,40.77515],[-73.94477,40.77494],[-73.94573,40.77362],[-73.94442,40.77304],[-73.94749,40.77011],[-73.94767,40.7702],[-73.94706,40.77083],[-73.94994,40.77207],[-73.95018,40.7726],[-73.95149,40.77316],[-73.95136,40.77334],[-73.9536,40.77403],[-73.95383,40.77371],[-73.95456,40.77402],[-73.9541,40.77466],[-73.95633,40.7756],[-73.9568,40.77496],[-73.96323,40.77768]]]}},{"type":"Feature","properties":{"irs_share_of_city_investment_2022":0.0017,"irs_income_per_household_2022":70445,"irs_agi_annual_2022":2353302133,"irs_investment_annual_2022":145280874,"irs_investment_share_2022":0.0617,"irs_returns_annual":34834,"zip":"10029","name":"East Harlem (South)","borough":"Manhattan","zips_included":"10029","irs_returns":34730,"irs_agi_per_return":61373,"irs_wages_per_return":45587,"irs_capital_income_per_return":3796,"irs_investment_income_annual":132220400,"irs_capital_gains_per_return":2395,"irs_partnership_per_return":4173,"irs_capital_share_of_agi":0.0618,"irs_top_share_of_returns":0.031,"irs_top_agi_per_return":717540,"irs_top_share_of_agi":0.3625,"irs_share_of_city_capital_income":0.0017,"irs_share_of_city_returns":0.0084,"acs_population":75614,"acs_households":33406,"acs_median_household_income":35640,"acs_median_household_income_moe":5012,"acs_mean_household_income":73594,"acs_share_households_200k":0.0804,"acs_renter_share":0.9316,"acs_median_gross_rent":1137,"acs_private_share_k12":0.1122,"acs_seasonal_units":130,"acs_seasonal_share_of_units":0.0035,"sales_count":274,"sales_median_price":685580,"sales_over_5m":4,"irs_years_available":5,"acs_households_moe":1409,"acs_aggregate_income_moe":181838193},"geometry":{"type":"Polygon","coordinates":[[[-73.95578,40.78791],[-73.94646,40.80067],[-73.93541,40.79601],[-73.93491,40.79668],[-73.93266,40.79573],[-73.93316,40.79506],[-73.93111,40.7941],[-73.93348,40.79277],[-73.93583,40.79109],[-73.93706,40.78941],[-73.93813,40.78716],[-73.93983,40.78525],[-73.94247,40.78389],[-73.94316,40.78341],[-73.94355,40.78288],[-73.94472,40.78325],[-73.94422,40.78393],[-73.94882,40.78588],[-73.95043,40.78654],[-73.95093,40.78586],[-73.95578,40.78791]]]}},{"type":"Feature","properties":{"irs_share_of_city_investment_2022":0.0006,"irs_income_per_household_2022":70436,"irs_agi_annual_2022":1552200227,"irs_investment_annual_2022":47813695,"irs_investment_share_2022":0.0308,"irs_returns_annual":28322,"zip":"10031","name":"Hamilton Heights-Sugar Hill","borough":"Manhattan","zips_included":"10031","irs_returns":27260,"irs_agi_per_return":49698,"irs_wages_per_return":40577,"irs_capital_income_per_return":1519,"irs_investment_income_annual":43033400,"irs_capital_gains_per_return":1085,"irs_partnership_per_return":828,"irs_capital_share_of_agi":0.0306,"irs_top_share_of_returns":0.0202,"irs_top_agi_per_return":437084,"irs_top_share_of_agi":0.1776,"irs_share_of_city_capital_income":0.0006,"irs_share_of_city_returns":0.0069,"acs_population":61044,"acs_households":22037,"acs_median_household_income":64807,"acs_median_household_income_moe":3666,"acs_mean_household_income":94723,"acs_share_households_200k":0.1105,"acs_renter_share":0.8699,"acs_median_gross_rent":1794,"acs_private_share_k12":0.0873,"acs_seasonal_units":51,"acs_seasonal_share_of_units":0.0021,"sales_count":222,"sales_median_price":550000,"sales_over_5m":0,"irs_years_available":5,"acs_households_moe":813,"acs_aggregate_income_moe":155063214},"geometry":{"type":"Polygon","coordinates":[[[-73.96,40.82038],[-73.95982,40.8203],[-73.95794,40.82277],[-73.95955,40.82369],[-73.95726,40.82712],[-73.95695,40.827],[-73.95632,40.82794],[-73.95504,40.82741],[-73.9547,40.82792],[-73.95454,40.82786],[-73.95015,40.8344],[-73.94971,40.83445],[-73.94919,40.83421],[-73.94971,40.8327],[-73.94195,40.82943],[-73.94108,40.82908],[-73.94014,40.83037],[-73.93864,40.82974],[-73.93925,40.8283],[-73.94293,40.82326],[-73.94475,40.82403],[-73.94608,40.82126],[-73.94808,40.82211],[-73.94854,40.82149],[-73.9479,40.82119],[-73.94758,40.82013],[-73.94845,40.81894],[-73.94973,40.81792],[-73.95088,40.81839],[-73.95177,40.81791],[-73.95227,40.81722],[-73.95365,40.81779],[-73.95343,40.8181],[-73.95527,40.8189],[-73.95534,40.81933],[-73.95556,40.81943],[-73.95602,40.8188],[-73.95942,40.82024],[-73.95985,40.82026],[-73.96,40.82038]]]}},{"type":"Feature","properties":{"irs_share_of_city_investment_2022":0.0004,"irs_income_per_household_2022":64069,"irs_agi_annual_2022":1427774058,"irs_investment_annual_2022":32680126,"irs_investment_share_2022":0.0229,"irs_returns_annual":28490,"zip":"10032","name":"Washington Heights (South)","borough":"Manhattan","zips_included":"10032","irs_returns":27390,"irs_agi_per_return":45449,"irs_wages_per_return":37309,"irs_capital_income_per_return":1042,"irs_investment_income_annual":29679000,"irs_capital_gains_per_return":693,"irs_partnership_per_return":467,"irs_capital_share_of_agi":0.0229,"irs_top_share_of_returns":0.0166,"irs_top_agi_per_return":351657,"irs_top_share_of_agi":0.1282,"irs_share_of_city_capital_income":0.0004,"irs_share_of_city_returns":0.0069,"acs_population":60480,"acs_households":22285,"acs_median_household_income":56752,"acs_median_household_income_moe":5909,"acs_mean_household_income":80334,"acs_share_households_200k":0.0591,"acs_renter_share":0.9071,"acs_median_gross_rent":1519,"acs_private_share_k12":0.0601,"acs_seasonal_units":221,"acs_seasonal_share_of_units":0.0091,"sales_count":165,"sales_median_price":550000,"sales_over_5m":0,"irs_years_available":5,"acs_households_moe":1079,"acs_aggregate_income_moe":202145645},"geometry":{"type":"MultiPolygon","coordinates":[[[[-73.93504,40.84002],[-73.93512,40.83917],[-73.93638,40.83785],[-73.93805,40.83429],[-73.93948,40.83301],[-73.94026,40.83184],[-73.94035,40.83046],[-73.94014,40.83037],[-73.94108,40.82908],[-73.94971,40.8327],[-73.94919,40.83421],[-73.94971,40.83445],[-73.95015,40.8344],[-73.94954,40.8366],[-73.94928,40.83674],[-73.94954,40.83688],[-73.94856,40.83957],[-73.94739,40.84194],[-73.94613,40.84389],[-73.94618,40.84539],[-73.94651,40.84599],[-73.94635,40.84624],[-73.94682,40.84713],[-73.94664,40.84891],[-73.94702,40.85004],[-73.94692,40.85053],[-73.94318,40.8498],[-73.94462,40.84604],[-73.94465,40.84565],[-73.94421,40.84581],[-73.94392,40.84565],[-73.94374,40.84541],[-73.94378,40.84505],[-73.94343,40.84512],[-73.94315,40.84557],[-73.94234,40.84533],[-73.94261,40.84624],[-73.94052,40.84537],[-73.93898,40.84473],[-73.93885,40.84468],[-73.93467,40.84296],[-73.93564,40.8415],[-73.93504,40.84002]]],[[[-73.94024,40.84605],[-73.93868,40.84544],[-73.93885,40.84468],[-73.94052,40.84537],[-73.94024,40.84605]]]]}},{"type":"Feature","properties":{"irs_share_of_city_investment_2022":0.0007,"irs_income_per_household_2022":74862,"irs_agi_annual_2022":1536238488,"irs_investment_annual_2022":60610682,"irs_investment_share_2022":0.0395,"irs_returns_annual":26222,"zip":"10033","name":"Washington Heights (North)","borough":"Manhattan","zips_included":"10033","irs_returns":25210,"irs_agi_per_return":53133,"irs_wages_per_return":41575,"irs_capital_income_per_return":2092,"irs_investment_income_annual":54847800,"irs_capital_gains_per_return":1248,"irs_partnership_per_return":937,"irs_capital_share_of_agi":0.0394,"irs_top_share_of_returns":0.0334,"irs_top_agi_per_return":355194,"irs_top_share_of_agi":0.2233,"irs_share_of_city_capital_income":0.0007,"irs_share_of_city_returns":0.0064,"acs_population":58711,"acs_households":20521,"acs_median_household_income":77209,"acs_median_household_income_moe":5554,"acs_mean_household_income":119149,"acs_share_households_200k":0.1304,"acs_renter_share":0.8527,"acs_median_gross_rent":1674,"acs_private_share_k12":0.2209,"acs_seasonal_units":172,"acs_seasonal_share_of_units":0.0078,"sales_count":282,"sales_median_price":545500,"sales_over_5m":2,"irs_years_available":5,"acs_households_moe":1020,"acs_aggregate_income_moe":668376406},"geometry":{"type":"Polygon","coordinates":[[[-73.92938,40.84571],[-73.93204,40.84653],[-73.93467,40.84296],[-73.93885,40.84468],[-73.93868,40.84544],[-73.94024,40.84605],[-73.94052,40.84537],[-73.94261,40.84624],[-73.94234,40.84533],[-73.94328,40.84554],[-73.94338,40.84518],[-73.94363,40.84505],[-73.94378,40.84505],[-73.94374,40.84541],[-73.94406,40.84576],[-73.94465,40.84565],[-73.94431,40.84702],[-73.94319,40.84953],[-73.9429,40.851],[-73.94159,40.85235],[-73.93901,40.85611],[-73.9378,40.85542],[-73.9337,40.85417],[-73.92815,40.85186],[-73.92469,40.85664],[-73.92479,40.85749],[-73.92519,40.85802],[-73.92617,40.85815],[-73.92664,40.85793],[-73.92691,40.85751],[-73.92712,40.85811],[-73.92677,40.85892],[-73.92529,40.86013],[-73.92493,40.86111],[-73.92513,40.86145],[-73.92474,40.86159],[-73.92296,40.85891],[-73.92283,40.85685],[-73.92205,40.85685],[-73.92238,40.85658],[-73.92228,40.85566],[-73.92938,40.84571]]]}},{"type":"Feature","properties":{"irs_share_of_city_investment_2022":0.0004,"irs_income_per_household_2022":71209,"irs_agi_annual_2022":1130728572,"irs_investment_annual_2022":30056064,"irs_investment_share_2022":0.0266,"irs_returns_annual":19564,"zip":"10034","name":"Inwood","borough":"Manhattan","zips_included":"10034","irs_returns":18690,"irs_agi_per_return":52362,"irs_wages_per_return":41396,"irs_capital_income_per_return":1391,"irs_investment_income_annual":27205000,"irs_capital_gains_per_return":844,"irs_partnership_per_return":585,"irs_capital_share_of_agi":0.0266,"irs_top_share_of_returns":0.0237,"irs_top_agi_per_return":423642,"irs_top_share_of_agi":0.1919,"irs_share_of_city_capital_income":0.0004,"irs_share_of_city_returns":0.0047,"acs_population":41570,"acs_households":15879,"acs_median_household_income":65109,"acs_median_household_income_moe":6102,"acs_mean_household_income":87559,"acs_share_households_200k":0.0728,"acs_renter_share":0.9087,"acs_median_gross_rent":1588,"acs_private_share_k12":0.1524,"acs_seasonal_units":105,"acs_seasonal_share_of_units":0.0062,"sales_count":185,"sales_median_price":415740,"sales_over_5m":0,"irs_years_available":5,"acs_households_moe":619,"acs_aggregate_income_moe":107210242},"geometry":{"type":"Polygon","coordinates":[[[-73.94318,40.8498],[-73.94692,40.85053],[-73.9465,40.85098],[-73.94627,40.85084],[-73.94612,40.85117],[-73.94565,40.85121],[-73.94467,40.85192],[-73.94433,40.85182],[-73.94348,40.85228],[-73.94187,40.85387],[-73.9403,40.85664],[-73.93911,40.85804],[-73.93831,40.85938],[-73.93753,40.8601],[-73.93647,40.86193],[-73.93402,40.86503],[-73.93252,40.86741],[-73.93225,40.86868],[-73.93257,40.86905],[-73.93205,40.8696],[-73.93221,40.87009],[-73.93192,40.87113],[-73.92918,40.87556],[-73.92815,40.87652],[-73.92753,40.87671],[-73.92648,40.87762],[-73.9263,40.87756],[-73.92644,40.87722],[-73.9262,40.87706],[-73.92555,40.8771],[-73.92474,40.87744],[-73.9233,40.87726],[-73.92238,40.87676],[-73.92268,40.87486],[-73.92253,40.87418],[-73.92198,40.8735],[-73.92125,40.87309],[-73.92055,40.873],[-73.91979,40.87361],[-73.92061,40.8742],[-73.92114,40.87505],[-73.9209,40.87547],[-73.91886,40.87464],[-73.91919,40.87419],[-73.91929,40.87365],[-73.91872,40.87325],[-73.91839,40.87321],[-73.9186,40.8735],[-73.91698,40.87433],[-73.91634,40.87453],[-73.91522,40.87449],[-73.91229,40.87363],[-73.9113,40.87309],[-73.91065,40.8723],[-73.91043,40.87138],[-73.91072,40.87095],[-73.91085,40.86965],[-73.91095,40.86941],[-73.91147,40.86948],[-73.91103,40.86915],[-73.91185,40.86767],[-73.91273,40.86661],[-73.91255,40.86651],[-73.91392,40.86475],[-73.91492,40.86458],[-73.91441,40.86417],[-73.91507,40.86445],[-73.9159,40.86431],[-73.91587,40.86413],[-73.9152,40.86395],[-73.91518,40.86368],[-73.91549,40.8633],[-73.91539,40.86308],[-73.9173,40.86168],[-73.9195,40.85879],[-73.92048,40.8591],[-73.92127,40.86019],[-73.92159,40.86008],[-73.92187,40.8592],[-73.92131,40.8589],[-73.92092,40.85822],[-73.92114,40.85755],[-73.92158,40.85729],[-73.92156,40.85709],[-73.92205,40.85685],[-73.92283,40.85685],[-73.92296,40.85891],[-73.92662,40.86453],[-73.92439,40.86536],[-73.925,40.86634],[-73.92727,40.86554],[-73.92889,40.86466],[-73.92954,40.86409],[-73.93005,40.86334],[-73.93007,40.86187],[-73.93131,40.85933],[-73.93206,40.85953],[-73.934,40.85941],[-73.93287,40.85996],[-73.93259,40.86037],[-73.93243,40.86122],[-73.93274,40.86294],[-73.9338,40.86293],[-73.93474,40.86166],[-73.93541,40.85992],[-73.93692,40.8587],[-73.9398,40.85517],[-73.94038,40.85402],[-73.94159,40.85235],[-73.9428,40.85117],[-73.94318,40.8498]]]}},{"type":"Feature","properties":{"irs_share_of_city_investment_2022":0.0001,"irs_income_per_household_2022":62406,"irs_agi_annual_2022":630491690,"irs_investment_annual_2022":9079595,"irs_investment_share_2022":0.0144,"irs_returns_annual":10172,"zip":"10037","name":"Harlem (North)","borough":"Manhattan","zips_included":"10037","irs_returns":9570,"irs_agi_per_return":56164,"irs_wages_per_return":44913,"irs_capital_income_per_return":810,"irs_investment_income_annual":8236200,"irs_capital_gains_per_return":537,"irs_partnership_per_return":637,"irs_capital_share_of_agi":0.0144,"irs_top_share_of_returns":0.0216,"irs_top_agi_per_return":353785,"irs_top_share_of_agi":0.1362,"irs_share_of_city_capital_income":0.0001,"irs_share_of_city_returns":0.0025,"acs_population":19138,"acs_households":10103,"acs_median_household_income":50177,"acs_median_household_income_moe":9896,"acs_mean_household_income":79169,"acs_share_households_200k":0.0764,"acs_renter_share":0.9324,"acs_median_gross_rent":1470,"acs_private_share_k12":0.0847,"acs_seasonal_units":19,"acs_seasonal_share_of_units":0.0017,"sales_count":49,"sales_median_price":338500,"sales_over_5m":1,"irs_years_available":5,"acs_households_moe":646,"acs_aggregate_income_moe":96039187},"geometry":{"type":"Polygon","coordinates":[[[-73.94324,40.81071],[-73.94135,40.81344],[-73.94311,40.81418],[-73.94283,40.81417],[-73.94264,40.81486],[-73.94085,40.81411],[-73.93718,40.81914],[-73.93426,40.81791],[-73.9344,40.81967],[-73.93383,40.81949],[-73.93383,40.81559],[-73.93401,40.81448],[-73.93386,40.81448],[-73.93386,40.81425],[-73.93434,40.80956],[-73.93412,40.80866],[-73.93326,40.80724],[-73.93492,40.80668],[-73.93556,40.80692],[-73.9351,40.80754],[-73.93995,40.80958],[-73.9404,40.80896],[-73.9411,40.80926],[-73.94088,40.80957],[-73.94324,40.81071]]]}},{"type":"Feature","properties":{"irs_share_of_city_investment_2022":0.0004,"irs_income_per_household_2022":63059,"irs_agi_annual_2022":935355144,"irs_investment_annual_2022":30068305,"irs_investment_share_2022":0.0321,"irs_returns_annual":15258,"zip":"10035","name":"East Harlem (North)","borough":"Manhattan","zips_included":"10035","irs_returns":14850,"irs_agi_per_return":55640,"irs_wages_per_return":45255,"irs_capital_income_per_return":1776,"irs_investment_income_annual":27091200,"irs_capital_gains_per_return":1273,"irs_partnership_per_return":1144,"irs_capital_share_of_agi":0.0319,"irs_top_share_of_returns":0.0322,"irs_top_agi_per_return":445569,"irs_top_share_of_agi":0.2582,"irs_share_of_city_capital_income":0.0004,"irs_share_of_city_returns":0.0037,"acs_population":38595,"acs_households":14833,"acs_median_household_income":36989,"acs_median_household_income_moe":6345,"acs_mean_household_income":70127,"acs_share_households_200k":0.0628,"acs_renter_share":0.9026,"acs_median_gross_rent":1116,"acs_private_share_k12":0.1249,"acs_seasonal_units":36,"acs_seasonal_share_of_units":0.0022,"sales_count":134,"sales_median_price":625000,"sales_over_5m":2,"irs_years_available":5,"acs_households_moe":783,"acs_aggregate_income_moe":118183211},"geometry":{"type":"MultiPolygon","coordinates":[[[[-73.94646,40.80067],[-73.9446,40.80322],[-73.94613,40.80388],[-73.9457,40.80451],[-73.9443,40.80639],[-73.94275,40.80574],[-73.93995,40.80958],[-73.9351,40.80754],[-73.93556,40.80692],[-73.93492,40.80668],[-73.93326,40.80724],[-73.93116,40.80497],[-73.93001,40.80329],[-73.92921,40.80115],[-73.92903,40.80108],[-73.9289,40.79986],[-73.92904,40.79677],[-73.92928,40.79585],[-73.92983,40.79495],[-73.93111,40.7941],[-73.93316,40.79506],[-73.93266,40.79573],[-73.93491,40.79668],[-73.93541,40.79601],[-73.94646,40.80067]]],[[[-73.92754,40.78105],[-73.92849,40.78101],[-73.93105,40.7824],[-73.93502,40.78301],[-73.93598,40.78394],[-73.93606,40.78451],[-73.93572,40.78568],[-73.93269,40.78918],[-73.9324,40.78972],[-73.93224,40.7897],[-73.93084,40.79099],[-73.92972,40.79136],[-73.92808,40.79083],[-73.9261,40.79073],[-73.92616,40.79171],[-73.92657,40.79186],[-73.9256,40.79189],[-73.92674,40.79193],[-73.92637,40.79166],[-73.92649,40.79102],[-73.92779,40.79094],[-73.9279,40.79109],[-73.92714,40.79193],[-73.9278,40.792],[-73.92827,40.79233],[-73.92833,40.7931],[-73.92736,40.79446],[-73.92694,40.7955],[-73.92695,40.79671],[-73.92744,40.79771],[-73.92727,40.79892],[-73.92688,40.79994],[-73.92651,40.80038],[-73.92669,40.80045],[-73.92549,40.80196],[-73.92263,40.80187],[-73.92191,40.8015],[-73.92032,40.79938],[-73.91663,40.79786],[-73.91546,40.79706],[-73.91381,40.79451],[-73.91379,40.79383],[-73.91514,40.79201],[-73.9163,40.79112],[-73.91617,40.79101],[-73.91687,40.79036],[-73.91711,40.79047],[-73.91856,40.78969],[-73.91851,40.78942],[-73.92219,40.78551],[-73.92306,40.78335],[-73.92448,40.78232],[-73.92572,40.78218],[-73.92754,40.78105]]]]}},{"type":"Feature","properties":{"irs_share_of_city_investment_2022":0.025,"irs_income_per_household_2022":261708,"irs_agi_annual_2022":4950466507,"irs_investment_annual_2022":2101683260,"irs_investment_share_2022":0.4245,"irs_returns_annual":18356,"zip":"10036","name":"Hell's Kitchen","borough":"Manhattan","zips_included":"10036, 10110","irs_returns":18160,"irs_agi_per_return":244969,"irs_wages_per_return":112236,"irs_capital_income_per_return":103745,"irs_investment_income_annual":1904339600,"irs_capital_gains_per_return":78320,"irs_partnership_per_return":3602,"irs_capital_share_of_agi":0.4235,"irs_top_share_of_returns":0.1762,"irs_top_agi_per_return":1074828,"irs_top_share_of_agi":0.773,"irs_share_of_city_capital_income":0.0249,"irs_share_of_city_returns":0.0045,"acs_population":30930,"acs_households":18916,"acs_median_household_income":102287,"acs_median_household_income_moe":13577,"acs_mean_household_income":148933,"acs_share_households_200k":0.2244,"acs_renter_share":0.9174,"acs_median_gross_rent":2269,"acs_private_share_k12":0.0805,"acs_seasonal_units":590,"acs_seasonal_share_of_units":0.0262,"sales_count":517,"sales_median_price":950000,"sales_over_5m":1,"irs_years_available":5,"acs_households_moe":1096,"acs_aggregate_income_moe":null},"geometry":{"type":"Polygon","coordinates":[[[-74.00174,40.76139],[-73.99918,40.76351],[-73.99768,40.76553],[-73.99555,40.76462],[-73.99509,40.76526],[-73.99295,40.76436],[-73.99343,40.76373],[-73.98701,40.76104],[-73.98656,40.76166],[-73.98451,40.76079],[-73.98484,40.76012],[-73.97812,40.75728],[-73.98182,40.75219],[-73.98504,40.75356],[-73.9846,40.75418],[-73.99438,40.75838],[-73.99482,40.75767],[-73.99641,40.75834],[-73.9968,40.75779],[-73.99861,40.75874],[-73.99812,40.75878],[-73.99813,40.75904],[-73.99755,40.75882],[-73.99694,40.75938],[-74.00174,40.76139]]]}},{"type":"Feature","properties":{"irs_share_of_city_investment_2022":0.0037,"irs_income_per_household_2022":211541,"irs_agi_annual_2022":2252061932,"irs_investment_annual_2022":314601323,"irs_investment_share_2022":0.1397,"irs_returns_annual":12096,"zip":"10038","name":"Financial District-Battery Park City","borough":"Manhattan","zips_included":"10038","irs_returns":11990,"irs_agi_per_return":169659,"irs_wages_per_return":120513,"irs_capital_income_per_return":23963,"irs_investment_income_annual":289856200,"irs_capital_gains_per_return":17786,"irs_partnership_per_return":10974,"irs_capital_share_of_agi":0.1412,"irs_top_share_of_returns":0.1893,"irs_top_agi_per_return":616436,"irs_top_share_of_agi":0.6879,"irs_share_of_city_capital_income":0.0038,"irs_share_of_city_returns":0.0029,"acs_population":23343,"acs_households":10646,"acs_median_household_income":99641,"acs_median_household_income_moe":15968,"acs_mean_household_income":151912,"acs_share_households_200k":0.2724,"acs_renter_share":0.7314,"acs_median_gross_rent":3082,"acs_private_share_k12":0.1003,"acs_seasonal_units":467,"acs_seasonal_share_of_units":0.0369,"sales_count":382,"sales_median_price":900000,"sales_over_5m":14,"irs_years_available":5,"acs_households_moe":835,"acs_aggregate_income_moe":225457548},"geometry":{"type":"Polygon","coordinates":[[[-74.01054,40.70915],[-74.0086,40.71139],[-74.00544,40.71214],[-74.0044,40.71183],[-74.00377,40.71188],[-74.00271,40.71259],[-74.00089,40.71302],[-74.00045,40.71436],[-73.9996,40.71445],[-73.99956,40.71392],[-73.99858,40.71347],[-73.9975,40.71407],[-73.99639,40.70975],[-73.99621,40.70977],[-73.99606,40.7092],[-73.99402,40.70949],[-73.99414,40.71056],[-73.99219,40.71089],[-73.99198,40.71091],[-73.99178,40.70983],[-73.99205,40.70978],[-73.99191,40.70953],[-73.99728,40.70873],[-73.99853,40.70833],[-74.00276,40.70614],[-74.0076,40.70299],[-74.00783,40.70309],[-74.00457,40.70515],[-74.00475,40.70523],[-74.00519,40.70495],[-74.00601,40.70545],[-74.00553,40.70579],[-74.00678,40.70673],[-74.00713,40.70637],[-74.00864,40.70734],[-74.00801,40.70798],[-74.00913,40.7093],[-74.00966,40.70876],[-74.01054,40.70915]]]}},{"type":"Feature","properties":{"irs_share_of_city_investment_2022":0.0005,"irs_income_per_household_2022":70825,"irs_agi_annual_2022":1171514959,"irs_investment_annual_2022":38263325,"irs_investment_share_2022":0.0327,"irs_returns_annual":20960,"zip":"10040","name":"Washington Heights (North)","borough":"Manhattan","zips_included":"10040","irs_returns":20070,"irs_agi_per_return":50671,"irs_wages_per_return":40245,"irs_capital_income_per_return":1654,"irs_investment_income_annual":34676600,"irs_capital_gains_per_return":925,"irs_partnership_per_return":625,"irs_capital_share_of_agi":0.0327,"irs_top_share_of_returns":0.0258,"irs_top_agi_per_return":340017,"irs_top_share_of_agi":0.1729,"irs_share_of_city_capital_income":0.0005,"irs_share_of_city_returns":0.0051,"acs_population":43653,"acs_households":16541,"acs_median_household_income":59115,"acs_median_household_income_moe":4392,"acs_mean_household_income":84402,"acs_share_households_200k":0.0796,"acs_renter_share":0.8524,"acs_median_gross_rent":1623,"acs_private_share_k12":0.1367,"acs_seasonal_units":117,"acs_seasonal_share_of_units":0.0067,"sales_count":182,"sales_median_price":419250,"sales_over_5m":0,"irs_years_available":5,"acs_households_moe":765,"acs_aggregate_income_moe":118261638},"geometry":{"type":"Polygon","coordinates":[[[-73.93901,40.85611],[-73.93673,40.85891],[-73.93541,40.85992],[-73.93474,40.86166],[-73.93376,40.86296],[-73.93274,40.86294],[-73.93244,40.86109],[-73.93287,40.85996],[-73.934,40.85941],[-73.93206,40.85953],[-73.93131,40.85933],[-73.93007,40.86187],[-73.93005,40.86334],[-73.92954,40.86409],[-73.92889,40.86466],[-73.92727,40.86554],[-73.925,40.86634],[-73.92439,40.86536],[-73.92662,40.86453],[-73.92474,40.86159],[-73.92513,40.86145],[-73.92493,40.86111],[-73.92529,40.86013],[-73.92677,40.85892],[-73.92712,40.85811],[-73.92691,40.85751],[-73.92664,40.85793],[-73.92617,40.85815],[-73.92519,40.85802],[-73.92479,40.85749],[-73.92469,40.85664],[-73.92815,40.85186],[-73.9337,40.85417],[-73.9378,40.85542],[-73.93901,40.85611]]]}},{"type":"Feature","properties":{"irs_share_of_city_investment_2022":0.0006,"irs_income_per_household_2022":96824,"irs_agi_annual_2022":1161020076,"irs_investment_annual_2022":52690854,"irs_investment_share_2022":0.0454,"irs_returns_annual":14854,"zip":"11104","name":"Sunnyside","borough":"Queens","zips_included":"11104","irs_returns":14560,"irs_agi_per_return":70972,"irs_wages_per_return":56774,"irs_capital_income_per_return":3217,"irs_investment_income_annual":47778000,"irs_capital_gains_per_return":2209,"irs_partnership_per_return":1005,"irs_capital_share_of_agi":0.0453,"irs_top_share_of_returns":0.0438,"irs_top_agi_per_return":403975,"irs_top_share_of_agi":0.2491,"irs_share_of_city_capital_income":0.0006,"irs_share_of_city_returns":0.0036,"acs_population":26939,"acs_households":11991,"acs_median_household_income":83493,"acs_median_household_income_moe":6890,"acs_mean_household_income":100703,"acs_share_households_200k":0.1102,"acs_renter_share":0.7985,"acs_median_gross_rent":1908,"acs_private_share_k12":0.0726,"acs_seasonal_units":201,"acs_seasonal_share_of_units":0.0153,"sales_count":276,"sales_median_price":463500,"sales_over_5m":0,"irs_years_available":5,"acs_households_moe":479,"acs_aggregate_income_moe":74769730},"geometry":{"type":"Polygon","coordinates":[[[-73.92397,40.73578],[-73.92764,40.73661],[-73.92547,40.74743],[-73.9208,40.74689],[-73.92027,40.74956],[-73.90984,40.75164],[-73.90945,40.75066],[-73.91016,40.7485],[-73.91374,40.74893],[-73.91379,40.74871],[-73.91472,40.74879],[-73.91557,40.74458],[-73.91464,40.74447],[-73.91495,40.74293],[-73.91681,40.74311],[-73.91689,40.74278],[-73.91992,40.74181],[-73.92003,40.74126],[-73.92096,40.74136],[-73.92304,40.74043],[-73.92397,40.73578]]]}},{"type":"Feature","properties":{"irs_share_of_city_investment_2022":0.0007,"irs_income_per_household_2022":97343,"irs_agi_annual_2022":1542985124,"irs_investment_annual_2022":62844082,"irs_investment_share_2022":0.0407,"irs_returns_annual":19410,"zip":"11105","name":"Astoria (North)-Ditmars-Steinway","borough":"Queens","zips_included":"11105","irs_returns":19130,"irs_agi_per_return":72230,"irs_wages_per_return":57297,"irs_capital_income_per_return":2948,"irs_investment_income_annual":57228000,"irs_capital_gains_per_return":1941,"irs_partnership_per_return":2334,"irs_capital_share_of_agi":0.0408,"irs_top_share_of_returns":0.0535,"irs_top_agi_per_return":356520,"irs_top_share_of_agi":0.264,"irs_share_of_city_capital_income":0.0007,"irs_share_of_city_returns":0.0047,"acs_population":38756,"acs_households":15851,"acs_median_household_income":97233,"acs_median_household_income_moe":7305,"acs_mean_household_income":119098,"acs_share_households_200k":0.1332,"acs_renter_share":0.7278,"acs_median_gross_rent":2162,"acs_private_share_k12":0.1326,"acs_seasonal_units":130,"acs_seasonal_share_of_units":0.0074,"sales_count":383,"sales_median_price":1195000,"sales_over_5m":0,"irs_years_available":5,"acs_households_moe":550,"acs_aggregate_income_moe":104794252},"geometry":{"type":"Polygon","coordinates":[[[-73.90066,40.76721],[-73.90414,40.76752],[-73.90578,40.76803],[-73.91094,40.76885],[-73.91024,40.76943],[-73.91167,40.76965],[-73.92152,40.77661],[-73.92086,40.77716],[-73.92199,40.77795],[-73.91797,40.78126],[-73.91997,40.78263],[-73.91819,40.78393],[-73.91717,40.78419],[-73.91718,40.78455],[-73.91683,40.78519],[-73.91575,40.78611],[-73.91526,40.78619],[-73.91559,40.78643],[-73.9126,40.78938],[-73.91223,40.78918],[-73.91195,40.7894],[-73.91208,40.78952],[-73.91125,40.78974],[-73.91113,40.79012],[-73.90986,40.79094],[-73.90678,40.79038],[-73.90647,40.79018],[-73.90206,40.78949],[-73.90033,40.78901],[-73.89694,40.78662],[-73.89583,40.78522],[-73.89875,40.78278],[-73.90115,40.78271],[-73.90218,40.78178],[-73.90267,40.7806],[-73.90258,40.78029],[-73.90234,40.78019],[-73.90218,40.78036],[-73.90204,40.7812],[-73.90129,40.78186],[-73.90035,40.78216],[-73.89866,40.782],[-73.8962,40.78324],[-73.89477,40.78225],[-73.89542,40.78172],[-73.89528,40.78154],[-73.89409,40.78247],[-73.8917,40.78088],[-73.89158,40.78064],[-73.89254,40.77977],[-73.89248,40.77952],[-73.89167,40.77949],[-73.89119,40.77857],[-73.89286,40.77716],[-73.89235,40.77585],[-73.89274,40.77398],[-73.89289,40.77381],[-73.8937,40.77423],[-73.89593,40.77241],[-73.89573,40.77227],[-73.89602,40.77186],[-73.89776,40.7704],[-73.8981,40.77064],[-73.90033,40.76881],[-73.89962,40.7683],[-73.90051,40.76757],[-73.90066,40.76721]]]}},{"type":"Feature","properties":{"irs_share_of_city_investment_2022":0.0001,"irs_income_per_household_2022":54948,"irs_agi_annual_2022":669101783,"irs_investment_annual_2022":8119599,"irs_investment_share_2022":0.0121,"irs_returns_annual":13050,"zip":"10039","name":"Harlem (North)","borough":"Manhattan","zips_included":"10039","irs_returns":12390,"irs_agi_per_return":46518,"irs_wages_per_return":38000,"irs_capital_income_per_return":566,"irs_investment_income_annual":7385600,"irs_capital_gains_per_return":352,"irs_partnership_per_return":416,"irs_capital_share_of_agi":0.0122,"irs_top_share_of_returns":0.0187,"irs_top_agi_per_return":347299,"irs_top_share_of_agi":0.1396,"irs_share_of_city_capital_income":0.0001,"irs_share_of_city_returns":0.0032,"acs_population":29887,"acs_households":12177,"acs_median_household_income":51904,"acs_median_household_income_moe":8625,"acs_mean_household_income":71332,"acs_share_households_200k":0.0388,"acs_renter_share":0.851,"acs_median_gross_rent":1158,"acs_private_share_k12":0.0548,"acs_seasonal_units":41,"acs_seasonal_share_of_units":0.0032,"sales_count":64,"sales_median_price":595000,"sales_over_5m":0,"irs_years_available":5,"acs_households_moe":726,"acs_aggregate_income_moe":82302484},"geometry":{"type":"Polygon","coordinates":[[[-73.93718,40.81914],[-73.93622,40.82044],[-73.94192,40.82284],[-73.94241,40.82217],[-73.94351,40.82263],[-73.93925,40.8283],[-73.93864,40.82974],[-73.94035,40.83046],[-73.94033,40.8317],[-73.93948,40.83301],[-73.93805,40.83429],[-73.93638,40.83785],[-73.93512,40.83917],[-73.93501,40.83985],[-73.9356,40.84117],[-73.93557,40.84171],[-73.93204,40.84653],[-73.92938,40.84571],[-73.9301,40.84456],[-73.9309,40.84254],[-73.93492,40.83523],[-73.93516,40.83268],[-73.93443,40.82704],[-73.93383,40.81949],[-73.9344,40.81967],[-73.93426,40.81791],[-73.93718,40.81914]]]}},{"type":"Feature","properties":{"irs_share_of_city_investment_2022":0.0557,"irs_income_per_household_2022":499443,"irs_agi_annual_2022":14647678380,"irs_investment_annual_2022":4689761831,"irs_investment_share_2022":0.3202,"irs_returns_annual":31688,"zip":"10128","name":"Upper East Side-Yorkville","borough":"Manhattan","zips_included":"10128","irs_returns":31800,"irs_agi_per_return":420437,"irs_wages_per_return":186280,"irs_capital_income_per_return":134848,"irs_investment_income_annual":4273069600,"irs_capital_gains_per_return":97828,"irs_partnership_per_return":37221,"irs_capital_share_of_agi":0.3207,"irs_top_share_of_returns":0.2715,"irs_top_agi_per_return":1350774,"irs_top_share_of_agi":0.8721,"irs_share_of_city_capital_income":0.0558,"irs_share_of_city_returns":0.0077,"acs_population":56695,"acs_households":29328,"acs_median_household_income":137253,"acs_median_household_income_moe":15938,"acs_mean_household_income":224663,"acs_share_households_200k":0.3408,"acs_renter_share":0.6903,"acs_median_gross_rent":2434,"acs_private_share_k12":0.5189,"acs_seasonal_units":2643,"acs_seasonal_share_of_units":0.0745,"sales_count":1564,"sales_median_price":1175000,"sales_over_5m":126,"irs_years_available":5,"acs_households_moe":1444,"acs_aggregate_income_moe":629944563},"geometry":{"type":"Polygon","coordinates":[[[-73.95992,40.78221],[-73.95578,40.78791],[-73.95093,40.78586],[-73.95043,40.78654],[-73.94422,40.78393],[-73.94472,40.78325],[-73.94355,40.78288],[-73.94387,40.78127],[-73.94322,40.77932],[-73.94301,40.77964],[-73.94272,40.77954],[-73.94254,40.77909],[-73.94289,40.77861],[-73.94238,40.77717],[-73.94207,40.77692],[-73.942,40.77619],[-73.94293,40.77468],[-73.94442,40.77304],[-73.94573,40.77362],[-73.94477,40.77494],[-73.94527,40.77515],[-73.94495,40.77558],[-73.9468,40.77637],[-73.94663,40.77661],[-73.95125,40.77855],[-73.95174,40.77788],[-73.95559,40.7795],[-73.9572,40.78018],[-73.95671,40.78085],[-73.95992,40.78221]]]}},{"type":"Feature","properties":{"irs_share_of_city_investment_2022":0.0004,"irs_income_per_household_2022":111848,"irs_agi_annual_2022":563604463,"irs_investment_annual_2022":35728620,"irs_investment_share_2022":0.0634,"irs_returns_annual":4652,"zip":"10044","name":"Upper East Side-Lenox Hill-Roosevelt Island","borough":"Manhattan","zips_included":"10044","irs_returns":4850,"irs_agi_per_return":110236,"irs_wages_per_return":89136,"irs_capital_income_per_return":6967,"irs_investment_income_annual":32408400,"irs_capital_gains_per_return":4502,"irs_partnership_per_return":1690,"irs_capital_share_of_agi":0.0632,"irs_top_share_of_returns":0.1376,"irs_top_agi_per_return":400331,"irs_top_share_of_agi":0.4996,"irs_share_of_city_capital_income":0.0004,"irs_share_of_city_returns":0.0011,"acs_population":11846,"acs_households":5039,"acs_median_household_income":120759,"acs_median_household_income_moe":23645,"acs_mean_household_income":157427,"acs_share_households_200k":0.2538,"acs_renter_share":0.7926,"acs_median_gross_rent":3082,"acs_private_share_k12":0.276,"acs_seasonal_units":125,"acs_seasonal_share_of_units":0.0212,"sales_count":118,"sales_median_price":922500,"sales_over_5m":0,"irs_years_available":5,"acs_households_moe":513,"acs_aggregate_income_moe":91807055},"geometry":{"type":"Polygon","coordinates":[[[-73.95693,40.75296],[-73.96096,40.74976],[-73.96133,40.7496],[-73.96154,40.74972],[-73.96069,40.7512],[-73.96001,40.75183],[-73.95902,40.75359],[-73.95846,40.75395],[-73.95339,40.7598],[-73.95312,40.76005],[-73.95298,40.75996],[-73.95208,40.76086],[-73.95094,40.76257],[-73.94997,40.76365],[-73.94909,40.76426],[-73.9457,40.76833],[-73.94548,40.76862],[-73.94557,40.7688],[-73.94525,40.76877],[-73.94473,40.76979],[-73.94213,40.77204],[-73.94088,40.77237],[-73.94028,40.77295],[-73.94007,40.77293],[-73.94028,40.7723],[-73.94028,40.77067],[-73.94112,40.76941],[-73.94286,40.7683],[-73.94943,40.76055],[-73.95178,40.7584],[-73.95254,40.75709],[-73.95519,40.75477],[-73.95693,40.75296]]]}},{"type":"Feature","properties":{"irs_share_of_city_investment_2022":0.0563,"irs_income_per_household_2022":602346,"irs_agi_annual_2022":9705600148,"irs_investment_annual_2022":4741436675,"irs_investment_share_2022":0.4885,"irs_returns_annual":15220,"zip":"10065","name":"Upper East Side-Lenox Hill-Roosevelt Island","borough":"Manhattan","zips_included":"10065","irs_returns":15410,"irs_agi_per_return":578757,"irs_wages_per_return":204597,"irs_capital_income_per_return":283430,"irs_investment_income_annual":4313808600,"irs_capital_gains_per_return":214157,"irs_partnership_per_return":38024,"irs_capital_share_of_agi":0.4897,"irs_top_share_of_returns":0.3179,"irs_top_agi_per_return":1654655,"irs_top_share_of_agi":0.9088,"irs_share_of_city_capital_income":0.0563,"irs_share_of_city_returns":0.0037,"acs_population":30859,"acs_households":16113,"acs_median_household_income":158276,"acs_median_household_income_moe":14319,"acs_mean_household_income":262771,"acs_share_households_200k":0.4059,"acs_renter_share":0.675,"acs_median_gross_rent":2792,"acs_private_share_k12":0.5545,"acs_seasonal_units":3723,"acs_seasonal_share_of_units":0.1675,"sales_count":1274,"sales_median_price":1350000,"sales_over_5m":117,"irs_years_available":5,"acs_households_moe":980,"acs_aggregate_income_moe":411833171},"geometry":{"type":"Polygon","coordinates":[[[-73.95634,40.76049],[-73.95664,40.76065],[-73.95801,40.75958],[-73.95881,40.75991],[-73.95926,40.75929],[-73.9627,40.76075],[-73.96244,40.76145],[-73.96343,40.76186],[-73.96388,40.76123],[-73.97256,40.7649],[-73.96844,40.77052],[-73.96362,40.76849],[-73.96408,40.76786],[-73.96162,40.76682],[-73.96116,40.76745],[-73.95516,40.76492],[-73.95562,40.76429],[-73.95356,40.76345],[-73.95249,40.7646],[-73.95231,40.76455],[-73.95442,40.76218],[-73.95634,40.76049]]]}},{"type":"Feature","properties":{"irs_share_of_city_investment_2022":0.0068,"irs_income_per_household_2022":632991,"irs_agi_annual_2022":1988857039,"irs_investment_annual_2022":575795636,"irs_investment_share_2022":0.2895,"irs_returns_annual":3220,"zip":"10069","name":"Upper West Side-Lincoln Square","borough":"Manhattan","zips_included":"10069","irs_returns":3340,"irs_agi_per_return":561036,"irs_wages_per_return":291378,"irs_capital_income_per_return":162083,"irs_investment_income_annual":521907800,"irs_capital_gains_per_return":124662,"irs_partnership_per_return":72895,"irs_capital_share_of_agi":0.2889,"irs_top_share_of_returns":0.441,"irs_top_agi_per_return":1173050,"irs_top_share_of_agi":0.9221,"irs_share_of_city_capital_income":0.0068,"irs_share_of_city_returns":0.0008,"acs_population":6259,"acs_households":3142,"acs_median_household_income":197680,"acs_median_household_income_moe":114282,"acs_mean_household_income":292930,"acs_share_households_200k":0.4714,"acs_renter_share":0.6741,"acs_median_gross_rent":3286,"acs_private_share_k12":0.5832,"acs_seasonal_units":559,"acs_seasonal_share_of_units":0.1452,"sales_count":233,"sales_median_price":1700000,"sales_over_5m":16,"irs_years_available":5,"acs_households_moe":602,"acs_aggregate_income_moe":308242171},"geometry":{"type":"Polygon","coordinates":[[[-73.98999,40.77224],[-73.99045,40.77161],[-73.99341,40.77288],[-73.9935,40.77275],[-73.99395,40.77315],[-73.99262,40.77497],[-73.99227,40.77511],[-73.99206,40.7755],[-73.99239,40.77556],[-73.99093,40.77757],[-73.9904,40.77758],[-73.98889,40.77988],[-73.98846,40.77976],[-73.98736,40.78106],[-73.98655,40.78066],[-73.98723,40.77922],[-73.9871,40.77917],[-73.98843,40.77653],[-73.98871,40.77664],[-73.98959,40.7753],[-73.98998,40.77304],[-73.99027,40.77243],[-73.98999,40.77224]]]}},{"type":"Feature","properties":{"irs_share_of_city_investment_2022":0.0347,"irs_income_per_household_2022":565497,"irs_agi_annual_2022":7767107492,"irs_investment_annual_2022":2926318483,"irs_investment_share_2022":0.3768,"irs_returns_annual":14344,"zip":"10075","name":"Upper East Side-Carnegie Hill","borough":"Manhattan","zips_included":"10075, 10162","irs_returns":14630,"irs_agi_per_return":492094,"irs_wages_per_return":196610,"irs_capital_income_per_return":185636,"irs_investment_income_annual":2662758200,"irs_capital_gains_per_return":136188,"irs_partnership_per_return":65017,"irs_capital_share_of_agi":0.3772,"irs_top_share_of_returns":0.3111,"irs_top_agi_per_return":1406934,"irs_top_share_of_agi":0.8894,"irs_share_of_city_capital_income":0.0347,"irs_share_of_city_returns":0.0035,"acs_population":25443,"acs_households":13735,"acs_median_household_income":140736,"acs_median_household_income_moe":23957,"acs_mean_household_income":272823,"acs_share_households_200k":0.3497,"acs_renter_share":0.5764,"acs_median_gross_rent":2328,"acs_private_share_k12":0.6385,"acs_seasonal_units":1289,"acs_seasonal_share_of_units":0.077,"sales_count":1185,"sales_median_price":990000,"sales_over_5m":122,"irs_years_available":5,"acs_households_moe":1068,"acs_aggregate_income_moe":798164834},"geometry":{"type":"Polygon","coordinates":[[[-73.94749,40.77011],[-73.94809,40.76948],[-73.94825,40.76957],[-73.94931,40.76837],[-73.95411,40.77039],[-73.95365,40.77103],[-73.95826,40.77297],[-73.95872,40.77233],[-73.96032,40.77301],[-73.95986,40.77364],[-73.96137,40.77428],[-73.96194,40.77369],[-73.96514,40.77504],[-73.96323,40.77768],[-73.9568,40.77496],[-73.95633,40.7756],[-73.9541,40.77466],[-73.95456,40.77402],[-73.95383,40.77371],[-73.9536,40.77403],[-73.95136,40.77334],[-73.95149,40.77316],[-73.95018,40.7726],[-73.94994,40.77207],[-73.94706,40.77083],[-73.94767,40.7702],[-73.94749,40.77011]]]}},{"type":"Feature","properties":{"irs_share_of_city_investment_2022":0.0013,"irs_income_per_household_2022":268142,"irs_agi_annual_2022":1151133861,"irs_investment_annual_2022":108298572,"irs_investment_share_2022":0.0941,"irs_returns_annual":4192,"zip":"10280","name":"Financial District-Battery Park City","borough":"Manhattan","zips_included":"10280","irs_returns":4160,"irs_agi_per_return":249489,"irs_wages_per_return":181074,"irs_capital_income_per_return":23465,"irs_investment_income_annual":98365200,"irs_capital_gains_per_return":16625,"irs_partnership_per_return":24055,"irs_capital_share_of_agi":0.0941,"irs_top_share_of_returns":0.3616,"irs_top_agi_per_return":529901,"irs_top_share_of_agi":0.7681,"irs_share_of_city_capital_income":0.0013,"irs_share_of_city_returns":0.001,"acs_population":8843,"acs_households":4293,"acs_median_household_income":206150,"acs_median_household_income_moe":61580,"acs_mean_household_income":289305,"acs_share_households_200k":0.5027,"acs_renter_share":0.6867,"acs_median_gross_rent":3501,"acs_private_share_k12":0.0414,"acs_seasonal_units":74,"acs_seasonal_share_of_units":0.0154,"sales_count":222,"sales_median_price":722500,"sales_over_5m":0,"irs_years_available":5,"acs_households_moe":655,"acs_aggregate_income_moe":249883527},"geometry":{"type":"Polygon","coordinates":[[[-74.0158,40.70135],[-74.01758,40.70331],[-74.01765,40.70401],[-74.01752,40.70435],[-74.0173,40.70437],[-74.01735,40.7046],[-74.01888,40.70473],[-74.01934,40.70607],[-74.01912,40.70698],[-74.01863,40.70714],[-74.01885,40.70697],[-74.01853,40.70692],[-74.01819,40.70782],[-74.01886,40.70805],[-74.01777,40.71283],[-74.0178,40.71235],[-74.01662,40.71216],[-74.01662,40.71276],[-74.01632,40.71341],[-74.01755,40.71361],[-74.0177,40.71305],[-74.01762,40.71365],[-74.01678,40.714],[-74.0162,40.71477],[-74.01384,40.71373],[-74.01488,40.70983],[-74.01614,40.70641],[-74.01757,40.70684],[-74.01799,40.70591],[-74.0177,40.70513],[-74.01668,40.7048],[-74.01653,40.70326],[-74.01574,40.70199],[-74.0158,40.70135]]]}},{"type":"Feature","properties":{"irs_share_of_city_investment_2022":0.0047,"irs_income_per_household_2022":614172,"irs_agi_annual_2022":1618342705,"irs_investment_annual_2022":393212331,"irs_investment_share_2022":0.243,"irs_returns_annual":2130,"zip":"10282","name":"Financial District-Battery Park City","borough":"Manhattan","zips_included":"10282","irs_returns":2140,"irs_agi_per_return":693053,"irs_wages_per_return":451960,"irs_capital_income_per_return":170470,"irs_investment_income_annual":363102000,"irs_capital_gains_per_return":144641,"irs_partnership_per_return":17356,"irs_capital_share_of_agi":0.246,"irs_top_share_of_returns":0.5718,"irs_top_agi_per_return":1148871,"irs_top_share_of_agi":0.9479,"irs_share_of_city_capital_income":0.0047,"irs_share_of_city_returns":0.0005,"acs_population":6450,"acs_households":2635,"acs_median_household_income":250001,"acs_median_household_income_moe":null,"acs_mean_household_income":462043,"acs_share_households_200k":0.6979,"acs_renter_share":0.9089,"acs_median_gross_rent":3501,"acs_private_share_k12":0.1785,"acs_seasonal_units":45,"acs_seasonal_share_of_units":0.0156,"sales_count":51,"sales_median_price":1863398,"sales_over_5m":2,"irs_years_available":5,"acs_households_moe":333,"acs_aggregate_income_moe":289690077},"geometry":{"type":"Polygon","coordinates":[[[-74.01762,40.71365],[-74.0167,40.71865],[-74.01321,40.71831],[-74.01303,40.71913],[-74.01244,40.71906],[-74.01384,40.71373],[-74.0162,40.71477],[-74.01678,40.714],[-74.01762,40.71365]]]}},{"type":"Feature","properties":{"irs_share_of_city_investment_2022":0.0014,"irs_income_per_household_2022":109937,"irs_agi_annual_2022":1583097619,"irs_investment_annual_2022":119998921,"irs_investment_share_2022":0.0758,"irs_returns_annual":18416,"zip":"10301","name":"West New Brighton-Silver Lake-Grymes Hill","borough":"Staten Island","zips_included":"10301","irs_returns":18080,"irs_agi_per_return":77984,"irs_wages_per_return":54069,"irs_capital_income_per_return":5887,"irs_investment_income_annual":108416200,"irs_capital_gains_per_return":4096,"irs_partnership_per_return":3105,"irs_capital_share_of_agi":0.0755,"irs_top_share_of_returns":0.0619,"irs_top_agi_per_return":441564,"irs_top_share_of_agi":0.3505,"irs_share_of_city_capital_income":0.0014,"irs_share_of_city_returns":0.0045,"acs_population":40331,"acs_households":14400,"acs_median_household_income":84855,"acs_median_household_income_moe":5619,"acs_mean_household_income":118113,"acs_share_households_200k":0.1506,"acs_renter_share":0.5392,"acs_median_gross_rent":1643,"acs_private_share_k12":0.1811,"acs_seasonal_units":102,"acs_seasonal_share_of_units":0.0061,"sales_count":890,"sales_median_price":585000,"sales_over_5m":1,"irs_years_available":5,"acs_households_moe":678,"acs_aggregate_income_moe":106986793},"geometry":{"type":"MultiPolygon","coordinates":[[[[-74.09099,40.61207],[-74.09153,40.61153],[-74.093,40.61144],[-74.09469,40.61218],[-74.09404,40.61238],[-74.09355,40.61293],[-74.09099,40.61207]]],[[[-74.11301,40.60013],[-74.11487,40.60214],[-74.11378,40.60267],[-74.11333,40.60398],[-74.1103,40.60722],[-74.11001,40.61034],[-74.11389,40.61158],[-74.11302,40.61232],[-74.1132,40.61265],[-74.11291,40.6127],[-74.11318,40.61297],[-74.11338,40.6138],[-74.11415,40.61374],[-74.11462,40.618],[-74.11485,40.61818],[-74.11787,40.61787],[-74.11924,40.62043],[-74.11967,40.62175],[-74.11846,40.62253],[-74.11829,40.62311],[-74.11841,40.62376],[-74.11701,40.62452],[-74.11326,40.62305],[-74.11153,40.62161],[-74.11002,40.62069],[-74.10601,40.62214],[-74.10439,40.62296],[-74.10418,40.62334],[-74.10426,40.62368],[-74.10352,40.62376],[-74.10435,40.62821],[-74.10484,40.62816],[-74.10536,40.63035],[-74.10569,40.63056],[-74.10599,40.63202],[-74.10568,40.63206],[-74.10598,40.63429],[-74.10552,40.6347],[-74.10252,40.63466],[-74.10313,40.63735],[-74.10447,40.63718],[-74.10481,40.63898],[-74.10542,40.6389],[-74.10655,40.64424],[-74.10511,40.64447],[-74.10465,40.6453],[-74.10473,40.64556],[-74.10434,40.64572],[-74.10232,40.64554],[-74.10013,40.64506],[-74.0988,40.64505],[-74.0985,40.64537],[-74.09469,40.64556],[-74.09299,40.64597],[-74.0894,40.64731],[-74.08768,40.64823],[-74.08523,40.64892],[-74.08257,40.64832],[-74.08142,40.6485],[-74.08073,40.64827],[-74.07981,40.64838],[-74.07899,40.64814],[-74.0765,40.64697],[-74.07446,40.64507],[-74.07396,40.64519],[-74.07312,40.64472],[-74.0728,40.64491],[-74.07259,40.64479],[-74.07279,40.64455],[-74.0727,40.64444],[-74.07216,40.64458],[-74.07202,40.64441],[-74.07229,40.64427],[-74.07218,40.64411],[-74.07186,40.6442],[-74.07176,40.64401],[-74.07206,40.6439],[-74.07165,40.64379],[-74.07148,40.64281],[-74.07218,40.64271],[-74.07211,40.64247],[-74.07327,40.64226],[-74.07278,40.64053],[-74.07308,40.64052],[-74.07309,40.63862],[-74.07293,40.63859],[-74.07301,40.63841],[-74.07261,40.63834],[-74.07258,40.63794],[-74.07507,40.63779],[-74.07472,40.63622],[-74.07585,40.63594],[-74.07517,40.63426],[-74.07517,40.63353],[-74.07596,40.63197],[-74.07795,40.63255],[-74.07747,40.63372],[-74.07871,40.63407],[-74.07899,40.63319],[-74.07988,40.6334],[-74.07935,40.63526],[-74.07891,40.63606],[-74.07894,40.63684],[-74.0795,40.63624],[-74.0803,40.63588],[-74.08042,40.63554],[-74.08231,40.63366],[-74.08411,40.63478],[-74.0852,40.63376],[-74.08575,40.63396],[-74.08808,40.63108],[-74.08682,40.63032],[-74.08852,40.62892],[-74.08893,40.62771],[-74.08849,40.62345],[-74.08871,40.62093],[-74.08942,40.62031],[-74.08871,40.61984],[-74.08868,40.61958],[-74.08819,40.61979],[-74.08772,40.61955],[-74.08752,40.61906],[-74.08789,40.61694],[-74.09031,40.61695],[-74.09125,40.61729],[-74.09274,40.61826],[-74.09358,40.61821],[-74.09407,40.6177],[-74.0943,40.61665],[-74.09268,40.61599],[-74.09258,40.61528],[-74.09306,40.61382],[-74.09385,40.61304],[-74.0963,40.61403],[-74.09645,40.61498],[-74.09624,40.61572],[-74.09723,40.6152],[-74.09731,40.6143],[-74.09793,40.61348],[-74.09811,40.61279],[-74.09935,40.61242],[-74.09721,40.61002],[-74.09744,40.60978],[-74.09737,40.60905],[-74.09574,40.6095],[-74.0952,40.60952],[-74.09494,40.60931],[-74.09626,40.60887],[-74.09602,40.60853],[-74.09673,40.60819],[-74.09632,40.60745],[-74.09695,40.60702],[-74.0975,40.60588],[-74.0979,40.60602],[-74.10182,40.60514],[-74.10266,40.60336],[-74.10324,40.60304],[-74.10384,40.60305],[-74.1053,40.60351],[-74.10709,40.6043],[-74.11136,40.6035],[-74.1127,40.60307],[-74.11156,40.60107],[-74.1096,40.60158],[-74.10934,40.60089],[-74.11167,40.60028],[-74.11301,40.60013]]]]}},{"type":"Feature","properties":{"irs_share_of_city_investment_2022":0.0007,"irs_income_per_household_2022":87887,"irs_agi_annual_2022":1627324812,"irs_investment_annual_2022":55553843,"irs_investment_share_2022":0.0341,"irs_returns_annual":21854,"zip":"11106","name":"Queensbridge-Ravenswood-Dutch Kills","borough":"Queens","zips_included":"11106","irs_returns":21820,"irs_agi_per_return":67702,"irs_wages_per_return":56109,"irs_capital_income_per_return":2305,"irs_investment_income_annual":50376000,"irs_capital_gains_per_return":1454,"irs_partnership_per_return":1051,"irs_capital_share_of_agi":0.034,"irs_top_share_of_returns":0.0436,"irs_top_agi_per_return":337184,"irs_top_share_of_agi":0.217,"irs_share_of_city_capital_income":0.0007,"irs_share_of_city_returns":0.0053,"acs_population":40198,"acs_households":18516,"acs_median_household_income":81729,"acs_median_household_income_moe":6210,"acs_mean_household_income":110391,"acs_share_households_200k":0.1331,"acs_renter_share":0.8177,"acs_median_gross_rent":1936,"acs_private_share_k12":0.0688,"acs_seasonal_units":376,"acs_seasonal_share_of_units":0.0176,"sales_count":530,"sales_median_price":662372,"sales_over_5m":0,"irs_years_available":5,"acs_households_moe":753,"acs_aggregate_income_moe":151800402},"geometry":{"type":"Polygon","coordinates":[[[-73.94471,40.76288],[-73.9435,40.7645],[-73.94131,40.76692],[-73.94035,40.76766],[-73.93936,40.76816],[-73.93895,40.76796],[-73.9382,40.76872],[-73.93681,40.76891],[-73.9364,40.76948],[-73.93574,40.76937],[-73.93524,40.76968],[-73.9347,40.77042],[-73.93515,40.77054],[-73.93491,40.77127],[-73.93425,40.77103],[-73.93458,40.77022],[-73.93523,40.76952],[-73.92856,40.76672],[-73.92782,40.76762],[-73.92596,40.76675],[-73.92644,40.76573],[-73.919,40.76222],[-73.92111,40.75996],[-73.92283,40.7576],[-73.92246,40.75742],[-73.92651,40.75244],[-73.93791,40.75871],[-73.94331,40.76066],[-73.94247,40.76199],[-73.94471,40.76288]]]}},{"type":"Feature","properties":{"irs_share_of_city_investment_2022":0.0001,"irs_income_per_household_2022":90215,"irs_agi_annual_2022":536331006,"irs_investment_annual_2022":9572855,"irs_investment_share_2022":0.0178,"irs_returns_annual":8716,"zip":"10302","name":"Port Richmond","borough":"Staten Island","zips_included":"10302","irs_returns":8810,"irs_agi_per_return":55862,"irs_wages_per_return":43573,"irs_capital_income_per_return":995,"irs_investment_income_annual":8673800,"irs_capital_gains_per_return":542,"irs_partnership_per_return":377,"irs_capital_share_of_agi":0.0178,"irs_top_share_of_returns":0.0248,"irs_top_agi_per_return":287085,"irs_top_share_of_agi":0.1274,"irs_share_of_city_capital_income":0.0001,"irs_share_of_city_returns":0.0021,"acs_population":18567,"acs_households":5945,"acs_median_household_income":75588,"acs_median_household_income_moe":10934,"acs_mean_household_income":94902,"acs_share_households_200k":0.0964,"acs_renter_share":0.44,"acs_median_gross_rent":1701,"acs_private_share_k12":0.179,"acs_seasonal_units":105,"acs_seasonal_share_of_units":0.0154,"sales_count":376,"sales_median_price":570000,"sales_over_5m":0,"irs_years_available":5,"acs_households_moe":529,"acs_aggregate_income_moe":68275769},"geometry":{"type":"Polygon","coordinates":[[[-74.14578,40.63094],[-74.14565,40.63245],[-74.14484,40.63547],[-74.14471,40.6358],[-74.14436,40.63596],[-74.1433,40.63866],[-74.1436,40.63851],[-74.14313,40.63968],[-74.14248,40.63957],[-74.1423,40.64031],[-74.14156,40.64037],[-74.14148,40.64009],[-74.14076,40.64059],[-74.13757,40.641],[-74.13737,40.6413],[-74.13435,40.64189],[-74.1335,40.64172],[-74.13299,40.64142],[-74.1324,40.6417],[-74.13125,40.64159],[-74.13146,40.64131],[-74.13108,40.64102],[-74.13013,40.64079],[-74.12931,40.64034],[-74.12923,40.64048],[-74.12883,40.6404],[-74.12882,40.64023],[-74.12753,40.64016],[-74.12703,40.63932],[-74.12708,40.63812],[-74.12689,40.63721],[-74.12784,40.63728],[-74.12802,40.6346],[-74.12847,40.63367],[-74.12944,40.63367],[-74.1306,40.63136],[-74.13048,40.63089],[-74.13022,40.63091],[-74.13009,40.63058],[-74.12958,40.63064],[-74.12922,40.62872],[-74.1301,40.62885],[-74.13028,40.62866],[-74.13013,40.62858],[-74.1307,40.62634],[-74.13131,40.62633],[-74.13203,40.6242],[-74.13206,40.62339],[-74.13061,40.6235],[-74.13037,40.62176],[-74.13191,40.62166],[-74.13207,40.6227],[-74.13256,40.6229],[-74.13386,40.62206],[-74.13639,40.62347],[-74.13666,40.62151],[-74.13933,40.62187],[-74.13942,40.62128],[-74.14168,40.62163],[-74.14191,40.61987],[-74.14143,40.61979],[-74.14168,40.61811],[-74.14121,40.61804],[-74.14161,40.61652],[-74.14732,40.61708],[-74.14649,40.61861],[-74.1454,40.61857],[-74.14528,40.61907],[-74.1448,40.61905],[-74.14468,40.6199],[-74.14495,40.6199],[-74.14498,40.62022],[-74.14661,40.62029],[-74.14744,40.62071],[-74.14721,40.62093],[-74.14794,40.62133],[-74.15155,40.61751],[-74.15205,40.61754],[-74.14773,40.62214],[-74.1465,40.6242],[-74.14561,40.62689],[-74.14578,40.63094]],[[-74.14578,40.63094],[-74.14398,40.6306],[-74.14356,40.63188],[-74.14464,40.63207],[-74.14513,40.63197],[-74.14549,40.63167],[-74.14578,40.63094]]]}},{"type":"Feature","properties":{"irs_share_of_city_investment_2022":0.0001,"irs_income_per_household_2022":80966,"irs_agi_annual_2022":702383470,"irs_investment_annual_2022":6196148,"irs_investment_share_2022":0.0088,"irs_returns_annual":12796,"zip":"10303","name":"Mariner's Harbor-Arlington-Graniteville","borough":"Staten Island","zips_included":"10303","irs_returns":12700,"irs_agi_per_return":49835,"irs_wages_per_return":40897,"irs_capital_income_per_return":440,"irs_investment_income_annual":5624400,"irs_capital_gains_per_return":214,"irs_partnership_per_return":107,"irs_capital_share_of_agi":0.0088,"irs_top_share_of_returns":0.0131,"irs_top_agi_per_return":270885,"irs_top_share_of_agi":0.0714,"irs_share_of_city_capital_income":0.0001,"irs_share_of_city_returns":0.0031,"acs_population":27083,"acs_households":8675,"acs_median_household_income":78578,"acs_median_household_income_moe":7641,"acs_mean_household_income":98699,"acs_share_households_200k":0.1009,"acs_renter_share":0.3621,"acs_median_gross_rent":1399,"acs_private_share_k12":0.1171,"acs_seasonal_units":46,"acs_seasonal_share_of_units":0.0049,"sales_count":595,"sales_median_price":504700,"sales_over_5m":0,"irs_years_available":5,"acs_households_moe":492,"acs_aggregate_income_moe":72949385},"geometry":{"type":"MultiPolygon","coordinates":[[[[-74.17854,40.61527],[-74.17862,40.6153],[-74.17833,40.61586],[-74.17854,40.61527]]],[[[-74.17854,40.61527],[-74.17726,40.61771],[-74.17744,40.61841],[-74.17649,40.62165],[-74.17682,40.62348],[-74.17775,40.62494],[-74.17855,40.62466],[-74.17936,40.62609],[-74.18405,40.62846],[-74.18485,40.62783],[-74.18522,40.62854],[-74.18596,40.6291],[-74.18724,40.62949],[-74.18838,40.62905],[-74.18904,40.62965],[-74.18908,40.63054],[-74.18925,40.63071],[-74.18952,40.63059],[-74.19026,40.62944],[-74.19029,40.62901],[-74.19134,40.62833],[-74.19209,40.62842],[-74.19239,40.629],[-74.19239,40.63077],[-74.19266,40.63095],[-74.19392,40.63072],[-74.19523,40.63099],[-74.19736,40.6324],[-74.19718,40.63249],[-74.19585,40.63154],[-74.19592,40.63182],[-74.19463,40.63254],[-74.19249,40.6334],[-74.19556,40.63503],[-74.19442,40.63658],[-74.19474,40.63727],[-74.19359,40.63747],[-74.19372,40.63757],[-74.18653,40.64339],[-74.18623,40.64319],[-74.18591,40.64363],[-74.18511,40.6438],[-74.18524,40.64394],[-74.18483,40.64413],[-74.18411,40.64353],[-74.18406,40.64332],[-74.18437,40.6431],[-74.18421,40.64311],[-74.18396,40.64249],[-74.18365,40.64224],[-74.18403,40.64309],[-74.18384,40.64327],[-74.18324,40.64296],[-74.1838,40.64443],[-74.18366,40.64461],[-74.18289,40.6448],[-74.18118,40.64458],[-74.18085,40.64485],[-74.18048,40.64428],[-74.17983,40.6443],[-74.17936,40.64435],[-74.1792,40.64505],[-74.17902,40.64356],[-74.17941,40.64313],[-74.1796,40.64192],[-74.17916,40.64299],[-74.17879,40.6425],[-74.17848,40.64252],[-74.17826,40.64213],[-74.17834,40.64259],[-74.17781,40.6426],[-74.17769,40.64295],[-74.17721,40.64313],[-74.17682,40.64286],[-74.17671,40.64242],[-74.17635,40.64233],[-74.17669,40.64255],[-74.17667,40.64338],[-74.17611,40.64347],[-74.1756,40.64331],[-74.17547,40.64414],[-74.17568,40.64471],[-74.1755,40.64462],[-74.1753,40.64508],[-74.17437,40.64514],[-74.17297,40.64424],[-74.173,40.64359],[-74.17236,40.64326],[-74.17272,40.64295],[-74.17196,40.64286],[-74.17157,40.64314],[-74.17133,40.64285],[-74.17186,40.64254],[-74.17172,40.64194],[-74.17148,40.64173],[-74.17159,40.64102],[-74.17201,40.641],[-74.17248,40.64069],[-74.17291,40.6406],[-74.17299,40.64049],[-74.17157,40.64101],[-74.17139,40.64176],[-74.17029,40.64177],[-74.17008,40.64209],[-74.16915,40.64187],[-74.16906,40.64213],[-74.16774,40.64173],[-74.16758,40.64184],[-74.16564,40.64122],[-74.16544,40.64228],[-74.16494,40.64221],[-74.16519,40.64064],[-74.16417,40.63999],[-74.16346,40.63986],[-74.16324,40.64096],[-74.1628,40.64104],[-74.16168,40.64061],[-74.16229,40.63877],[-74.16076,40.63863],[-74.16022,40.63834],[-74.16006,40.63872],[-74.15986,40.63873],[-74.15957,40.63799],[-74.15932,40.63781],[-74.15901,40.63827],[-74.15815,40.63811],[-74.15815,40.63797],[-74.1561,40.63794],[-74.15611,40.63753],[-74.1557,40.63752],[-74.15568,40.63779],[-74.15478,40.63772],[-74.15455,40.6373],[-74.15425,40.63717],[-74.15341,40.63727],[-74.1528,40.63713],[-74.1527,40.63764],[-74.15119,40.63773],[-74.15126,40.63849],[-74.15055,40.63856],[-74.14997,40.63815],[-74.14968,40.63752],[-74.14939,40.63741],[-74.14942,40.63829],[-74.14919,40.63867],[-74.14888,40.63871],[-74.14853,40.63745],[-74.14878,40.63888],[-74.14602,40.6391],[-74.14606,40.63923],[-74.14519,40.63938],[-74.14389,40.63888],[-74.14336,40.63971],[-74.14313,40.63968],[-74.1436,40.63851],[-74.1433,40.63866],[-74.14436,40.63596],[-74.14471,40.6358],[-74.14493,40.63522],[-74.14565,40.63245],[-74.14577,40.6311],[-74.14578,40.63094],[-74.14579,40.63058],[-74.1458,40.63022],[-74.14554,40.62752],[-74.14623,40.62493],[-74.14876,40.6251],[-74.14929,40.62309],[-74.15095,40.62159],[-74.15131,40.62135],[-74.1578,40.62167],[-74.16241,40.62241],[-74.16258,40.62162],[-74.16487,40.62192],[-74.16535,40.62023],[-74.1633,40.61926],[-74.16878,40.62112],[-74.16919,40.62055],[-74.17062,40.62061],[-74.17272,40.62022],[-74.17421,40.61955],[-74.17543,40.61866],[-74.17903,40.61335],[-74.17948,40.61197],[-74.18043,40.61224],[-74.17854,40.61527]]],[[[-74.14578,40.63094],[-74.14549,40.63167],[-74.14513,40.63197],[-74.14464,40.63207],[-74.14356,40.63188],[-74.14398,40.6306],[-74.14578,40.63094]]]]}},{"type":"Feature","properties":{"irs_share_of_city_investment_2022":0.0015,"irs_income_per_household_2022":112796,"irs_agi_annual_2022":1754310540,"irs_investment_annual_2022":129921091,"irs_investment_share_2022":0.0741,"irs_returns_annual":20828,"zip":"10304","name":"Todt Hill-Emerson Hill-Lighthouse Hill-Manor Heights","borough":"Staten Island","zips_included":"10304","irs_returns":20550,"irs_agi_per_return":76497,"irs_wages_per_return":52428,"irs_capital_income_per_return":5648,"irs_investment_income_annual":117642600,"irs_capital_gains_per_return":3838,"irs_partnership_per_return":6321,"irs_capital_share_of_agi":0.0738,"irs_top_share_of_returns":0.0554,"irs_top_agi_per_return":550183,"irs_top_share_of_agi":0.3985,"irs_share_of_city_capital_income":0.0015,"irs_share_of_city_returns":0.0051,"acs_population":44864,"acs_households":15553,"acs_median_household_income":69479,"acs_median_household_income_moe":7528,"acs_mean_household_income":108942,"acs_share_households_200k":0.1271,"acs_renter_share":0.5013,"acs_median_gross_rent":1365,"acs_private_share_k12":0.193,"acs_seasonal_units":88,"acs_seasonal_share_of_units":0.0052,"sales_count":977,"sales_median_price":631000,"sales_over_5m":1,"irs_years_available":5,"acs_households_moe":721,"acs_aggregate_income_moe":202724176},"geometry":{"type":"Polygon","coordinates":[[[-74.09849,40.58711],[-74.09924,40.58728],[-74.10208,40.58874],[-74.10088,40.59018],[-74.10089,40.59043],[-74.10439,40.58708],[-74.10783,40.58432],[-74.11013,40.58275],[-74.11198,40.58187],[-74.11392,40.5805],[-74.11398,40.58001],[-74.11561,40.57849],[-74.11702,40.57821],[-74.11757,40.57771],[-74.11828,40.57813],[-74.11914,40.58117],[-74.12333,40.58506],[-74.12045,40.58839],[-74.12069,40.58854],[-74.1154,40.59616],[-74.1149,40.59655],[-74.11446,40.59664],[-74.11333,40.59614],[-74.11131,40.59706],[-74.1113,40.59815],[-74.11197,40.59874],[-74.11301,40.60013],[-74.11167,40.60028],[-74.10934,40.60089],[-74.1096,40.60158],[-74.11156,40.60107],[-74.1127,40.60307],[-74.11136,40.6035],[-74.10709,40.6043],[-74.1053,40.60351],[-74.10384,40.60305],[-74.10324,40.60304],[-74.10266,40.60336],[-74.10182,40.60514],[-74.0979,40.60602],[-74.0975,40.60588],[-74.09695,40.60702],[-74.09632,40.60745],[-74.09673,40.60819],[-74.09602,40.60853],[-74.09626,40.60887],[-74.09494,40.60931],[-74.0952,40.60952],[-74.09574,40.6095],[-74.09737,40.60905],[-74.09744,40.60978],[-74.09721,40.61002],[-74.09935,40.61242],[-74.09811,40.61279],[-74.09793,40.61348],[-74.09731,40.6143],[-74.09723,40.6152],[-74.09624,40.61572],[-74.09645,40.61498],[-74.0963,40.61403],[-74.09385,40.61304],[-74.09306,40.61382],[-74.09258,40.61528],[-74.09268,40.61599],[-74.0943,40.61665],[-74.09407,40.6177],[-74.09358,40.61821],[-74.09274,40.61826],[-74.09125,40.61729],[-74.09031,40.61695],[-74.08789,40.61694],[-74.08752,40.61906],[-74.08772,40.61955],[-74.08819,40.61979],[-74.08868,40.61958],[-74.08871,40.61984],[-74.08942,40.62031],[-74.08871,40.62093],[-74.08849,40.62345],[-74.08893,40.62771],[-74.08852,40.62892],[-74.08682,40.63032],[-74.08808,40.63108],[-74.08575,40.63396],[-74.0852,40.63376],[-74.08411,40.63478],[-74.08231,40.63366],[-74.08042,40.63554],[-74.0803,40.63588],[-74.0795,40.63624],[-74.07894,40.63684],[-74.07891,40.63606],[-74.07935,40.63526],[-74.07988,40.6334],[-74.07899,40.63319],[-74.07871,40.63407],[-74.07747,40.63372],[-74.07795,40.63255],[-74.07596,40.63197],[-74.07517,40.63353],[-74.07517,40.63426],[-74.07585,40.63594],[-74.07472,40.63622],[-74.07507,40.63779],[-74.07258,40.63794],[-74.07348,40.63779],[-74.07353,40.63764],[-74.07283,40.63366],[-74.07333,40.63206],[-74.07298,40.63031],[-74.07278,40.63024],[-74.07293,40.62996],[-74.0723,40.62715],[-74.07271,40.6271],[-74.07278,40.62693],[-74.07412,40.62682],[-74.07333,40.62482],[-74.0728,40.6242],[-74.07235,40.62404],[-74.07219,40.6237],[-74.07233,40.6235],[-74.07183,40.62322],[-74.07023,40.62105],[-74.07096,40.62043],[-74.07116,40.6207],[-74.07126,40.61973],[-74.07183,40.6189],[-74.07396,40.61748],[-74.07503,40.61638],[-74.07939,40.60908],[-74.08387,40.6034],[-74.08334,40.60273],[-74.08414,40.60242],[-74.08438,40.60275],[-74.08518,40.60164],[-74.08752,40.59636],[-74.08703,40.59633],[-74.08715,40.59597],[-74.08773,40.59601],[-74.08897,40.59439],[-74.09064,40.59283],[-74.09201,40.59182],[-74.09225,40.59194],[-74.09651,40.58876],[-74.09618,40.58859],[-74.0968,40.58809],[-74.09701,40.58819],[-74.09849,40.58711]],[[-74.09099,40.61207],[-74.09355,40.61293],[-74.09404,40.61238],[-74.09469,40.61218],[-74.093,40.61144],[-74.09153,40.61153],[-74.09099,40.61207]]]}},{"type":"Feature","properties":{"irs_share_of_city_investment_2022":0.0001,"irs_income_per_household_2022":49706,"irs_agi_annual_2022":1042094608,"irs_investment_annual_2022":6048324,"irs_investment_share_2022":0.0058,"irs_returns_annual":24888,"zip":"10451","name":"Concourse-Concourse Village","borough":"Bronx","zips_included":"10451","irs_returns":24690,"irs_agi_per_return":38030,"irs_wages_per_return":31500,"irs_capital_income_per_return":220,"irs_investment_income_annual":5476200,"irs_capital_gains_per_return":115,"irs_partnership_per_return":47,"irs_capital_share_of_agi":0.0058,"irs_top_share_of_returns":0.0051,"irs_top_agi_per_return":296192,"irs_top_share_of_agi":0.0394,"irs_share_of_city_capital_income":0.0001,"irs_share_of_city_returns":0.006,"acs_population":51311,"acs_households":20965,"acs_median_household_income":34316,"acs_median_household_income_moe":5828,"acs_mean_household_income":57674,"acs_share_households_200k":0.0389,"acs_renter_share":0.8582,"acs_median_gross_rent":1257,"acs_private_share_k12":0.1057,"acs_seasonal_units":0,"acs_seasonal_share_of_units":0.0,"sales_count":147,"sales_median_price":325000,"sales_over_5m":0,"irs_years_available":5,"acs_households_moe":945,"acs_aggregate_income_moe":121056354},"geometry":{"type":"Polygon","coordinates":[[[-73.93184,40.80786],[-73.93253,40.80882],[-73.93259,40.81005],[-73.93287,40.81012],[-73.93256,40.81089],[-73.93234,40.81763],[-73.93247,40.82158],[-73.93307,40.82816],[-73.93096,40.82834],[-73.92876,40.82919],[-73.92698,40.82814],[-73.92262,40.82684],[-73.92047,40.83091],[-73.91894,40.83033],[-73.9202,40.8281],[-73.91532,40.82655],[-73.91476,40.82756],[-73.91363,40.82692],[-73.91217,40.8279],[-73.9117,40.82776],[-73.91179,40.82643],[-73.91131,40.82485],[-73.90871,40.82407],[-73.9094,40.82287],[-73.90991,40.82255],[-73.90946,40.82243],[-73.91012,40.8206],[-73.91152,40.8209],[-73.91215,40.81979],[-73.91741,40.82128],[-73.91892,40.81798],[-73.91712,40.81751],[-73.91746,40.81676],[-73.91924,40.81722],[-73.92033,40.81464],[-73.92714,40.81095],[-73.9273,40.81108],[-73.93013,40.80885],[-73.93184,40.80786]]]}},{"type":"Feature","properties":{"irs_share_of_city_investment_2022":0.0007,"irs_income_per_household_2022":94217,"irs_agi_annual_2022":1486738356,"irs_investment_annual_2022":55460998,"irs_investment_share_2022":0.0373,"irs_returns_annual":20608,"zip":"10305","name":"Grasmere-Arrochar-South Beach-Dongan Hills","borough":"Staten Island","zips_included":"10305","irs_returns":20940,"irs_agi_per_return":65471,"irs_wages_per_return":50400,"irs_capital_income_per_return":2437,"irs_investment_income_annual":50214800,"irs_capital_gains_per_return":1509,"irs_partnership_per_return":1187,"irs_capital_share_of_agi":0.0372,"irs_top_share_of_returns":0.0403,"irs_top_agi_per_return":326211,"irs_top_share_of_agi":0.2007,"irs_share_of_city_capital_income":0.0007,"irs_share_of_city_returns":0.005,"acs_population":42211,"acs_households":15780,"acs_median_household_income":84764,"acs_median_household_income_moe":6043,"acs_mean_household_income":109945,"acs_share_households_200k":0.1307,"acs_renter_share":0.3422,"acs_median_gross_rent":1517,"acs_private_share_k12":0.1532,"acs_seasonal_units":44,"acs_seasonal_share_of_units":0.0026,"sales_count":1070,"sales_median_price":675000,"sales_over_5m":0,"irs_years_available":5,"acs_households_moe":784,"acs_aggregate_income_moe":128450158},"geometry":{"type":"Polygon","coordinates":[[[-74.10197,40.58459],[-74.09701,40.58819],[-74.0968,40.58809],[-74.09618,40.58859],[-74.09651,40.58876],[-74.09225,40.59194],[-74.09201,40.59182],[-74.09064,40.59283],[-74.08897,40.59439],[-74.08773,40.59601],[-74.08715,40.59597],[-74.08703,40.59633],[-74.08752,40.59636],[-74.08518,40.60164],[-74.08438,40.60275],[-74.08414,40.60242],[-74.08334,40.60273],[-74.08387,40.6034],[-74.07939,40.60908],[-74.07503,40.61638],[-74.07396,40.61748],[-74.07183,40.6189],[-74.07126,40.61973],[-74.07116,40.6207],[-74.07096,40.62043],[-74.07023,40.62105],[-74.07183,40.62322],[-74.07233,40.6235],[-74.07219,40.6237],[-74.07235,40.62404],[-74.0728,40.6242],[-74.07333,40.62482],[-74.07412,40.62682],[-74.07271,40.62687],[-74.07226,40.62461],[-74.07003,40.62145],[-74.06608,40.61862],[-74.06668,40.61807],[-74.06641,40.61787],[-74.06605,40.61819],[-74.0657,40.61796],[-74.06546,40.61811],[-74.06514,40.61789],[-74.06515,40.61755],[-74.06373,40.61677],[-74.06377,40.6166],[-74.06144,40.61438],[-74.06074,40.61305],[-74.0605,40.6121],[-74.06027,40.61182],[-74.05945,40.61168],[-74.05892,40.61106],[-74.05909,40.61063],[-74.05716,40.60874],[-74.05649,40.60725],[-74.05552,40.60648],[-74.05529,40.60654],[-74.05506,40.60627],[-74.05381,40.60591],[-74.05361,40.60524],[-74.05402,40.60494],[-74.05303,40.60147],[-74.05344,40.60056],[-74.05224,40.59975],[-74.05287,40.59987],[-74.05448,40.59876],[-74.0572,40.59639],[-74.05976,40.59383],[-74.06215,40.59203],[-74.06503,40.58899],[-74.06454,40.58844],[-74.06478,40.58849],[-74.06723,40.58673],[-74.07097,40.58318],[-74.07149,40.58217],[-74.07065,40.58162],[-74.07147,40.58203],[-74.07335,40.58068],[-74.0758,40.57831],[-74.07524,40.578],[-74.07535,40.57789],[-74.07602,40.57825],[-74.07641,40.57798],[-74.0763,40.5779],[-74.07649,40.57796],[-74.07691,40.57758],[-74.07673,40.57737],[-74.07694,40.57754],[-74.07737,40.57728],[-74.07878,40.57601],[-74.08091,40.57469],[-74.08595,40.5703],[-74.08691,40.56899],[-74.08622,40.56853],[-74.08725,40.56908],[-74.08836,40.56827],[-74.08925,40.56702],[-74.08998,40.56738],[-74.091,40.56674],[-74.09253,40.56774],[-74.09275,40.56809],[-74.08872,40.57241],[-74.0858,40.57413],[-74.08986,40.57619],[-74.08897,40.57714],[-74.09112,40.57832],[-74.09149,40.57803],[-74.09344,40.57905],[-74.092,40.58089],[-74.09617,40.58304],[-74.09772,40.58181],[-74.10197,40.58459]]]}},{"type":"Feature","properties":{"irs_share_of_city_investment_2022":0.0013,"irs_income_per_household_2022":124405,"irs_agi_annual_2022":2472182358,"irs_investment_annual_2022":111640694,"irs_investment_share_2022":0.0452,"irs_returns_annual":28536,"zip":"10306","name":"Todt Hill-Emerson Hill-Lighthouse Hill-Manor Heights","borough":"Staten Island","zips_included":"10306","irs_returns":28890,"irs_agi_per_return":78642,"irs_wages_per_return":56545,"irs_capital_income_per_return":3549,"irs_investment_income_annual":101273800,"irs_capital_gains_per_return":2156,"irs_partnership_per_return":2072,"irs_capital_share_of_agi":0.0451,"irs_top_share_of_returns":0.065,"irs_top_agi_per_return":339732,"irs_top_share_of_agi":0.2807,"irs_share_of_city_capital_income":0.0013,"irs_share_of_city_returns":0.0069,"acs_population":56232,"acs_households":19872,"acs_median_household_income":94758,"acs_median_household_income_moe":5792,"acs_mean_household_income":118424,"acs_share_households_200k":0.158,"acs_renter_share":0.2758,"acs_median_gross_rent":1579,"acs_private_share_k12":0.1681,"acs_seasonal_units":35,"acs_seasonal_share_of_units":0.0017,"sales_count":1609,"sales_median_price":685000,"sales_over_5m":0,"irs_years_available":5,"acs_households_moe":722,"acs_aggregate_income_moe":143650743},"geometry":{"type":"Polygon","coordinates":[[[-74.16494,40.56011],[-74.16592,40.56029],[-74.165,40.56145],[-74.16443,40.56534],[-74.16487,40.56567],[-74.16521,40.56655],[-74.16588,40.56681],[-74.16637,40.56676],[-74.16657,40.56641],[-74.16722,40.56649],[-74.16847,40.5661],[-74.16969,40.56607],[-74.16962,40.56828],[-74.16983,40.57083],[-74.15273,40.58046],[-74.15123,40.58206],[-74.14632,40.58607],[-74.14583,40.58856],[-74.13862,40.58906],[-74.13367,40.58606],[-74.1335,40.5856],[-74.13373,40.58473],[-74.13335,40.5841],[-74.13123,40.58334],[-74.1304,40.58276],[-74.12918,40.58403],[-74.1289,40.58542],[-74.12907,40.58635],[-74.12773,40.58756],[-74.12782,40.58937],[-74.12632,40.59087],[-74.12628,40.59346],[-74.12259,40.59949],[-74.12064,40.60078],[-74.1206,40.60181],[-74.11957,40.60182],[-74.11943,40.59836],[-74.11782,40.59838],[-74.11782,40.59903],[-74.11664,40.59906],[-74.11684,40.60189],[-74.11487,40.60214],[-74.11125,40.59801],[-74.11131,40.59706],[-74.11333,40.59614],[-74.11446,40.59664],[-74.1149,40.59655],[-74.1154,40.59616],[-74.12069,40.58854],[-74.12045,40.58839],[-74.12333,40.58506],[-74.11914,40.58117],[-74.11828,40.57813],[-74.11757,40.57771],[-74.11702,40.57821],[-74.11548,40.57858],[-74.11398,40.58001],[-74.11392,40.5805],[-74.11198,40.58187],[-74.11013,40.58275],[-74.10783,40.58432],[-74.10439,40.58708],[-74.10089,40.59043],[-74.10088,40.59018],[-74.10208,40.58874],[-74.09924,40.58728],[-74.09849,40.58711],[-74.10197,40.58459],[-74.09772,40.58181],[-74.09617,40.58304],[-74.092,40.58089],[-74.09344,40.57905],[-74.09149,40.57803],[-74.09112,40.57832],[-74.08897,40.57714],[-74.08986,40.57619],[-74.0858,40.57413],[-74.08872,40.57241],[-74.09275,40.56809],[-74.09253,40.56774],[-74.091,40.56674],[-74.09405,40.56298],[-74.09407,40.56273],[-74.09543,40.56316],[-74.09661,40.56208],[-74.0982,40.55984],[-74.09829,40.55933],[-74.09785,40.55903],[-74.09877,40.55943],[-74.09938,40.55896],[-74.09993,40.55907],[-74.1008,40.55832],[-74.10184,40.55622],[-74.10184,40.55594],[-74.10135,40.55558],[-74.10265,40.55613],[-74.10309,40.5559],[-74.10466,40.55412],[-74.10509,40.55323],[-74.10485,40.55303],[-74.10643,40.55385],[-74.10656,40.55419],[-74.10768,40.55398],[-74.11028,40.55149],[-74.11301,40.54778],[-74.11495,40.54959],[-74.11656,40.54913],[-74.11876,40.55122],[-74.1185,40.55141],[-74.11946,40.55222],[-74.1273,40.5573],[-74.13043,40.55444],[-74.13456,40.55125],[-74.13776,40.55388],[-74.1385,40.55345],[-74.13978,40.55449],[-74.1405,40.55417],[-74.14025,40.55479],[-74.14333,40.55338],[-74.14436,40.5541],[-74.1455,40.55389],[-74.14057,40.55773],[-74.13986,40.55874],[-74.14169,40.55964],[-74.14262,40.55988],[-74.15171,40.56789],[-74.1548,40.56538],[-74.15585,40.56378],[-74.15711,40.56262],[-74.16153,40.56127],[-74.16378,40.56032],[-74.16494,40.56011]]]}},{"type":"Feature","properties":{"irs_share_of_city_investment_2022":0.0005,"irs_income_per_household_2022":152113,"irs_agi_annual_2022":793575460,"irs_investment_annual_2022":43848056,"irs_investment_share_2022":0.0553,"irs_returns_annual":6726,"zip":"10307","name":"Tottenville-Charleston","borough":"Staten Island","zips_included":"10307","irs_returns":6750,"irs_agi_per_return":107303,"irs_wages_per_return":75380,"irs_capital_income_per_return":5947,"irs_investment_income_annual":40001000,"irs_capital_gains_per_return":4000,"irs_partnership_per_return":5259,"irs_capital_share_of_agi":0.0554,"irs_top_share_of_returns":0.116,"irs_top_agi_per_return":413375,"irs_top_share_of_agi":0.4468,"irs_share_of_city_capital_income":0.0005,"irs_share_of_city_returns":0.0016,"acs_population":14755,"acs_households":5217,"acs_median_household_income":124738,"acs_median_household_income_moe":9276,"acs_mean_household_income":145667,"acs_share_households_200k":0.2266,"acs_renter_share":0.1919,"acs_median_gross_rent":1449,"acs_private_share_k12":0.289,"acs_seasonal_units":0,"acs_seasonal_share_of_units":0.0,"sales_count":407,"sales_median_price":800000,"sales_over_5m":0,"irs_years_available":5,"acs_households_moe":400,"acs_aggregate_income_moe":95687863},"geometry":{"type":"MultiPolygon","coordinates":[[[[-74.22184,40.50254],[-74.22322,40.50866],[-74.21204,40.5109],[-74.21043,40.51174],[-74.20999,40.51055],[-74.21179,40.50818],[-74.21338,40.50677],[-74.21353,40.5064],[-74.21386,40.50661],[-74.21434,40.50652],[-74.21511,40.50606],[-74.21592,40.50537],[-74.21758,40.50334],[-74.21977,40.50274],[-74.22184,40.50254]]],[[[-74.23985,40.52],[-74.23482,40.51949],[-74.23428,40.51746],[-74.23282,40.51634],[-74.2326,40.51584],[-74.23119,40.51093],[-74.2282,40.50225],[-74.22975,40.50208],[-74.23033,40.50181],[-74.23053,40.50195],[-74.23114,40.50185],[-74.2336,40.50091],[-74.23596,40.50034],[-74.23694,40.49991],[-74.23767,40.49912],[-74.23799,40.49917],[-74.23851,40.4989],[-74.23985,40.49758],[-74.24433,40.49755],[-74.24549,40.49705],[-74.24676,40.49613],[-74.24785,40.49616],[-74.24888,40.49643],[-74.25086,40.49801],[-74.25117,40.49899],[-74.2526,40.49964],[-74.25329,40.50031],[-74.25385,40.50163],[-74.25528,40.50406],[-74.25531,40.50654],[-74.25557,40.50776],[-74.25504,40.5084],[-74.254,40.50897],[-74.25411,40.50917],[-74.25332,40.50986],[-74.253,40.51119],[-74.2531,40.5121],[-74.25195,40.513],[-74.25212,40.51371],[-74.25136,40.51439],[-74.25011,40.51504],[-74.25018,40.51533],[-74.24984,40.51552],[-74.24936,40.51501],[-74.24921,40.51508],[-74.24962,40.51558],[-74.24822,40.51649],[-74.24752,40.51573],[-74.24693,40.51607],[-74.24644,40.51596],[-74.24613,40.51614],[-74.24675,40.51649],[-74.24521,40.51729],[-74.24567,40.51779],[-74.24564,40.51808],[-74.24492,40.51812],[-74.24431,40.51851],[-74.24365,40.5183],[-74.24233,40.51833],[-74.24103,40.51954],[-74.24049,40.51919],[-74.23985,40.52]]]]}},{"type":"Feature","properties":{"irs_share_of_city_investment_2022":0.0006,"irs_income_per_household_2022":124479,"irs_agi_annual_2022":1303542243,"irs_investment_annual_2022":46929384,"irs_investment_share_2022":0.036,"irs_returns_annual":14032,"zip":"10308","name":"Great Kills-Eltingville","borough":"Staten Island","zips_included":"10308","irs_returns":14130,"irs_agi_per_return":84317,"irs_wages_per_return":61916,"irs_capital_income_per_return":3030,"irs_investment_income_annual":42523000,"irs_capital_gains_per_return":1635,"irs_partnership_per_return":1093,"irs_capital_share_of_agi":0.0359,"irs_top_share_of_returns":0.0737,"irs_top_agi_per_return":301687,"irs_top_share_of_agi":0.2637,"irs_share_of_city_capital_income":0.0006,"irs_share_of_city_returns":0.0034,"acs_population":30075,"acs_households":10472,"acs_median_household_income":122647,"acs_median_household_income_moe":9783,"acs_mean_household_income":136486,"acs_share_households_200k":0.2223,"acs_renter_share":0.2087,"acs_median_gross_rent":1668,"acs_private_share_k12":0.2538,"acs_seasonal_units":79,"acs_seasonal_share_of_units":0.0069,"sales_count":857,"sales_median_price":695000,"sales_over_5m":0,"irs_years_available":5,"acs_households_moe":623,"acs_aggregate_income_moe":126098501},"geometry":{"type":"Polygon","coordinates":[[[-74.16494,40.56011],[-74.16378,40.56032],[-74.16153,40.56127],[-74.15711,40.56262],[-74.15585,40.56378],[-74.1548,40.56538],[-74.15171,40.56789],[-74.14262,40.55988],[-74.14169,40.55964],[-74.13986,40.55874],[-74.14057,40.55773],[-74.1455,40.55389],[-74.14436,40.5541],[-74.14333,40.55338],[-74.14025,40.55479],[-74.1405,40.55417],[-74.13978,40.55449],[-74.1385,40.55345],[-74.13776,40.55388],[-74.13456,40.55125],[-74.13739,40.54959],[-74.13866,40.54849],[-74.13746,40.54731],[-74.13586,40.54645],[-74.13641,40.54625],[-74.13651,40.54592],[-74.1371,40.54595],[-74.13753,40.54556],[-74.13795,40.546],[-74.13879,40.54532],[-74.13887,40.54513],[-74.13869,40.54499],[-74.13983,40.54405],[-74.14004,40.54389],[-74.14029,40.54407],[-74.1405,40.54393],[-74.14019,40.54351],[-74.14088,40.54296],[-74.14134,40.54309],[-74.14108,40.54279],[-74.14133,40.54275],[-74.14123,40.54268],[-74.14165,40.54232],[-74.1423,40.54226],[-74.14218,40.54201],[-74.14248,40.54132],[-74.14178,40.54009],[-74.14201,40.53957],[-74.14173,40.53934],[-74.14231,40.53907],[-74.14177,40.53854],[-74.14227,40.53814],[-74.14208,40.538],[-74.14239,40.53775],[-74.14158,40.53709],[-74.14305,40.53724],[-74.14383,40.53713],[-74.14474,40.5358],[-74.14536,40.53586],[-74.1464,40.53637],[-74.14724,40.53579],[-74.14973,40.53727],[-74.15051,40.53726],[-74.15071,40.5371],[-74.15179,40.5377],[-74.15919,40.54523],[-74.15895,40.54539],[-74.1593,40.54602],[-74.15887,40.54626],[-74.15933,40.5473],[-74.1621,40.54587],[-74.16175,40.54699],[-74.16078,40.54737],[-74.16117,40.54919],[-74.1621,40.54908],[-74.16268,40.55179],[-74.1634,40.55331],[-74.16494,40.56011]]]}},{"type":"Feature","properties":{"irs_share_of_city_investment_2022":0.0011,"irs_income_per_household_2022":143413,"irs_agi_annual_2022":1691124141,"irs_investment_annual_2022":92848576,"irs_investment_share_2022":0.0549,"irs_returns_annual":15782,"zip":"10309","name":"Annadale-Huguenot-Prince's Bay-Woodrow","borough":"Staten Island","zips_included":"10309","irs_returns":15890,"irs_agi_per_return":97409,"irs_wages_per_return":69490,"irs_capital_income_per_return":5361,"irs_investment_income_annual":84613000,"irs_capital_gains_per_return":3441,"irs_partnership_per_return":4143,"irs_capital_share_of_agi":0.055,"irs_top_share_of_returns":0.1019,"irs_top_agi_per_return":362014,"irs_top_share_of_agi":0.3787,"irs_share_of_city_capital_income":0.0011,"irs_share_of_city_returns":0.0038,"acs_population":34740,"acs_households":11792,"acs_median_household_income":110123,"acs_median_household_income_moe":17325,"acs_mean_household_income":144776,"acs_share_households_200k":0.2575,"acs_renter_share":0.2002,"acs_median_gross_rent":1983,"acs_private_share_k12":0.1724,"acs_seasonal_units":110,"acs_seasonal_share_of_units":0.0089,"sales_count":999,"sales_median_price":803000,"sales_over_5m":0,"irs_years_available":5,"acs_households_moe":834,"acs_aggregate_income_moe":174563462},"geometry":{"type":"Polygon","coordinates":[[[-74.19771,40.51067],[-74.19872,40.51125],[-74.19964,40.51141],[-74.1999,40.51167],[-74.20004,40.51268],[-74.19893,40.51278],[-74.19907,40.51308],[-74.19996,40.51293],[-74.20083,40.51303],[-74.20757,40.51186],[-74.2088,40.51137],[-74.20999,40.51055],[-74.21043,40.51174],[-74.21204,40.5109],[-74.22322,40.50866],[-74.22184,40.50254],[-74.22305,40.50248],[-74.22507,40.50177],[-74.22688,40.50227],[-74.2282,40.50225],[-74.23119,40.51093],[-74.2326,40.51584],[-74.23282,40.51634],[-74.23428,40.51746],[-74.23482,40.51949],[-74.23985,40.52],[-74.24003,40.52031],[-74.24056,40.52045],[-74.24117,40.52106],[-74.24133,40.52089],[-74.24294,40.52123],[-74.24259,40.5222],[-74.2428,40.52401],[-74.2433,40.52477],[-74.24397,40.525],[-74.24334,40.52586],[-74.24289,40.5273],[-74.24289,40.5282],[-74.24251,40.52845],[-74.24219,40.52944],[-74.24225,40.52982],[-74.2415,40.53104],[-74.24181,40.53256],[-74.24218,40.53258],[-74.24228,40.53339],[-74.24197,40.53359],[-74.242,40.53416],[-74.24222,40.53462],[-74.24263,40.53478],[-74.24296,40.53541],[-74.24369,40.53608],[-74.24412,40.53619],[-74.24398,40.53652],[-74.24413,40.53687],[-74.24457,40.53694],[-74.24493,40.53666],[-74.24532,40.53689],[-74.24443,40.53805],[-74.24533,40.53938],[-74.24559,40.54093],[-74.246,40.54128],[-74.24649,40.54221],[-74.24768,40.54313],[-74.24804,40.54309],[-74.24614,40.54569],[-74.24364,40.54767],[-74.24294,40.54711],[-74.2422,40.54695],[-74.24046,40.54762],[-74.23842,40.5491],[-74.23756,40.55017],[-74.23641,40.55051],[-74.23617,40.55139],[-74.23652,40.55207],[-74.23636,40.55237],[-74.2349,40.553],[-74.23375,40.55251],[-74.23333,40.55251],[-74.23226,40.55339],[-74.23194,40.55415],[-74.23079,40.55551],[-74.22932,40.55549],[-74.22931,40.55582],[-74.22873,40.5563],[-74.22822,40.55639],[-74.22744,40.55604],[-74.22611,40.55625],[-74.22316,40.55579],[-74.22297,40.5555],[-74.22258,40.5554],[-74.2218,40.55542],[-74.22157,40.55565],[-74.2213,40.55537],[-74.22094,40.55594],[-74.22056,40.55589],[-74.22019,40.55543],[-74.22011,40.55493],[-74.21975,40.55461],[-74.21908,40.55485],[-74.21934,40.55569],[-74.21922,40.5558],[-74.21896,40.55486],[-74.21859,40.55468],[-74.21882,40.55587],[-74.21871,40.55604],[-74.21775,40.55501],[-74.21604,40.55554],[-74.21409,40.55646],[-74.21412,40.55662],[-74.21376,40.5564],[-74.21324,40.55667],[-74.20569,40.55852],[-74.207,40.55757],[-74.20506,40.55728],[-74.21055,40.55578],[-74.21312,40.55475],[-74.21291,40.55426],[-74.21089,40.55502],[-74.20613,40.54354],[-74.20311,40.54429],[-74.19887,40.53515],[-74.19858,40.53448],[-74.19999,40.53355],[-74.2031,40.53248],[-74.20289,40.53171],[-74.19962,40.53191],[-74.19748,40.53242],[-74.19608,40.52991],[-74.19479,40.53052],[-74.19832,40.52676],[-74.19944,40.52587],[-74.19836,40.52397],[-74.19805,40.52383],[-74.19784,40.52343],[-74.19754,40.52375],[-74.19728,40.5234],[-74.19507,40.52027],[-74.19519,40.52],[-74.19321,40.51731],[-74.19374,40.51565],[-74.19369,40.51273],[-74.19411,40.51243],[-74.19494,40.51243],[-74.19524,40.51194],[-74.19604,40.51194],[-74.1961,40.51242],[-74.19712,40.51242],[-74.19771,40.51067]]]}},{"type":"Feature","properties":{"irs_share_of_city_investment_2022":0.0004,"irs_income_per_household_2022":99138,"irs_agi_annual_2022":906620122,"irs_investment_annual_2022":33359473,"irs_investment_share_2022":0.0368,"irs_returns_annual":11886,"zip":"10310","name":"West New Brighton-Silver Lake-Grymes Hill","borough":"Staten Island","zips_included":"10310","irs_returns":11860,"irs_agi_per_return":69242,"irs_wages_per_return":52583,"irs_capital_income_per_return":2544,"irs_investment_income_annual":30234400,"irs_capital_gains_per_return":1483,"irs_partnership_per_return":748,"irs_capital_share_of_agi":0.0367,"irs_top_share_of_returns":0.0557,"irs_top_agi_per_return":312641,"irs_top_share_of_agi":0.2515,"irs_share_of_city_capital_income":0.0004,"irs_share_of_city_returns":0.0029,"acs_population":26239,"acs_households":9145,"acs_median_household_income":105523,"acs_median_household_income_moe":9938,"acs_mean_household_income":118232,"acs_share_households_200k":0.1519,"acs_renter_share":0.4163,"acs_median_gross_rent":1660,"acs_private_share_k12":0.1758,"acs_seasonal_units":72,"acs_seasonal_share_of_units":0.0072,"sales_count":527,"sales_median_price":615000,"sales_over_5m":0,"irs_years_available":5,"acs_households_moe":636,"acs_aggregate_income_moe":102141452},"geometry":{"type":"Polygon","coordinates":[[[-74.12629,40.62384],[-74.13206,40.62339],[-74.13198,40.62437],[-74.13131,40.62633],[-74.1307,40.62634],[-74.13013,40.62858],[-74.13028,40.62866],[-74.1301,40.62885],[-74.12922,40.62872],[-74.12958,40.63064],[-74.13009,40.63058],[-74.13022,40.63091],[-74.13048,40.63089],[-74.1306,40.63136],[-74.12944,40.63367],[-74.12847,40.63367],[-74.12802,40.6346],[-74.12784,40.63728],[-74.12689,40.63721],[-74.12708,40.63812],[-74.12706,40.64024],[-74.12634,40.64038],[-74.12569,40.64016],[-74.12415,40.64014],[-74.12286,40.64082],[-74.1226,40.64059],[-74.12291,40.64102],[-74.12278,40.64134],[-74.12145,40.6415],[-74.12064,40.64105],[-74.11953,40.64147],[-74.11815,40.64159],[-74.11821,40.64175],[-74.11786,40.64184],[-74.11763,40.64162],[-74.11717,40.64163],[-74.11722,40.64187],[-74.11535,40.64247],[-74.11512,40.64279],[-74.1138,40.64361],[-74.11359,40.64358],[-74.11092,40.64508],[-74.10974,40.64547],[-74.10473,40.64556],[-74.10465,40.6453],[-74.10511,40.64447],[-74.10655,40.64424],[-74.10542,40.6389],[-74.10481,40.63898],[-74.10447,40.63718],[-74.10313,40.63735],[-74.10252,40.63466],[-74.10552,40.6347],[-74.10598,40.63429],[-74.10568,40.63206],[-74.10599,40.63202],[-74.10569,40.63056],[-74.10536,40.63035],[-74.10484,40.62816],[-74.10435,40.62821],[-74.10352,40.62376],[-74.10426,40.62368],[-74.10419,40.62328],[-74.10445,40.62291],[-74.10682,40.62179],[-74.11002,40.62069],[-74.11153,40.62161],[-74.11326,40.62305],[-74.11701,40.62452],[-74.11841,40.62376],[-74.11831,40.62296],[-74.11875,40.62222],[-74.12008,40.62167],[-74.12147,40.62288],[-74.12205,40.62419],[-74.1247,40.62368],[-74.12452,40.62303],[-74.12616,40.6229],[-74.12629,40.62384]]]}},{"type":"Feature","properties":{"irs_share_of_city_investment_2022":0.0019,"irs_income_per_household_2022":141162,"irs_agi_annual_2022":3010133813,"irs_investment_annual_2022":158174420,"irs_investment_share_2022":0.0525,"irs_returns_annual":30206,"zip":"10312","name":"Annadale-Huguenot-Prince's Bay-Woodrow","borough":"Staten Island","zips_included":"10312","irs_returns":30330,"irs_agi_per_return":90483,"irs_wages_per_return":63756,"irs_capital_income_per_return":4771,"irs_investment_income_annual":144114600,"irs_capital_gains_per_return":2894,"irs_partnership_per_return":2578,"irs_capital_share_of_agi":0.0527,"irs_top_share_of_returns":0.0842,"irs_top_agi_per_return":340450,"irs_top_share_of_agi":0.3169,"irs_share_of_city_capital_income":0.0019,"irs_share_of_city_returns":0.0073,"acs_population":63473,"acs_households":21324,"acs_median_household_income":107414,"acs_median_household_income_moe":5586,"acs_mean_household_income":133355,"acs_share_households_200k":0.1851,"acs_renter_share":0.1806,"acs_median_gross_rent":1773,"acs_private_share_k12":0.2041,"acs_seasonal_units":65,"acs_seasonal_share_of_units":0.0029,"sales_count":1668,"sales_median_price":725000,"sales_over_5m":0,"irs_years_available":5,"acs_households_moe":931,"acs_aggregate_income_moe":141969557},"geometry":{"type":"Polygon","coordinates":[[[-74.19771,40.51067],[-74.19712,40.51242],[-74.1961,40.51242],[-74.19604,40.51194],[-74.19524,40.51194],[-74.19494,40.51243],[-74.19411,40.51243],[-74.19369,40.51273],[-74.19374,40.51565],[-74.19321,40.51731],[-74.19519,40.52],[-74.19507,40.52027],[-74.19728,40.5234],[-74.19754,40.52375],[-74.19784,40.52343],[-74.19805,40.52383],[-74.19836,40.52397],[-74.19944,40.52587],[-74.19832,40.52676],[-74.19479,40.53052],[-74.19608,40.52991],[-74.19748,40.53242],[-74.19962,40.53191],[-74.20289,40.53171],[-74.2031,40.53248],[-74.19999,40.53355],[-74.19858,40.53448],[-74.19887,40.53515],[-74.20311,40.54429],[-74.20613,40.54354],[-74.21089,40.55502],[-74.21291,40.55426],[-74.21312,40.55475],[-74.21055,40.55578],[-74.20506,40.55728],[-74.207,40.55757],[-74.20507,40.55881],[-74.20157,40.55962],[-74.19991,40.56085],[-74.19948,40.5605],[-74.19346,40.56634],[-74.19389,40.5667],[-74.1968,40.57552],[-74.19763,40.57718],[-74.19791,40.57821],[-74.19646,40.57789],[-74.1963,40.57765],[-74.19593,40.57775],[-74.19295,40.5766],[-74.19161,40.57588],[-74.19038,40.57632],[-74.19047,40.57668],[-74.18687,40.57705],[-74.18377,40.57361],[-74.17888,40.57177],[-74.17672,40.56991],[-74.17469,40.56686],[-74.17056,40.56684],[-74.16968,40.56647],[-74.16969,40.56607],[-74.16919,40.56604],[-74.16734,40.56648],[-74.16657,40.56641],[-74.16631,40.56678],[-74.16558,40.56675],[-74.16521,40.56655],[-74.16487,40.56567],[-74.16443,40.56534],[-74.165,40.56145],[-74.16592,40.56029],[-74.16494,40.56011],[-74.1634,40.55331],[-74.16268,40.55179],[-74.1621,40.54908],[-74.16117,40.54919],[-74.16078,40.54737],[-74.16175,40.54699],[-74.1621,40.54587],[-74.15933,40.5473],[-74.15887,40.54626],[-74.1593,40.54602],[-74.15895,40.54539],[-74.15919,40.54523],[-74.15179,40.5377],[-74.15071,40.5371],[-74.15051,40.53726],[-74.14973,40.53727],[-74.14724,40.53579],[-74.1464,40.53637],[-74.14536,40.53586],[-74.14602,40.53555],[-74.146,40.53539],[-74.14669,40.53541],[-74.14795,40.53492],[-74.14978,40.53389],[-74.14976,40.53343],[-74.1507,40.53255],[-74.15111,40.53274],[-74.15176,40.5324],[-74.15185,40.53216],[-74.15246,40.53207],[-74.154,40.53083],[-74.1539,40.53067],[-74.15412,40.53075],[-74.15463,40.53035],[-74.15455,40.53006],[-74.15493,40.53023],[-74.15565,40.52964],[-74.1555,40.52944],[-74.15573,40.5296],[-74.15611,40.52932],[-74.15645,40.52893],[-74.15619,40.52861],[-74.15667,40.52899],[-74.15702,40.52898],[-74.15826,40.5283],[-74.15797,40.52807],[-74.15833,40.52828],[-74.1597,40.5273],[-74.1603,40.52756],[-74.16155,40.52702],[-74.16227,40.5272],[-74.17,40.52305],[-74.17051,40.52305],[-74.17136,40.52346],[-74.17269,40.52297],[-74.17601,40.52087],[-74.17758,40.51923],[-74.17832,40.51995],[-74.17926,40.51999],[-74.17981,40.52055],[-74.18105,40.52066],[-74.18233,40.52035],[-74.18315,40.51987],[-74.18483,40.51934],[-74.18657,40.51812],[-74.1885,40.51631],[-74.18927,40.51535],[-74.18884,40.51508],[-74.18971,40.51532],[-74.19179,40.51305],[-74.19344,40.51157],[-74.1941,40.51064],[-74.19522,40.50998],[-74.19603,40.50985],[-74.19671,40.51001],[-74.19771,40.51067]]]}},{"type":"Feature","properties":{"irs_share_of_city_investment_2022":0.0021,"irs_income_per_household_2022":113411,"irs_agi_annual_2022":3609296373,"irs_investment_annual_2022":176704874,"irs_investment_share_2022":0.049,"irs_returns_annual":42148,"zip":"10314","name":"New Springville-Willowbrook-Bulls Head-Travis","borough":"Staten Island","zips_included":"10311, 10314","irs_returns":42370,"irs_agi_per_return":77765,"irs_wages_per_return":55297,"irs_capital_income_per_return":3805,"irs_investment_income_annual":160363200,"irs_capital_gains_per_return":2238,"irs_partnership_per_return":2131,"irs_capital_share_of_agi":0.0489,"irs_top_share_of_returns":0.0614,"irs_top_agi_per_return":332956,"irs_top_share_of_agi":0.2629,"irs_share_of_city_capital_income":0.0021,"irs_share_of_city_returns":0.0102,"acs_population":94355,"acs_households":31825,"acs_median_household_income":103436,"acs_median_household_income_moe":5661,"acs_mean_household_income":128456,"acs_share_households_200k":0.1957,"acs_renter_share":0.2493,"acs_median_gross_rent":1631,"acs_private_share_k12":0.3176,"acs_seasonal_units":67,"acs_seasonal_share_of_units":0.002,"sales_count":2337,"sales_median_price":685000,"sales_over_5m":0,"irs_years_available":5,"acs_households_moe":780,"acs_aggregate_income_moe":null},"geometry":{"type":"Polygon","coordinates":[[[-74.16968,40.56647],[-74.17056,40.56684],[-74.17469,40.56686],[-74.17672,40.56991],[-74.17888,40.57177],[-74.18377,40.57361],[-74.18687,40.57705],[-74.19047,40.57668],[-74.19038,40.57632],[-74.19161,40.57588],[-74.19295,40.5766],[-74.19593,40.57775],[-74.1963,40.57765],[-74.19646,40.57789],[-74.19791,40.57821],[-74.19763,40.57718],[-74.1968,40.57552],[-74.19389,40.5667],[-74.19346,40.56634],[-74.19948,40.5605],[-74.19991,40.56085],[-74.20111,40.55986],[-74.20207,40.55943],[-74.20459,40.55897],[-74.20569,40.55852],[-74.21324,40.55667],[-74.21314,40.55705],[-74.21265,40.55728],[-74.21268,40.55764],[-74.21202,40.55833],[-74.21176,40.55913],[-74.21197,40.5593],[-74.21188,40.5596],[-74.21118,40.56045],[-74.21134,40.56126],[-74.2111,40.56216],[-74.21138,40.56349],[-74.21062,40.56552],[-74.20954,40.56751],[-74.20953,40.56793],[-74.20932,40.56802],[-74.20886,40.56891],[-74.20892,40.56963],[-74.20801,40.57055],[-74.20817,40.57072],[-74.20783,40.57261],[-74.20707,40.57427],[-74.20729,40.57526],[-74.20681,40.57592],[-74.20709,40.57631],[-74.20658,40.57665],[-74.20653,40.5769],[-74.20681,40.57718],[-74.20632,40.57754],[-74.20591,40.57862],[-74.20599,40.58041],[-74.20573,40.58097],[-74.20542,40.58107],[-74.20508,40.5816],[-74.20509,40.58221],[-74.2044,40.58372],[-74.20464,40.58432],[-74.20438,40.58459],[-74.20442,40.58552],[-74.20412,40.5859],[-74.20427,40.58611],[-74.20426,40.58732],[-74.20458,40.58822],[-74.20412,40.58888],[-74.20464,40.58929],[-74.20441,40.5897],[-74.20388,40.58979],[-74.20266,40.59072],[-74.20242,40.59064],[-74.20201,40.59089],[-74.20212,40.59126],[-74.20183,40.59154],[-74.20199,40.59178],[-74.20092,40.59287],[-74.20043,40.59284],[-74.19957,40.59377],[-74.19937,40.59409],[-74.19947,40.59434],[-74.19877,40.59496],[-74.19795,40.59647],[-74.19752,40.5968],[-74.1975,40.59773],[-74.1973,40.59802],[-74.19744,40.59846],[-74.19732,40.5987],[-74.19704,40.59857],[-74.19695,40.59869],[-74.19716,40.59894],[-74.19703,40.59904],[-74.19717,40.6],[-74.19838,40.60086],[-74.19876,40.60171],[-74.20015,40.60368],[-74.20138,40.60464],[-74.20222,40.60597],[-74.20281,40.60827],[-74.2023,40.61188],[-74.20244,40.61329],[-74.20045,40.61633],[-74.20059,40.61703],[-74.20082,40.61709],[-74.20091,40.61784],[-74.20088,40.6181],[-74.20058,40.61798],[-74.20035,40.61834],[-74.20084,40.61881],[-74.20068,40.61917],[-74.20107,40.62038],[-74.2005,40.6203],[-74.20043,40.6205],[-74.20087,40.62059],[-74.20126,40.62156],[-74.20144,40.62162],[-74.20123,40.62207],[-74.20127,40.62269],[-74.20155,40.6227],[-74.20164,40.62323],[-74.20108,40.62408],[-74.20106,40.62589],[-74.20118,40.62611],[-74.20141,40.62607],[-74.20098,40.62935],[-74.20045,40.62971],[-74.20007,40.63158],[-74.1985,40.6328],[-74.19834,40.63314],[-74.19796,40.63327],[-74.19759,40.63308],[-74.19728,40.63329],[-74.19715,40.63393],[-74.19647,40.63413],[-74.19603,40.635],[-74.19556,40.63503],[-74.19249,40.6334],[-74.19463,40.63254],[-74.19592,40.63182],[-74.19585,40.63154],[-74.19718,40.63249],[-74.19736,40.6324],[-74.19523,40.63099],[-74.19392,40.63072],[-74.19266,40.63095],[-74.19239,40.63077],[-74.19239,40.629],[-74.19209,40.62842],[-74.19134,40.62833],[-74.19029,40.62901],[-74.19026,40.62944],[-74.18952,40.63059],[-74.18925,40.63071],[-74.18908,40.63054],[-74.18904,40.62965],[-74.18838,40.62905],[-74.18724,40.62949],[-74.18596,40.6291],[-74.18522,40.62854],[-74.18485,40.62783],[-74.18405,40.62846],[-74.17936,40.62609],[-74.17855,40.62466],[-74.17775,40.62494],[-74.17667,40.62307],[-74.17653,40.62131],[-74.17744,40.61841],[-74.17726,40.61771],[-74.17816,40.61587],[-74.17854,40.61527],[-74.18043,40.61224],[-74.17948,40.61197],[-74.17903,40.61335],[-74.176,40.61802],[-74.17498,40.61904],[-74.17336,40.61998],[-74.17169,40.62048],[-74.16919,40.62055],[-74.16878,40.62112],[-74.1633,40.61926],[-74.16535,40.62023],[-74.16498,40.62162],[-74.16487,40.62192],[-74.16424,40.62195],[-74.16258,40.62162],[-74.16241,40.62241],[-74.1578,40.62167],[-74.15131,40.62135],[-74.14929,40.62309],[-74.14876,40.6251],[-74.14623,40.62493],[-74.14679,40.62361],[-74.14773,40.62214],[-74.15205,40.61754],[-74.15155,40.61751],[-74.14794,40.62133],[-74.14721,40.62093],[-74.14744,40.62071],[-74.14661,40.62029],[-74.14498,40.62022],[-74.14495,40.6199],[-74.14468,40.6199],[-74.1448,40.61905],[-74.14528,40.61907],[-74.1454,40.61857],[-74.14649,40.61861],[-74.14732,40.61708],[-74.14161,40.61652],[-74.14121,40.61804],[-74.14168,40.61811],[-74.14143,40.61979],[-74.14191,40.61987],[-74.14168,40.62163],[-74.13942,40.62128],[-74.13933,40.62187],[-74.13666,40.62151],[-74.13639,40.62347],[-74.13386,40.62206],[-74.13256,40.6229],[-74.13207,40.6227],[-74.13191,40.62166],[-74.13037,40.62176],[-74.13061,40.6235],[-74.12629,40.62384],[-74.12616,40.6229],[-74.12452,40.62303],[-74.1247,40.62368],[-74.12205,40.62419],[-74.12147,40.62288],[-74.12008,40.62167],[-74.11967,40.62175],[-74.11924,40.62043],[-74.11787,40.61787],[-74.11471,40.61811],[-74.11415,40.61374],[-74.11338,40.6138],[-74.11318,40.61297],[-74.11291,40.6127],[-74.11389,40.61254],[-74.1132,40.61265],[-74.11302,40.61232],[-74.11389,40.61158],[-74.11001,40.61034],[-74.1103,40.60722],[-74.11333,40.60398],[-74.11378,40.60267],[-74.115,40.60208],[-74.11684,40.60189],[-74.11664,40.59906],[-74.11782,40.59903],[-74.11782,40.59838],[-74.11943,40.59836],[-74.11957,40.60182],[-74.1206,40.60181],[-74.1207,40.6007],[-74.12259,40.59949],[-74.12628,40.59346],[-74.12627,40.59102],[-74.12782,40.58937],[-74.12773,40.58756],[-74.1291,40.58629],[-74.12894,40.58502],[-74.12943,40.58368],[-74.1304,40.58276],[-74.13137,40.58341],[-74.13306,40.5839],[-74.1337,40.58458],[-74.1335,40.5856],[-74.13367,40.58606],[-74.13862,40.58906],[-74.14583,40.58856],[-74.14632,40.58607],[-74.15123,40.58206],[-74.15273,40.58046],[-74.16983,40.57083],[-74.16968,40.56647]],[[-74.17854,40.61527],[-74.17833,40.61586],[-74.17862,40.6153],[-74.17854,40.61527]]]}},{"type":"Feature","properties":{"irs_share_of_city_investment_2022":0.0,"irs_income_per_household_2022":44784,"irs_agi_annual_2022":1449667199,"irs_investment_annual_2022":3363172,"irs_investment_share_2022":0.0023,"irs_returns_annual":41156,"zip":"10456","name":"Morrisania","borough":"Bronx","zips_included":"10456","irs_returns":39410,"irs_agi_per_return":31943,"irs_wages_per_return":26717,"irs_capital_income_per_return":74,"irs_investment_income_annual":3047600,"irs_capital_gains_per_return":43,"irs_partnership_per_return":42,"irs_capital_share_of_agi":0.0023,"irs_top_share_of_returns":0.0016,"irs_top_agi_per_return":346269,"irs_top_share_of_agi":0.0169,"irs_share_of_city_capital_income":0.0,"irs_share_of_city_returns":0.01,"acs_population":88575,"acs_households":32370,"acs_median_household_income":33317,"acs_median_household_income_moe":2916,"acs_mean_household_income":48138,"acs_share_households_200k":0.014,"acs_renter_share":0.9376,"acs_median_gross_rent":1163,"acs_private_share_k12":0.101,"acs_seasonal_units":0,"acs_seasonal_share_of_units":0.0,"sales_count":185,"sales_median_price":660000,"sales_over_5m":0,"irs_years_available":5,"acs_households_moe":1229,"acs_aggregate_income_moe":113157631},"geometry":{"type":"Polygon","coordinates":[[[-73.91189,40.82024],[-73.91152,40.8209],[-73.91012,40.8206],[-73.90946,40.82243],[-73.90991,40.82255],[-73.9094,40.82287],[-73.90871,40.82407],[-73.91131,40.82485],[-73.91179,40.82643],[-73.9117,40.82776],[-73.91217,40.8279],[-73.91363,40.82692],[-73.91476,40.82756],[-73.91532,40.82655],[-73.9202,40.8281],[-73.91894,40.83033],[-73.92047,40.83091],[-73.91903,40.83309],[-73.91423,40.83811],[-73.91313,40.83981],[-73.91208,40.83946],[-73.91274,40.83832],[-73.91139,40.83786],[-73.91073,40.839],[-73.90988,40.83871],[-73.91059,40.8375],[-73.90916,40.83697],[-73.90788,40.83727],[-73.9068,40.83826],[-73.90561,40.83985],[-73.90538,40.83977],[-73.90598,40.83851],[-73.90057,40.83659],[-73.90121,40.83541],[-73.89697,40.83434],[-73.8963,40.83354],[-73.89802,40.83274],[-73.89902,40.832],[-73.8985,40.82995],[-73.89879,40.8301],[-73.9035,40.81873],[-73.90529,40.81793],[-73.91061,40.81923],[-73.91035,40.81995],[-73.91189,40.82024]]]}},{"type":"Feature","properties":{"irs_share_of_city_investment_2022":0.0,"irs_income_per_household_2022":47605,"irs_agi_annual_2022":1345311162,"irs_investment_annual_2022":3369467,"irs_investment_share_2022":0.0025,"irs_returns_annual":37378,"zip":"10452","name":"Highbridge","borough":"Bronx","zips_included":"10452","irs_returns":36080,"irs_agi_per_return":32644,"irs_wages_per_return":27238,"irs_capital_income_per_return":82,"irs_investment_income_annual":3057600,"irs_capital_gains_per_return":46,"irs_partnership_per_return":41,"irs_capital_share_of_agi":0.0025,"irs_top_share_of_returns":0.0018,"irs_top_agi_per_return":328797,"irs_top_share_of_agi":0.0183,"irs_share_of_city_capital_income":0.0,"irs_share_of_city_returns":0.0091,"acs_population":78624,"acs_households":28260,"acs_median_household_income":36536,"acs_median_household_income_moe":3180,"acs_mean_household_income":52522,"acs_share_households_200k":0.0156,"acs_renter_share":0.967,"acs_median_gross_rent":1323,"acs_private_share_k12":0.0718,"acs_seasonal_units":0,"acs_seasonal_share_of_units":0.0,"sales_count":91,"sales_median_price":550000,"sales_over_5m":0,"irs_years_available":5,"acs_households_moe":968,"acs_aggregate_income_moe":141788250},"geometry":{"type":"Polygon","coordinates":[[[-73.93307,40.82816],[-73.9336,40.83279],[-73.93315,40.83519],[-73.93266,40.83647],[-73.93052,40.83994],[-73.93048,40.84046],[-73.92919,40.84282],[-73.92862,40.84468],[-73.92808,40.84539],[-73.92512,40.84478],[-73.92263,40.8448],[-73.92205,40.84577],[-73.92108,40.84652],[-73.91972,40.84607],[-73.91686,40.84646],[-73.91716,40.84598],[-73.91709,40.84544],[-73.91651,40.84546],[-73.91542,40.84596],[-73.91398,40.84543],[-73.91416,40.84518],[-73.91104,40.84514],[-73.91158,40.84425],[-73.91296,40.8402],[-73.91371,40.83881],[-73.9195,40.83248],[-73.92262,40.82684],[-73.92698,40.82814],[-73.92876,40.82919],[-73.93096,40.82834],[-73.93307,40.82816]]]}},{"type":"Feature","properties":{"irs_share_of_city_investment_2022":0.0,"irs_income_per_household_2022":47536,"irs_agi_annual_2022":1352683980,"irs_investment_annual_2022":3026223,"irs_investment_share_2022":0.0022,"irs_returns_annual":38936,"zip":"10453","name":"University Heights (South)-Morris Heights","borough":"Bronx","zips_included":"10453","irs_returns":37250,"irs_agi_per_return":31509,"irs_wages_per_return":26121,"irs_capital_income_per_return":71,"irs_investment_income_annual":2767000,"irs_capital_gains_per_return":36,"irs_partnership_per_return":47,"irs_capital_share_of_agi":0.0023,"irs_top_share_of_returns":0.0016,"irs_top_agi_per_return":314109,"irs_top_share_of_agi":0.0164,"irs_share_of_city_capital_income":0.0,"irs_share_of_city_returns":0.0094,"acs_population":80385,"acs_households":28456,"acs_median_household_income":34800,"acs_median_household_income_moe":4035,"acs_mean_household_income":51195,"acs_share_households_200k":0.0157,"acs_renter_share":0.953,"acs_median_gross_rent":1362,"acs_private_share_k12":0.0677,"acs_seasonal_units":15,"acs_seasonal_share_of_units":0.0005,"sales_count":105,"sales_median_price":799000,"sales_over_5m":0,"irs_years_available":5,"acs_households_moe":942,"acs_aggregate_income_moe":107401146},"geometry":{"type":"Polygon","coordinates":[[[-73.92808,40.84539],[-73.92683,40.84729],[-73.92465,40.84978],[-73.92395,40.85122],[-73.92256,40.85319],[-73.92174,40.85422],[-73.92154,40.85412],[-73.92134,40.85432],[-73.92151,40.85451],[-73.9208,40.85538],[-73.9203,40.85524],[-73.92052,40.85569],[-73.91957,40.85684],[-73.91902,40.85739],[-73.91753,40.85689],[-73.91741,40.85705],[-73.91744,40.85621],[-73.91719,40.85592],[-73.91721,40.85684],[-73.91616,40.85879],[-73.91508,40.85919],[-73.91542,40.85873],[-73.91102,40.8606],[-73.91013,40.86012],[-73.90905,40.86026],[-73.90726,40.85935],[-73.9068,40.85937],[-73.90391,40.85837],[-73.90369,40.85871],[-73.89996,40.85742],[-73.90154,40.85499],[-73.90678,40.84854],[-73.91104,40.84514],[-73.91416,40.84518],[-73.91398,40.84543],[-73.91542,40.84596],[-73.91651,40.84546],[-73.91709,40.84544],[-73.91716,40.84598],[-73.91686,40.84646],[-73.91972,40.84607],[-73.92108,40.84652],[-73.92205,40.84577],[-73.92263,40.8448],[-73.92512,40.84478],[-73.92808,40.84539]]]}},{"type":"Feature","properties":{"irs_share_of_city_investment_2022":0.0,"irs_income_per_household_2022":39909,"irs_agi_annual_2022":588139384,"irs_investment_annual_2022":1639516,"irs_investment_share_2022":0.0028,"irs_returns_annual":16032,"zip":"10454","name":"Mott Haven-Port Morris","borough":"Bronx","zips_included":"10454","irs_returns":15660,"irs_agi_per_return":33303,"irs_wages_per_return":28259,"irs_capital_income_per_return":92,"irs_investment_income_annual":1473200,"irs_capital_gains_per_return":55,"irs_partnership_per_return":174,"irs_capital_share_of_agi":0.0028,"irs_top_share_of_returns":0.0042,"irs_top_agi_per_return":320156,"irs_top_share_of_agi":0.0408,"irs_share_of_city_capital_income":0.0,"irs_share_of_city_returns":0.0039,"acs_population":41073,"acs_households":14737,"acs_median_household_income":26400,"acs_median_household_income_moe":4309,"acs_mean_household_income":47549,"acs_share_households_200k":0.0313,"acs_renter_share":0.943,"acs_median_gross_rent":954,"acs_private_share_k12":0.1366,"acs_seasonal_units":12,"acs_seasonal_share_of_units":0.0008,"sales_count":59,"sales_median_price":875000,"sales_over_5m":0,"irs_years_available":5,"acs_households_moe":663,"acs_aggregate_income_moe":87044672},"geometry":{"type":"Polygon","coordinates":[[[-73.93184,40.80786],[-73.93013,40.80885],[-73.9273,40.81108],[-73.92714,40.81095],[-73.92209,40.81373],[-73.92012,40.81289],[-73.91966,40.81351],[-73.91921,40.81333],[-73.91899,40.81362],[-73.9167,40.81275],[-73.91686,40.81244],[-73.91448,40.81165],[-73.91519,40.81039],[-73.91367,40.81014],[-73.9133,40.80965],[-73.91248,40.80934],[-73.9107,40.80881],[-73.91036,40.80965],[-73.90496,40.80853],[-73.90621,40.80761],[-73.9063,40.80746],[-73.90611,40.80726],[-73.903,40.80945],[-73.90219,40.80479],[-73.90321,40.8039],[-73.90375,40.80377],[-73.90453,40.80317],[-73.90747,40.80001],[-73.90818,40.79939],[-73.90838,40.79948],[-73.90855,40.79931],[-73.90825,40.79909],[-73.9083,40.79896],[-73.91089,40.79702],[-73.91169,40.79662],[-73.91372,40.79679],[-73.92024,40.79961],[-73.92132,40.80128],[-73.92293,40.80237],[-73.92423,40.80254],[-73.92665,40.80241],[-73.92763,40.80269],[-73.92728,40.80351],[-73.92764,40.80399],[-73.92873,40.8041],[-73.93052,40.80659],[-73.93184,40.80786]]]}},{"type":"Feature","properties":{"irs_share_of_city_investment_2022":0.0,"irs_income_per_household_2022":42503,"irs_agi_annual_2022":690848519,"irs_investment_annual_2022":1538663,"irs_investment_share_2022":0.0022,"irs_returns_annual":18768,"zip":"10455","name":"Melrose","borough":"Bronx","zips_included":"10455","irs_returns":18600,"irs_agi_per_return":33408,"irs_wages_per_return":28382,"irs_capital_income_per_return":75,"irs_investment_income_annual":1401800,"irs_capital_gains_per_return":41,"irs_partnership_per_return":34,"irs_capital_share_of_agi":0.0022,"irs_top_share_of_returns":0.0025,"irs_top_agi_per_return":308922,"irs_top_share_of_agi":0.0227,"irs_share_of_city_capital_income":0.0,"irs_share_of_city_returns":0.0046,"acs_population":44380,"acs_households":16254,"acs_median_household_income":35813,"acs_median_household_income_moe":3294,"acs_mean_household_income":52036,"acs_share_households_200k":0.0136,"acs_renter_share":0.8827,"acs_median_gross_rent":1130,"acs_private_share_k12":0.1464,"acs_seasonal_units":18,"acs_seasonal_share_of_units":0.0011,"sales_count":104,"sales_median_price":728230,"sales_over_5m":0,"irs_years_available":5,"acs_households_moe":810,"acs_aggregate_income_moe":64230707},"geometry":{"type":"Polygon","coordinates":[[[-73.92209,40.81373],[-73.92033,40.81464],[-73.91924,40.81722],[-73.91746,40.81676],[-73.91712,40.81751],[-73.91892,40.81798],[-73.91741,40.82128],[-73.91215,40.81979],[-73.91189,40.82024],[-73.91035,40.81995],[-73.91061,40.81923],[-73.90529,40.81793],[-73.9035,40.81873],[-73.90299,40.82003],[-73.9016,40.8197],[-73.90211,40.81851],[-73.90088,40.81781],[-73.90002,40.8186],[-73.89506,40.81563],[-73.89737,40.81339],[-73.90611,40.80726],[-73.9063,40.80746],[-73.90621,40.80761],[-73.90496,40.80853],[-73.91036,40.80965],[-73.9107,40.80881],[-73.91248,40.80934],[-73.9133,40.80965],[-73.91367,40.81014],[-73.91519,40.81039],[-73.91448,40.81165],[-73.91686,40.81244],[-73.9167,40.81275],[-73.91899,40.81362],[-73.91921,40.81333],[-73.91966,40.81351],[-73.92012,40.81289],[-73.92209,40.81373]]]}},{"type":"Feature","properties":{"irs_share_of_city_investment_2022":0.0,"irs_income_per_household_2022":46225,"irs_agi_annual_2022":1209378713,"irs_investment_annual_2022":3025004,"irs_investment_share_2022":0.0025,"irs_returns_annual":34322,"zip":"10457","name":"Tremont","borough":"Bronx","zips_included":"10457","irs_returns":33510,"irs_agi_per_return":31972,"irs_wages_per_return":26775,"irs_capital_income_per_return":79,"irs_investment_income_annual":2727600,"irs_capital_gains_per_return":48,"irs_partnership_per_return":45,"irs_capital_share_of_agi":0.0025,"irs_top_share_of_returns":0.0022,"irs_top_agi_per_return":309750,"irs_top_share_of_agi":0.0215,"irs_share_of_city_capital_income":0.0,"irs_share_of_city_returns":0.0083,"acs_population":79817,"acs_households":26163,"acs_median_household_income":41145,"acs_median_household_income_moe":5310,"acs_mean_household_income":56909,"acs_share_households_200k":0.0217,"acs_renter_share":0.9375,"acs_median_gross_rent":1381,"acs_private_share_k12":0.0373,"acs_seasonal_units":14,"acs_seasonal_share_of_units":0.0005,"sales_count":207,"sales_median_price":710000,"sales_over_5m":0,"irs_years_available":5,"acs_households_moe":1032,"acs_aggregate_income_moe":122430786},"geometry":{"type":"Polygon","coordinates":[[[-73.89217,40.84105],[-73.89538,40.84294],[-73.8929,40.84627],[-73.89618,40.84666],[-73.89761,40.84381],[-73.89647,40.84371],[-73.90057,40.83659],[-73.90598,40.83851],[-73.90538,40.83977],[-73.90561,40.83985],[-73.9052,40.84071],[-73.90501,40.8424],[-73.90515,40.84255],[-73.90959,40.84276],[-73.90962,40.84211],[-73.90888,40.8389],[-73.9091,40.83774],[-73.90963,40.83713],[-73.91059,40.8375],[-73.90988,40.83871],[-73.91073,40.839],[-73.91139,40.83786],[-73.91274,40.83832],[-73.91208,40.83946],[-73.91313,40.83981],[-73.91158,40.84425],[-73.91108,40.8451],[-73.90678,40.84854],[-73.90154,40.85499],[-73.89996,40.85742],[-73.89731,40.85651],[-73.89752,40.85618],[-73.89601,40.8556],[-73.89558,40.85625],[-73.89091,40.85412],[-73.89039,40.85469],[-73.88961,40.85362],[-73.88963,40.85317],[-73.88724,40.85248],[-73.888,40.85097],[-73.88654,40.85125],[-73.88595,40.85119],[-73.88554,40.852],[-73.88382,40.8515],[-73.8848,40.84931],[-73.89038,40.84279],[-73.89217,40.84105]]]}},{"type":"Feature","properties":{"irs_share_of_city_investment_2022":0.0001,"irs_income_per_household_2022":45131,"irs_agi_annual_2022":1314031627,"irs_investment_annual_2022":7212727,"irs_investment_share_2022":0.0055,"irs_returns_annual":35546,"zip":"10458","name":"Belmont","borough":"Bronx","zips_included":"10458","irs_returns":34250,"irs_agi_per_return":33514,"irs_wages_per_return":27895,"irs_capital_income_per_return":183,"irs_investment_income_annual":6521400,"irs_capital_gains_per_return":100,"irs_partnership_per_return":62,"irs_capital_share_of_agi":0.0055,"irs_top_share_of_returns":0.0023,"irs_top_agi_per_return":344690,"irs_top_share_of_agi":0.0237,"irs_share_of_city_capital_income":0.0001,"irs_share_of_city_returns":0.0086,"acs_population":82678,"acs_households":29116,"acs_median_household_income":41550,"acs_median_household_income_moe":2405,"acs_mean_household_income":56212,"acs_share_households_200k":0.0147,"acs_renter_share":0.9584,"acs_median_gross_rent":1512,"acs_private_share_k12":0.0474,"acs_seasonal_units":16,"acs_seasonal_share_of_units":0.0005,"sales_count":229,"sales_median_price":620000,"sales_over_5m":0,"irs_years_available":5,"acs_households_moe":1093,"acs_aggregate_income_moe":135666117},"geometry":{"type":"Polygon","coordinates":[[[-73.89996,40.85742],[-73.89715,40.86244],[-73.89175,40.86951],[-73.89099,40.87016],[-73.88834,40.87171],[-73.8875,40.87254],[-73.88477,40.8784],[-73.88346,40.87606],[-73.8834,40.87395],[-73.88319,40.87339],[-73.88247,40.87213],[-73.88176,40.87235],[-73.87974,40.86806],[-73.8791,40.86804],[-73.88106,40.86669],[-73.88232,40.86631],[-73.88356,40.86553],[-73.88395,40.86495],[-73.88392,40.86442],[-73.88201,40.86205],[-73.88068,40.86078],[-73.88061,40.86036],[-73.88101,40.85827],[-73.88088,40.85751],[-73.87845,40.85582],[-73.87738,40.85542],[-73.87862,40.85586],[-73.88079,40.85713],[-73.88073,40.85668],[-73.88167,40.85335],[-73.88274,40.85365],[-73.88382,40.8515],[-73.88554,40.852],[-73.88595,40.85119],[-73.88654,40.85125],[-73.888,40.85097],[-73.88724,40.85248],[-73.88963,40.85317],[-73.88961,40.85362],[-73.89039,40.85469],[-73.89091,40.85412],[-73.89558,40.85625],[-73.89601,40.8556],[-73.89752,40.85618],[-73.89731,40.85651],[-73.89996,40.85742]]]}},{"type":"Feature","properties":{"irs_share_of_city_investment_2022":0.0,"irs_income_per_household_2022":45761,"irs_agi_annual_2022":814775393,"irs_investment_annual_2022":2335293,"irs_investment_share_2022":0.0029,"irs_returns_annual":22108,"zip":"10459","name":"Longwood","borough":"Bronx","zips_included":"10459","irs_returns":21400,"irs_agi_per_return":33435,"irs_wages_per_return":28414,"irs_capital_income_per_return":96,"irs_investment_income_annual":2133200,"irs_capital_gains_per_return":66,"irs_partnership_per_return":11,"irs_capital_share_of_agi":0.0029,"irs_top_share_of_returns":0.0018,"irs_top_agi_per_return":271290,"irs_top_share_of_agi":0.0147,"irs_share_of_city_capital_income":0.0,"irs_share_of_city_returns":0.0054,"acs_population":51964,"acs_households":17805,"acs_median_household_income":41270,"acs_median_household_income_moe":3387,"acs_mean_household_income":61443,"acs_share_households_200k":0.0356,"acs_renter_share":0.8708,"acs_median_gross_rent":1292,"acs_private_share_k12":0.0856,"acs_seasonal_units":37,"acs_seasonal_share_of_units":0.002,"sales_count":172,"sales_median_price":650000,"sales_over_5m":0,"irs_years_available":5,"acs_households_moe":744,"acs_aggregate_income_moe":102289276},"geometry":{"type":"Polygon","coordinates":[[[-73.90299,40.82003],[-73.89879,40.8301],[-73.8985,40.82995],[-73.89902,40.832],[-73.89802,40.83274],[-73.89527,40.83404],[-73.89512,40.8332],[-73.89419,40.83329],[-73.89453,40.83452],[-73.89412,40.83492],[-73.8937,40.83472],[-73.89313,40.83342],[-73.89216,40.83364],[-73.89174,40.83266],[-73.88563,40.83064],[-73.88536,40.8304],[-73.8845,40.83223],[-73.88473,40.83233],[-73.88223,40.83545],[-73.88005,40.8347],[-73.8839,40.8298],[-73.88352,40.82926],[-73.88439,40.82682],[-73.88461,40.82527],[-73.88465,40.82383],[-73.88439,40.82297],[-73.88739,40.82255],[-73.89024,40.82101],[-73.89011,40.82089],[-73.89543,40.81584],[-73.90002,40.8186],[-73.90088,40.81781],[-73.90211,40.81851],[-73.9016,40.8197],[-73.90299,40.82003]]]}},{"type":"Feature","properties":{"irs_share_of_city_investment_2022":0.0,"irs_income_per_household_2022":45546,"irs_agi_annual_2022":993545260,"irs_investment_annual_2022":3912202,"irs_investment_share_2022":0.0039,"irs_returns_annual":26888,"zip":"10460","name":"West Farms","borough":"Bronx","zips_included":"10460","irs_returns":26030,"irs_agi_per_return":33531,"irs_wages_per_return":28194,"irs_capital_income_per_return":133,"irs_investment_income_annual":3573400,"irs_capital_gains_per_return":81,"irs_partnership_per_return":24,"irs_capital_share_of_agi":0.004,"irs_top_share_of_returns":0.002,"irs_top_agi_per_return":312870,"irs_top_share_of_agi":0.0187,"irs_share_of_city_capital_income":0.0,"irs_share_of_city_returns":0.0065,"acs_population":59852,"acs_households":21814,"acs_median_household_income":33080,"acs_median_household_income_moe":3535,"acs_mean_household_income":53823,"acs_share_households_200k":0.0283,"acs_renter_share":0.8984,"acs_median_gross_rent":1299,"acs_private_share_k12":0.0502,"acs_seasonal_units":0,"acs_seasonal_share_of_units":0.0,"sales_count":229,"sales_median_price":700000,"sales_over_5m":0,"irs_years_available":5,"acs_households_moe":818,"acs_aggregate_income_moe":89302223},"geometry":{"type":"Polygon","coordinates":[[[-73.8963,40.83354],[-73.89697,40.83434],[-73.89558,40.83505],[-73.8943,40.83619],[-73.89338,40.83654],[-73.89074,40.83683],[-73.88874,40.83797],[-73.88842,40.83855],[-73.8873,40.83813],[-73.8866,40.83928],[-73.88814,40.83986],[-73.88869,40.83916],[-73.89217,40.84105],[-73.89038,40.84279],[-73.8848,40.84931],[-73.88274,40.85365],[-73.88167,40.85335],[-73.88073,40.85668],[-73.88079,40.85713],[-73.87803,40.85557],[-73.87696,40.85542],[-73.87723,40.85459],[-73.87538,40.85368],[-73.87483,40.85388],[-73.87416,40.85285],[-73.87527,40.85105],[-73.87505,40.85004],[-73.87529,40.84844],[-73.87629,40.8463],[-73.87659,40.84504],[-73.87817,40.84262],[-73.87459,40.84152],[-73.87402,40.84254],[-73.87305,40.84324],[-73.87185,40.84376],[-73.87196,40.84324],[-73.87125,40.84373],[-73.87073,40.84426],[-73.87021,40.84535],[-73.86893,40.84487],[-73.86858,40.84504],[-73.86779,40.84488],[-73.86757,40.84428],[-73.86591,40.8432],[-73.86517,40.84247],[-73.86394,40.84005],[-73.86489,40.83977],[-73.86451,40.83777],[-73.86355,40.83787],[-73.86295,40.8343],[-73.865,40.83491],[-73.86508,40.83534],[-73.86598,40.83521],[-73.8668,40.83483],[-73.87,40.83565],[-73.87624,40.83618],[-73.87673,40.83621],[-73.8776,40.8358],[-73.87925,40.83443],[-73.88223,40.83545],[-73.88473,40.83233],[-73.8845,40.83223],[-73.88536,40.8304],[-73.88563,40.83064],[-73.89174,40.83266],[-73.89216,40.83364],[-73.89313,40.83342],[-73.8937,40.83472],[-73.89412,40.83492],[-73.89453,40.83452],[-73.89419,40.83329],[-73.89512,40.8332],[-73.89527,40.83404],[-73.8963,40.83354]]]}},{"type":"Feature","properties":{"irs_share_of_city_investment_2022":0.0004,"irs_income_per_household_2022":82172,"irs_agi_annual_2022":1545409385,"irs_investment_annual_2022":36548941,"irs_investment_share_2022":0.0237,"irs_returns_annual":24990,"zip":"10461","name":"Morris Park","borough":"Bronx","zips_included":"10461","irs_returns":24450,"irs_agi_per_return":56104,"irs_wages_per_return":44621,"irs_capital_income_per_return":1324,"irs_investment_income_annual":33078800,"irs_capital_gains_per_return":757,"irs_partnership_per_return":522,"irs_capital_share_of_agi":0.0236,"irs_top_share_of_returns":0.0202,"irs_top_agi_per_return":315781,"irs_top_share_of_agi":0.1135,"irs_share_of_city_capital_income":0.0004,"irs_share_of_city_returns":0.0061,"acs_population":50868,"acs_households":18807,"acs_median_household_income":64444,"acs_median_household_income_moe":5712,"acs_mean_household_income":88061,"acs_share_households_200k":0.0817,"acs_renter_share":0.6845,"acs_median_gross_rent":1675,"acs_private_share_k12":0.158,"acs_seasonal_units":100,"acs_seasonal_share_of_units":0.005,"sales_count":696,"sales_median_price":725000,"sales_over_5m":0,"irs_years_available":5,"acs_households_moe":689,"acs_aggregate_income_moe":113763872},"geometry":{"type":"MultiPolygon","coordinates":[[[[-73.83269,40.85613],[-73.83322,40.8563],[-73.83331,40.85657],[-73.83246,40.85688],[-73.8323,40.85663],[-73.83269,40.85613]]],[[[-73.84276,40.83082],[-73.84442,40.8306],[-73.84457,40.8313],[-73.8442,40.83134],[-73.83995,40.8349],[-73.84,40.83566],[-73.84422,40.83509],[-73.84526,40.83576],[-73.84559,40.83565],[-73.84591,40.83627],[-73.8529,40.84107],[-73.85309,40.84105],[-73.85334,40.84247],[-73.85521,40.84298],[-73.85113,40.84403],[-73.85115,40.84432],[-73.85219,40.84566],[-73.853,40.84529],[-73.85974,40.85391],[-73.86098,40.85648],[-73.86097,40.85681],[-73.86192,40.85679],[-73.86179,40.85798],[-73.85664,40.85811],[-73.84931,40.85872],[-73.84646,40.85864],[-73.83724,40.85736],[-73.83682,40.85728],[-73.83691,40.85701],[-73.83668,40.85665],[-73.83499,40.85657],[-73.83538,40.85645],[-73.83283,40.85603],[-73.83276,40.85608],[-73.83269,40.85613],[-73.83238,40.85635],[-73.83193,40.85669],[-73.83111,40.85752],[-73.82834,40.86089],[-73.828,40.86084],[-73.82741,40.85996],[-73.82673,40.85803],[-73.82624,40.85484],[-73.82636,40.85329],[-73.82604,40.85322],[-73.82693,40.85041],[-73.82689,40.84885],[-73.82549,40.84583],[-73.82496,40.8461],[-73.82518,40.8427],[-73.82624,40.84299],[-73.82585,40.83706],[-73.8254,40.83566],[-73.82561,40.83503],[-73.82622,40.83435],[-73.82601,40.83402],[-73.82819,40.83295],[-73.83117,40.8311],[-73.83146,40.83116],[-73.83003,40.83207],[-73.83013,40.83226],[-73.82836,40.83328],[-73.82907,40.83425],[-73.82992,40.83476],[-73.83224,40.83527],[-73.83531,40.83389],[-73.83639,40.83584],[-73.83855,40.83502],[-73.83867,40.83792],[-73.83839,40.84068],[-73.83937,40.84088],[-73.83972,40.83956],[-73.8403,40.83952],[-73.83995,40.83829],[-73.83959,40.83404],[-73.84018,40.83304],[-73.84222,40.83155],[-73.84276,40.83082]]]]}},{"type":"Feature","properties":{"irs_share_of_city_investment_2022":0.0013,"irs_income_per_household_2022":123016,"irs_agi_annual_2022":842045688,"irs_investment_annual_2022":112686080,"irs_investment_share_2022":0.1338,"irs_returns_annual":8274,"zip":"11004","name":"Glen Oaks-Floral Park-New Hyde Park","borough":"Queens","zips_included":"11004, 11005","irs_returns":8210,"irs_agi_per_return":92351,"irs_wages_per_return":48492,"irs_capital_income_per_return":12318,"irs_investment_income_annual":101915200,"irs_capital_gains_per_return":6403,"irs_partnership_per_return":2522,"irs_capital_share_of_agi":0.1334,"irs_top_share_of_returns":0.0863,"irs_top_agi_per_return":364166,"irs_top_share_of_agi":0.3403,"irs_share_of_city_capital_income":0.0013,"irs_share_of_city_returns":0.002,"acs_population":17877,"acs_households":6845,"acs_median_household_income":112311,"acs_median_household_income_moe":13301,"acs_mean_household_income":165928,"acs_share_households_200k":0.1633,"acs_renter_share":0.2624,"acs_median_gross_rent":1954,"acs_private_share_k12":0.1895,"acs_seasonal_units":147,"acs_seasonal_share_of_units":0.0192,"sales_count":834,"sales_median_price":425000,"sales_over_5m":0,"irs_years_available":5,"acs_households_moe":516,"acs_aggregate_income_moe":430090073},"geometry":{"type":"Polygon","coordinates":[[[-73.70001,40.73932],[-73.70098,40.7389],[-73.70092,40.73872],[-73.70176,40.7383],[-73.70191,40.73871],[-73.70832,40.73733],[-73.70763,40.73546],[-73.70846,40.73508],[-73.70922,40.73714],[-73.7137,40.73616],[-73.71477,40.7379],[-73.71656,40.74165],[-73.7172,40.74151],[-73.71795,40.74337],[-73.71741,40.74351],[-73.72043,40.75038],[-73.72159,40.75055],[-73.72184,40.75108],[-73.7211,40.75207],[-73.72117,40.75241],[-73.72243,40.75339],[-73.72299,40.75422],[-73.72097,40.75729],[-73.71956,40.75845],[-73.71767,40.75931],[-73.71613,40.75966],[-73.71352,40.75984],[-73.70163,40.7525],[-73.70001,40.73932]]]}},{"type":"Feature","properties":{"irs_share_of_city_investment_2022":0.0017,"irs_income_per_household_2022":186761,"irs_agi_annual_2022":3079310986,"irs_investment_annual_2022":144255313,"irs_investment_share_2022":0.0468,"irs_returns_annual":24750,"zip":"11101","name":"Long Island City-Hunters Point","borough":"Queens","zips_included":"11101","irs_returns":27640,"irs_agi_per_return":113874,"irs_wages_per_return":99045,"irs_capital_income_per_return":5380,"irs_investment_income_annual":133147000,"irs_capital_gains_per_return":3979,"irs_partnership_per_return":3529,"irs_capital_share_of_agi":0.0472,"irs_top_share_of_returns":0.1452,"irs_top_agi_per_return":395842,"irs_top_share_of_agi":0.5048,"irs_share_of_city_capital_income":0.0017,"irs_share_of_city_returns":0.006,"acs_population":34279,"acs_households":16488,"acs_median_household_income":109625,"acs_median_household_income_moe":9034,"acs_mean_household_income":145896,"acs_share_households_200k":0.2483,"acs_renter_share":0.8574,"acs_median_gross_rent":2556,"acs_private_share_k12":0.1083,"acs_seasonal_units":3390,"acs_seasonal_share_of_units":0.1357,"sales_count":1320,"sales_median_price":1081639,"sales_over_5m":2,"irs_years_available":5,"acs_households_moe":975,"acs_aggregate_income_moe":213588538},"geometry":{"type":"Polygon","coordinates":[[[-73.95967,40.74382],[-73.95936,40.74375],[-73.95845,40.74432],[-73.95621,40.74387],[-73.95485,40.74804],[-73.95318,40.74773],[-73.95305,40.74809],[-73.95479,40.74843],[-73.95632,40.74908],[-73.95559,40.74968],[-73.95507,40.74963],[-73.95452,40.75058],[-73.95465,40.75083],[-73.954,40.75179],[-73.95137,40.75452],[-73.94471,40.76288],[-73.94247,40.76199],[-73.94331,40.76066],[-73.93791,40.75871],[-73.92651,40.75244],[-73.92246,40.75742],[-73.91607,40.75443],[-73.91651,40.75389],[-73.91548,40.75379],[-73.91527,40.75407],[-73.91447,40.75367],[-73.91257,40.7533],[-73.9115,40.75456],[-73.90984,40.75164],[-73.92027,40.74956],[-73.9208,40.74689],[-73.92547,40.74743],[-73.92764,40.73661],[-73.92577,40.73628],[-73.92583,40.7357],[-73.93161,40.73683],[-73.93478,40.73556],[-73.93441,40.73489],[-73.93742,40.73376],[-73.93546,40.73181],[-73.93164,40.72922],[-73.93103,40.72909],[-73.93143,40.72874],[-73.93453,40.72911],[-73.93589,40.72946],[-73.93804,40.73051],[-73.93911,40.73138],[-73.93991,40.73327],[-73.94017,40.73349],[-73.94002,40.73354],[-73.94007,40.73376],[-73.94087,40.73507],[-73.94162,40.73583],[-73.94594,40.7375],[-73.94258,40.73881],[-73.9428,40.73888],[-73.94256,40.73902],[-73.94146,40.73925],[-73.94051,40.74011],[-73.94036,40.74033],[-73.94056,40.74042],[-73.93911,40.74262],[-73.93867,40.74253],[-73.93859,40.74293],[-73.94002,40.74321],[-73.94015,40.74283],[-73.93965,40.74273],[-73.9416,40.73986],[-73.94259,40.7394],[-73.9429,40.739],[-73.94389,40.73885],[-73.94548,40.73821],[-73.94715,40.7379],[-73.95138,40.73933],[-73.95377,40.73982],[-73.95747,40.73955],[-73.96072,40.73808],[-73.96217,40.73827],[-73.96212,40.73844],[-73.96254,40.73868],[-73.96262,40.73903],[-73.96221,40.74001],[-73.96159,40.74],[-73.96145,40.74034],[-73.96126,40.74032],[-73.96126,40.74054],[-73.96191,40.74087],[-73.96181,40.7411],[-73.96122,40.74111],[-73.96111,40.74183],[-73.96155,40.742],[-73.96061,40.74343],[-73.95978,40.7435],[-73.95967,40.74382]]]}},{"type":"Feature","properties":{"irs_share_of_city_investment_2022":0.0003,"irs_income_per_household_2022":68446,"irs_agi_annual_2022":2040115231,"irs_investment_annual_2022":22614463,"irs_investment_share_2022":0.0111,"irs_returns_annual":39982,"zip":"10462","name":"Pelham Parkway-Van Nest","borough":"Bronx","zips_included":"10462","irs_returns":38400,"irs_agi_per_return":46240,"irs_wages_per_return":37929,"irs_capital_income_per_return":513,"irs_investment_income_annual":20514000,"irs_capital_gains_per_return":296,"irs_partnership_per_return":108,"irs_capital_share_of_agi":0.0111,"irs_top_share_of_returns":0.007,"irs_top_agi_per_return":280605,"irs_top_share_of_agi":0.0425,"irs_share_of_city_capital_income":0.0003,"irs_share_of_city_returns":0.0097,"acs_population":77230,"acs_households":29806,"acs_median_household_income":63431,"acs_median_household_income_moe":2878,"acs_mean_household_income":77474,"acs_share_households_200k":0.0469,"acs_renter_share":0.7785,"acs_median_gross_rent":1652,"acs_private_share_k12":0.1407,"acs_seasonal_units":47,"acs_seasonal_share_of_units":0.0015,"sales_count":1030,"sales_median_price":245000,"sales_over_5m":1,"irs_years_available":5,"acs_households_moe":943,"acs_aggregate_income_moe":131158055},"geometry":{"type":"Polygon","coordinates":[[[-73.84559,40.82838],[-73.84543,40.82848],[-73.8462,40.82846],[-73.84725,40.82901],[-73.84728,40.82932],[-73.86009,40.83311],[-73.86075,40.8336],[-73.86272,40.83292],[-73.86285,40.83369],[-73.8668,40.83483],[-73.86598,40.83521],[-73.86508,40.83534],[-73.865,40.83491],[-73.86295,40.8343],[-73.86355,40.83787],[-73.86451,40.83777],[-73.86489,40.83977],[-73.86394,40.84005],[-73.86517,40.84247],[-73.86591,40.8432],[-73.86757,40.84428],[-73.86779,40.84488],[-73.86858,40.84504],[-73.86893,40.84487],[-73.87021,40.84535],[-73.87073,40.84426],[-73.87196,40.84324],[-73.87133,40.8468],[-73.87138,40.85124],[-73.87187,40.85401],[-73.87159,40.85506],[-73.87061,40.85632],[-73.87006,40.8566],[-73.86928,40.85669],[-73.86819,40.85806],[-73.86802,40.85783],[-73.86179,40.85798],[-73.86192,40.85679],[-73.86097,40.85681],[-73.86098,40.85648],[-73.85974,40.85391],[-73.853,40.84529],[-73.85219,40.84566],[-73.85115,40.84432],[-73.85113,40.84403],[-73.85521,40.84298],[-73.85334,40.84247],[-73.85309,40.84105],[-73.8529,40.84107],[-73.84591,40.83627],[-73.84559,40.83565],[-73.84526,40.83576],[-73.84422,40.83509],[-73.84,40.83566],[-73.83995,40.8349],[-73.8442,40.83134],[-73.84457,40.8313],[-73.84442,40.8306],[-73.8427,40.83075],[-73.8431,40.82996],[-73.8429,40.82857],[-73.84497,40.8283],[-73.84559,40.82838]]]}},{"type":"Feature","properties":{"irs_share_of_city_investment_2022":0.0026,"irs_income_per_household_2022":94054,"irs_agi_annual_2022":2784661751,"irs_investment_annual_2022":219838438,"irs_investment_share_2022":0.0789,"irs_returns_annual":34594,"zip":"10463","name":"Riverdale-Spuyten Duyvil","borough":"Bronx","zips_included":"10463","irs_returns":33570,"irs_agi_per_return":72975,"irs_wages_per_return":50497,"irs_capital_income_per_return":5724,"irs_investment_income_annual":198014600,"irs_capital_gains_per_return":3298,"irs_partnership_per_return":1568,"irs_capital_share_of_agi":0.0784,"irs_top_share_of_returns":0.056,"irs_top_agi_per_return":411345,"irs_top_share_of_agi":0.3158,"irs_share_of_city_capital_income":0.0026,"irs_share_of_city_returns":0.0084,"acs_population":70296,"acs_households":29607,"acs_median_household_income":66780,"acs_median_household_income_moe":5146,"acs_mean_household_income":98349,"acs_share_households_200k":0.1065,"acs_renter_share":0.6549,"acs_median_gross_rent":1592,"acs_private_share_k12":0.1551,"acs_seasonal_units":125,"acs_seasonal_share_of_units":0.0041,"sales_count":1136,"sales_median_price":351500,"sales_over_5m":1,"irs_years_available":5,"acs_households_moe":1062,"acs_aggregate_income_moe":128524585},"geometry":{"type":"Polygon","coordinates":[[[-73.90833,40.86716],[-73.90763,40.8691],[-73.90788,40.86932],[-73.90608,40.87324],[-73.90636,40.87332],[-73.90843,40.86894],[-73.90842,40.87059],[-73.90872,40.87223],[-73.90893,40.87216],[-73.9096,40.87309],[-73.91081,40.87409],[-73.91572,40.87571],[-73.91726,40.87581],[-73.91776,40.87566],[-73.91908,40.87606],[-73.92007,40.87663],[-73.92206,40.87858],[-73.92274,40.8789],[-73.92452,40.87906],[-73.9249,40.87889],[-73.92381,40.88033],[-73.92059,40.88718],[-73.9187,40.88688],[-73.91876,40.88557],[-73.91587,40.88486],[-73.91398,40.88638],[-73.91669,40.8869],[-73.91688,40.88875],[-73.91634,40.89128],[-73.91454,40.8905],[-73.9127,40.89057],[-73.9129,40.88975],[-73.909,40.8895],[-73.90796,40.88886],[-73.90739,40.88782],[-73.90626,40.88757],[-73.90545,40.89016],[-73.90443,40.89016],[-73.90436,40.88977],[-73.90291,40.88945],[-73.90237,40.88726],[-73.89978,40.88653],[-73.89468,40.88552],[-73.88759,40.88426],[-73.88705,40.88435],[-73.8872,40.88275],[-73.888,40.88283],[-73.88997,40.88023],[-73.89141,40.87897],[-73.89733,40.87145],[-73.8978,40.87167],[-73.89801,40.87283],[-73.89852,40.87385],[-73.9003,40.87447],[-73.90038,40.87525],[-73.89958,40.87661],[-73.90021,40.87705],[-73.90133,40.87606],[-73.9017,40.87626],[-73.90215,40.87558],[-73.90275,40.87397],[-73.90232,40.87379],[-73.90365,40.87003],[-73.90482,40.86987],[-73.90568,40.86943],[-73.90743,40.86823],[-73.90833,40.86716]]]}},{"type":"Feature","properties":{"irs_share_of_city_investment_2022":0.0002,"irs_income_per_household_2022":116922,"irs_agi_annual_2022":232674621,"irs_investment_annual_2022":15320896,"irs_investment_share_2022":0.0658,"irs_returns_annual":2180,"zip":"10464","name":"Pelham Bay-Country Club-City Island","borough":"Bronx","zips_included":"10464","irs_returns":2150,"irs_agi_per_return":96854,"irs_wages_per_return":59624,"irs_capital_income_per_return":6350,"irs_investment_income_annual":13843000,"irs_capital_gains_per_return":4048,"irs_partnership_per_return":3331,"irs_capital_share_of_agi":0.0656,"irs_top_share_of_returns":0.0954,"irs_top_agi_per_return":384391,"irs_top_share_of_agi":0.3787,"irs_share_of_city_capital_income":0.0002,"irs_share_of_city_returns":0.0005,"acs_population":4292,"acs_households":1990,"acs_median_household_income":129109,"acs_median_household_income_moe":27791,"acs_mean_household_income":155364,"acs_share_households_200k":0.3085,"acs_renter_share":0.3377,"acs_median_gross_rent":1794,"acs_private_share_k12":0.1109,"acs_seasonal_units":0,"acs_seasonal_share_of_units":0.0,"sales_count":141,"sales_median_price":630000,"sales_over_5m":0,"irs_years_available":5,"acs_households_moe":267,"acs_aggregate_income_moe":64638123},"geometry":{"type":"MultiPolygon","coordinates":[[[[-73.78238,40.87511],[-73.78214,40.87508],[-73.78222,40.87458],[-73.78266,40.87479],[-73.78238,40.87511]]],[[[-73.78374,40.873],[-73.78419,40.87328],[-73.78402,40.87369],[-73.78359,40.87378],[-73.78334,40.87351],[-73.78343,40.87318],[-73.78374,40.873]]],[[[-73.78571,40.87407],[-73.78579,40.87428],[-73.78564,40.87436],[-73.78553,40.87423],[-73.78571,40.87407]]],[[[-73.81511,40.86306],[-73.81524,40.86324],[-73.81488,40.86392],[-73.81523,40.86444],[-73.81517,40.8656],[-73.81662,40.86418],[-73.81685,40.8643],[-73.817,40.86446],[-73.81579,40.86576],[-73.82127,40.86908],[-73.82329,40.8731],[-73.82005,40.88211],[-73.82027,40.88555],[-73.81529,40.88671],[-73.81517,40.88904],[-73.80291,40.88603],[-73.793,40.88336],[-73.79379,40.88197],[-73.79492,40.88054],[-73.79554,40.88069],[-73.79503,40.87975],[-73.79625,40.87701],[-73.79713,40.87619],[-73.79744,40.87514],[-73.79855,40.8744],[-73.79891,40.87464],[-73.79982,40.87416],[-73.79988,40.87348],[-73.80087,40.87159],[-73.80137,40.87146],[-73.80252,40.87051],[-73.80318,40.87168],[-73.8027,40.87221],[-73.80339,40.87251],[-73.80432,40.87116],[-73.80373,40.87096],[-73.80358,40.86995],[-73.80283,40.87008],[-73.80302,40.86916],[-73.80422,40.869],[-73.80483,40.86931],[-73.80554,40.86896],[-73.80588,40.86907],[-73.80575,40.86969],[-73.80842,40.87119],[-73.80839,40.87057],[-73.80754,40.87038],[-73.80781,40.86979],[-73.80695,40.86966],[-73.80673,40.86877],[-73.80593,40.86837],[-73.80487,40.86823],[-73.80465,40.86664],[-73.80385,40.86716],[-73.80301,40.86704],[-73.80306,40.86581],[-73.80226,40.86561],[-73.7978,40.87225],[-73.79479,40.8732],[-73.79397,40.87456],[-73.79357,40.87612],[-73.7936,40.87672],[-73.79317,40.87705],[-73.79422,40.87738],[-73.7944,40.87764],[-73.79384,40.87859],[-73.79289,40.87927],[-73.79174,40.87989],[-73.7909,40.88003],[-73.79058,40.88028],[-73.79043,40.8808],[-73.78956,40.88126],[-73.78926,40.8812],[-73.78932,40.88058],[-73.78912,40.88008],[-73.79007,40.8796],[-73.78952,40.879],[-73.78827,40.87887],[-73.78589,40.87907],[-73.78438,40.87842],[-73.78418,40.87772],[-73.78471,40.87636],[-73.78668,40.87429],[-73.78708,40.87354],[-73.78719,40.87273],[-73.78625,40.87238],[-73.78508,40.87359],[-73.78518,40.87312],[-73.78568,40.87239],[-73.78556,40.87216],[-73.78526,40.87174],[-73.7844,40.87278],[-73.78403,40.87283],[-73.78307,40.87216],[-73.7832,40.87067],[-73.7849,40.86977],[-73.7856,40.86834],[-73.78552,40.86917],[-73.78599,40.86959],[-73.78796,40.86984],[-73.78969,40.86936],[-73.79139,40.86814],[-73.79229,40.86582],[-73.79265,40.86414],[-73.79147,40.86221],[-73.7919,40.86083],[-73.79351,40.86055],[-73.79364,40.86024],[-73.7934,40.85995],[-73.79387,40.85978],[-73.79455,40.85889],[-73.79487,40.85808],[-73.79427,40.8568],[-73.79435,40.85653],[-73.79686,40.85626],[-73.79799,40.85485],[-73.79872,40.85491],[-73.79902,40.85395],[-73.79864,40.85336],[-73.79796,40.85299],[-73.79781,40.85195],[-73.7982,40.85059],[-73.79949,40.84975],[-73.80029,40.84814],[-73.80083,40.84824],[-73.80147,40.84877],[-73.80197,40.85038],[-73.80417,40.85334],[-73.80452,40.85485],[-73.80352,40.85555],[-73.80414,40.85784],[-73.80417,40.85882],[-73.80465,40.85997],[-73.80461,40.86122],[-73.80479,40.86154],[-73.80551,40.86185],[-73.80616,40.86165],[-73.80625,40.86143],[-73.80582,40.86003],[-73.80613,40.85988],[-73.80661,40.85984],[-73.80724,40.86037],[-73.80804,40.86016],[-73.80816,40.85975],[-73.80743,40.85861],[-73.80759,40.85848],[-73.8111,40.86247],[-73.81328,40.86322],[-73.81371,40.86385],[-73.81404,40.86386],[-73.81396,40.8641],[-73.81423,40.86386],[-73.81413,40.86373],[-73.81438,40.86325],[-73.81511,40.86306]]],[[[-73.78281,40.83742],[-73.78268,40.83649],[-73.78282,40.83634],[-73.78303,40.83635],[-73.78338,40.83691],[-73.78422,40.83676],[-73.78485,40.83747],[-73.78512,40.83744],[-73.78558,40.83793],[-73.78553,40.8388],[-73.78593,40.83943],[-73.78653,40.83973],[-73.78739,40.83977],[-73.78764,40.84053],[-73.78735,40.84059],[-73.78787,40.84108],[-73.78761,40.8412],[-73.78784,40.84147],[-73.78824,40.8415],[-73.78806,40.84187],[-73.78906,40.84324],[-73.78962,40.84311],[-73.7898,40.84359],[-73.78934,40.84368],[-73.78947,40.84429],[-73.79148,40.84696],[-73.79154,40.84754],[-73.79127,40.8476],[-73.79125,40.84855],[-73.78976,40.84953],[-73.79013,40.85119],[-73.78951,40.8513],[-73.78973,40.85169],[-73.79015,40.85161],[-73.79017,40.85228],[-73.79114,40.85206],[-73.79144,40.85277],[-73.79042,40.85302],[-73.79086,40.85332],[-73.79112,40.85327],[-73.79129,40.85384],[-73.79109,40.85396],[-73.79179,40.85399],[-73.79192,40.85422],[-73.79129,40.85458],[-73.79249,40.85595],[-73.79203,40.85614],[-73.79171,40.85685],[-73.79187,40.85698],[-73.7916,40.85738],[-73.79129,40.85726],[-73.78992,40.85853],[-73.78898,40.85847],[-73.7887,40.85711],[-73.78889,40.85657],[-73.78836,40.85563],[-73.78855,40.85515],[-73.78829,40.85482],[-73.78848,40.85445],[-73.78835,40.85413],[-73.78731,40.85421],[-73.78712,40.85404],[-73.78797,40.85371],[-73.78796,40.85347],[-73.78588,40.85179],[-73.7853,40.85162],[-73.78433,40.85178],[-73.78396,40.85148],[-73.78356,40.85157],[-73.78345,40.8514],[-73.7836,40.85132],[-73.7846,40.8511],[-73.78445,40.85077],[-73.78402,40.85058],[-73.7842,40.85006],[-73.7835,40.84919],[-73.78303,40.84907],[-73.78245,40.84934],[-73.7815,40.84871],[-73.78268,40.84814],[-73.7825,40.84791],[-73.78158,40.84804],[-73.78143,40.84746],[-73.78222,40.84686],[-73.78215,40.84658],[-73.78251,40.84641],[-73.78236,40.84598],[-73.78258,40.84594],[-73.7825,40.84566],[-73.7831,40.84552],[-73.78322,40.84507],[-73.78298,40.84468],[-73.78337,40.84445],[-73.78306,40.84437],[-73.78301,40.84417],[-73.78327,40.84407],[-73.78309,40.84386],[-73.7835,40.84373],[-73.78313,40.84274],[-73.78287,40.84248],[-73.78237,40.84243],[-73.78227,40.84179],[-73.78189,40.84173],[-73.78142,40.84072],[-73.78154,40.84039],[-73.78132,40.83929],[-73.78172,40.83822],[-73.78201,40.83802],[-73.78189,40.83765],[-73.78238,40.83732],[-73.78281,40.83742]]]]}},{"type":"Feature","properties":{"irs_share_of_city_investment_2022":0.0005,"irs_income_per_household_2022":91320,"irs_agi_annual_2022":1476468470,"irs_investment_annual_2022":46166460,"irs_investment_share_2022":0.0313,"irs_returns_annual":20092,"zip":"10465","name":"Throgs Neck-Schuylerville","borough":"Bronx","zips_included":"10465","irs_returns":19630,"irs_agi_per_return":66643,"irs_wages_per_return":51272,"irs_capital_income_per_return":2083,"irs_investment_income_annual":41850000,"irs_capital_gains_per_return":1338,"irs_partnership_per_return":744,"irs_capital_share_of_agi":0.0313,"irs_top_share_of_returns":0.0394,"irs_top_agi_per_return":288817,"irs_top_share_of_agi":0.1708,"irs_share_of_city_capital_income":0.0005,"irs_share_of_city_returns":0.0049,"acs_population":46311,"acs_households":16168,"acs_median_household_income":85946,"acs_median_household_income_moe":6630,"acs_mean_household_income":106860,"acs_share_households_200k":0.1351,"acs_renter_share":0.4488,"acs_median_gross_rent":1680,"acs_private_share_k12":0.2903,"acs_seasonal_units":129,"acs_seasonal_share_of_units":0.0076,"sales_count":922,"sales_median_price":655000,"sales_over_5m":0,"irs_years_available":5,"acs_households_moe":703,"acs_aggregate_income_moe":116463547},"geometry":{"type":"Polygon","coordinates":[[[-73.83972,40.83956],[-73.83937,40.84088],[-73.83839,40.84068],[-73.83867,40.83792],[-73.83855,40.83502],[-73.83639,40.83584],[-73.83531,40.83389],[-73.83224,40.83527],[-73.82992,40.83476],[-73.82918,40.83436],[-73.82836,40.83328],[-73.83013,40.83226],[-73.83003,40.83207],[-73.83146,40.83116],[-73.83117,40.8311],[-73.82819,40.83295],[-73.82601,40.83402],[-73.82622,40.83435],[-73.8255,40.83522],[-73.82542,40.83581],[-73.82585,40.83706],[-73.82624,40.84299],[-73.82518,40.8427],[-73.82496,40.8461],[-73.82048,40.8485],[-73.82014,40.84802],[-73.8163,40.84857],[-73.81515,40.84908],[-73.81532,40.84858],[-73.8159,40.84802],[-73.81586,40.84777],[-73.8156,40.84766],[-73.8161,40.84751],[-73.81612,40.84648],[-73.81566,40.84629],[-73.81504,40.84655],[-73.81447,40.84623],[-73.81503,40.8455],[-73.81421,40.84601],[-73.81399,40.84583],[-73.81319,40.84623],[-73.81403,40.84559],[-73.8138,40.84535],[-73.81265,40.84495],[-73.81368,40.84506],[-73.81419,40.84472],[-73.81404,40.8445],[-73.81357,40.84439],[-73.8134,40.84375],[-73.81469,40.84345],[-73.815,40.8435],[-73.8152,40.84406],[-73.81565,40.84443],[-73.8163,40.8444],[-73.81644,40.84406],[-73.817,40.84409],[-73.8175,40.84437],[-73.81824,40.84435],[-73.81819,40.84411],[-73.81769,40.84427],[-73.81717,40.84391],[-73.81666,40.84397],[-73.81615,40.843],[-73.81542,40.84239],[-73.81557,40.84175],[-73.81522,40.8412],[-73.81498,40.84008],[-73.81469,40.83975],[-73.81478,40.83908],[-73.81596,40.83857],[-73.81648,40.8377],[-73.81606,40.83603],[-73.8155,40.83595],[-73.81608,40.83571],[-73.81599,40.8355],[-73.81557,40.83553],[-73.81608,40.83536],[-73.81608,40.83459],[-73.81566,40.83449],[-73.81603,40.83435],[-73.81594,40.83368],[-73.81571,40.83349],[-73.81576,40.83297],[-73.81476,40.83082],[-73.81382,40.82997],[-73.81383,40.82964],[-73.81336,40.82936],[-73.8135,40.82922],[-73.81339,40.82902],[-73.8129,40.82895],[-73.81318,40.8288],[-73.81284,40.82864],[-73.81275,40.82825],[-73.80993,40.82819],[-73.8101,40.82782],[-73.8103,40.82799],[-73.81264,40.82784],[-73.81265,40.82756],[-73.81387,40.82678],[-73.81368,40.82637],[-73.81404,40.82596],[-73.81383,40.82535],[-73.81308,40.82494],[-73.81404,40.82449],[-73.81397,40.82419],[-73.81378,40.824],[-73.81327,40.82397],[-73.81281,40.82434],[-73.81275,40.82478],[-73.81232,40.82441],[-73.81177,40.82434],[-73.8112,40.82461],[-73.8112,40.82479],[-73.81103,40.82471],[-73.8103,40.82517],[-73.80965,40.82527],[-73.80909,40.82587],[-73.80783,40.82576],[-73.80767,40.8259],[-73.80698,40.82539],[-73.80656,40.8246],[-73.80678,40.82438],[-73.80652,40.82421],[-73.80674,40.82413],[-73.80675,40.82383],[-73.80646,40.8238],[-73.80667,40.82373],[-73.80666,40.82342],[-73.80623,40.82331],[-73.80651,40.82316],[-73.80638,40.82289],[-73.80595,40.82288],[-73.80622,40.82274],[-73.80625,40.82225],[-73.80592,40.82152],[-73.80599,40.82082],[-73.80573,40.82018],[-73.80452,40.81893],[-73.80348,40.81828],[-73.80267,40.81824],[-73.80252,40.81853],[-73.80208,40.81856],[-73.80071,40.81805],[-73.80033,40.81756],[-73.79759,40.81651],[-73.79738,40.81576],[-73.79772,40.81552],[-73.79812,40.8157],[-73.79864,40.81546],[-73.79902,40.81554],[-73.80011,40.81403],[-73.80092,40.81376],[-73.80146,40.81294],[-73.80314,40.81246],[-73.80365,40.81258],[-73.8032,40.8135],[-73.80435,40.81462],[-73.80472,40.81523],[-73.80661,40.81667],[-73.80705,40.81654],[-73.80663,40.8156],[-73.80569,40.81503],[-73.80546,40.81469],[-73.80545,40.8134],[-73.80497,40.81216],[-73.80439,40.81201],[-73.80391,40.81211],[-73.80337,40.81154],[-73.80293,40.81054],[-73.80231,40.81002],[-73.80148,40.81061],[-73.80124,40.81048],[-73.80147,40.81014],[-73.80011,40.80971],[-73.79854,40.80959],[-73.79229,40.80685],[-73.7914,40.807],[-73.79131,40.80719],[-73.79151,40.8075],[-73.79086,40.80734],[-73.79074,40.80659],[-73.79012,40.80577],[-73.79006,40.80541],[-73.79029,40.80482],[-73.79104,40.80426],[-73.79225,40.80399],[-73.79339,40.8042],[-73.79578,40.80616],[-73.79703,40.80635],[-73.79792,40.80671],[-73.80167,40.80902],[-73.80278,40.80912],[-73.80393,40.80853],[-73.80468,40.80923],[-73.80714,40.81066],[-73.80857,40.81216],[-73.80992,40.81293],[-73.81043,40.81298],[-73.81079,40.81277],[-73.81134,40.81301],[-73.81185,40.81294],[-73.8136,40.81332],[-73.814,40.81355],[-73.81566,40.81351],[-73.8162,40.81385],[-73.81982,40.81318],[-73.82011,40.81286],[-73.82058,40.81302],[-73.82197,40.81275],[-73.8234,40.81236],[-73.82348,40.81219],[-73.82421,40.81212],[-73.82471,40.8117],[-73.82502,40.81184],[-73.82619,40.81128],[-73.82841,40.81142],[-73.83019,40.81084],[-73.83162,40.80957],[-73.83215,40.80826],[-73.83214,40.80741],[-73.83162,40.80664],[-73.83139,40.80517],[-73.83162,40.80494],[-73.83432,40.80516],[-73.83744,40.8062],[-73.83806,40.80704],[-73.83825,40.80818],[-73.84026,40.81144],[-73.84043,40.81254],[-73.84027,40.81328],[-73.83966,40.81392],[-73.83957,40.81449],[-73.83954,40.81582],[-73.84019,40.81719],[-73.8401,40.8178],[-73.83921,40.81889],[-73.83893,40.819],[-73.83868,40.81959],[-73.83906,40.8198],[-73.83889,40.82214],[-73.83907,40.82225],[-73.83905,40.82269],[-73.83953,40.82304],[-73.83945,40.82327],[-73.83974,40.82411],[-73.84013,40.82432],[-73.84222,40.82834],[-73.84233,40.82907],[-73.84189,40.83071],[-73.83918,40.83316],[-73.83885,40.83369],[-73.83923,40.83674],[-73.83919,40.83871],[-73.83959,40.8388],[-73.83972,40.83956]]]}},{"type":"Feature","properties":{"irs_share_of_city_investment_2022":0.0001,"irs_income_per_household_2022":65560,"irs_agi_annual_2022":1614208182,"irs_investment_annual_2022":11060622,"irs_investment_share_2022":0.0069,"irs_returns_annual":32842,"zip":"10466","name":"Eastchester-Edenwald-Baychester","borough":"Bronx","zips_included":"10466","irs_returns":31520,"irs_agi_per_return":44576,"irs_wages_per_return":37832,"irs_capital_income_per_return":306,"irs_investment_income_annual":10043800,"irs_capital_gains_per_return":185,"irs_partnership_per_return":37,"irs_capital_share_of_agi":0.0069,"irs_top_share_of_returns":0.0078,"irs_top_agi_per_return":266451,"irs_top_share_of_agi":0.0466,"irs_share_of_city_capital_income":0.0001,"irs_share_of_city_returns":0.008,"acs_population":72273,"acs_households":24622,"acs_median_household_income":60892,"acs_median_household_income_moe":6496,"acs_mean_household_income":86762,"acs_share_households_200k":0.0837,"acs_renter_share":0.6016,"acs_median_gross_rent":1474,"acs_private_share_k12":0.1238,"acs_seasonal_units":19,"acs_seasonal_share_of_units":0.0007,"sales_count":672,"sales_median_price":642500,"sales_over_5m":0,"irs_years_available":5,"acs_households_moe":984,"acs_aggregate_income_moe":166435781},"geometry":{"type":"Polygon","coordinates":[[[-73.85301,40.88338],[-73.861,40.88595],[-73.86164,40.88569],[-73.86538,40.88688],[-73.86277,40.89162],[-73.86136,40.89466],[-73.86288,40.89515],[-73.86024,40.89884],[-73.85937,40.90037],[-73.85619,40.89919],[-73.85704,40.89793],[-73.85624,40.89763],[-73.85539,40.89888],[-73.85343,40.89812],[-73.84955,40.90305],[-73.84748,40.9021],[-73.8468,40.90155],[-73.84658,40.90315],[-73.84598,40.90316],[-73.84605,40.90411],[-73.84543,40.90428],[-73.84562,40.90478],[-73.84493,40.90467],[-73.84489,40.90419],[-73.84139,40.90417],[-73.84081,40.90171],[-73.83922,40.89943],[-73.83921,40.89881],[-73.83966,40.89788],[-73.83965,40.89733],[-73.83839,40.89407],[-73.83805,40.89414],[-73.83526,40.89339],[-73.82268,40.88962],[-73.82249,40.8901],[-73.82326,40.88999],[-73.82337,40.89108],[-73.82286,40.89121],[-73.81957,40.89032],[-73.8253,40.88698],[-73.83065,40.88485],[-73.83342,40.88428],[-73.83435,40.88385],[-73.83664,40.88212],[-73.84128,40.88032],[-73.84274,40.87943],[-73.84327,40.88],[-73.84426,40.88042],[-73.84448,40.88011],[-73.84727,40.88128],[-73.84755,40.88093],[-73.85324,40.88302],[-73.85301,40.88338]]]}},{"type":"Feature","properties":{"irs_share_of_city_investment_2022":0.0002,"irs_income_per_household_2022":52078,"irs_agi_annual_2022":2001528578,"irs_investment_annual_2022":16833379,"irs_investment_share_2022":0.0084,"irs_returns_annual":46270,"zip":"10467","name":"Williamsbridge-Olinville","borough":"Bronx","zips_included":"10467","irs_returns":44820,"irs_agi_per_return":39225,"irs_wages_per_return":32806,"irs_capital_income_per_return":329,"irs_investment_income_annual":15241600,"irs_capital_gains_per_return":175,"irs_partnership_per_return":78,"irs_capital_share_of_agi":0.0084,"irs_top_share_of_returns":0.0045,"irs_top_agi_per_return":304609,"irs_top_share_of_agi":0.0346,"irs_share_of_city_capital_income":0.0002,"irs_share_of_city_returns":0.0112,"acs_population":98713,"acs_households":38433,"acs_median_household_income":46228,"acs_median_household_income_moe":2151,"acs_mean_household_income":64960,"acs_share_households_200k":0.0311,"acs_renter_share":0.8632,"acs_median_gross_rent":1482,"acs_private_share_k12":0.0689,"acs_seasonal_units":56,"acs_seasonal_share_of_units":0.0014,"sales_count":431,"sales_median_price":550000,"sales_over_5m":0,"irs_years_available":5,"acs_households_moe":1131,"acs_aggregate_income_moe":150888629},"geometry":{"type":"Polygon","coordinates":[[[-73.87991,40.86836],[-73.88176,40.87235],[-73.88247,40.87213],[-73.88328,40.87357],[-73.88343,40.87595],[-73.88384,40.8768],[-73.88527,40.87922],[-73.88567,40.87887],[-73.88595,40.8805],[-73.88716,40.88258],[-73.88705,40.88435],[-73.88759,40.88426],[-73.89596,40.88583],[-73.89482,40.88605],[-73.89476,40.88646],[-73.89497,40.88661],[-73.89623,40.88622],[-73.89442,40.88739],[-73.89303,40.88799],[-73.88946,40.88897],[-73.88762,40.88976],[-73.88723,40.89092],[-73.88524,40.89462],[-73.88461,40.89628],[-73.88464,40.89786],[-73.8853,40.89928],[-73.88666,40.90027],[-73.88587,40.90284],[-73.88646,40.90296],[-73.8862,40.90421],[-73.88657,40.90671],[-73.88606,40.90831],[-73.87811,40.90595],[-73.87926,40.89921],[-73.88044,40.89674],[-73.88001,40.89545],[-73.88039,40.89331],[-73.88034,40.89248],[-73.87819,40.88805],[-73.87783,40.88677],[-73.8776,40.88453],[-73.87812,40.88215],[-73.8747,40.88155],[-73.87479,40.88008],[-73.87494,40.87995],[-73.87084,40.88046],[-73.87001,40.88234],[-73.86921,40.88333],[-73.86877,40.88422],[-73.86701,40.88908],[-73.86368,40.89432],[-73.86356,40.89538],[-73.86136,40.89466],[-73.86277,40.89162],[-73.86538,40.88688],[-73.86164,40.88569],[-73.861,40.88595],[-73.85567,40.88424],[-73.86131,40.87406],[-73.86143,40.8696],[-73.86245,40.86962],[-73.86248,40.8687],[-73.86169,40.86779],[-73.8615,40.86778],[-73.86157,40.86555],[-73.86211,40.86554],[-73.86215,40.86419],[-73.86217,40.86358],[-73.86164,40.8631],[-73.86179,40.85798],[-73.86802,40.85783],[-73.86819,40.85806],[-73.86841,40.85778],[-73.86955,40.85773],[-73.87108,40.85734],[-73.87039,40.86379],[-73.87056,40.87151],[-73.87032,40.87578],[-73.86944,40.87813],[-73.87095,40.87851],[-73.87255,40.87518],[-73.87519,40.87157],[-73.87619,40.87048],[-73.87694,40.86996],[-73.87991,40.86836]]]}},{"type":"Feature","properties":{"irs_share_of_city_investment_2022":0.0001,"irs_income_per_household_2022":49866,"irs_agi_annual_2022":1407621769,"irs_investment_annual_2022":9996758,"irs_investment_share_2022":0.0071,"irs_returns_annual":36814,"zip":"10468","name":"University Heights (North)-Fordham","borough":"Bronx","zips_included":"10468","irs_returns":35120,"irs_agi_per_return":34668,"irs_wages_per_return":28274,"irs_capital_income_per_return":245,"irs_investment_income_annual":9022200,"irs_capital_gains_per_return":142,"irs_partnership_per_return":52,"irs_capital_share_of_agi":0.0071,"irs_top_share_of_returns":0.0028,"irs_top_agi_per_return":313781,"irs_top_share_of_agi":0.0256,"irs_share_of_city_capital_income":0.0001,"irs_share_of_city_returns":0.0089,"acs_population":81397,"acs_households":28228,"acs_median_household_income":43985,"acs_median_household_income_moe":3495,"acs_mean_household_income":57987,"acs_share_households_200k":0.0194,"acs_renter_share":0.9239,"acs_median_gross_rent":1508,"acs_private_share_k12":0.0917,"acs_seasonal_units":30,"acs_seasonal_share_of_units":0.001,"sales_count":204,"sales_median_price":271500,"sales_over_5m":0,"irs_years_available":5,"acs_households_moe":1367,"acs_aggregate_income_moe":115254772},"geometry":{"type":"Polygon","coordinates":[[[-73.89996,40.85742],[-73.90369,40.85871],[-73.90391,40.85837],[-73.9068,40.85937],[-73.90726,40.85935],[-73.90905,40.86026],[-73.91013,40.86012],[-73.91102,40.8606],[-73.91542,40.85873],[-73.91508,40.85919],[-73.91616,40.85879],[-73.91721,40.85684],[-73.91719,40.85592],[-73.91744,40.85621],[-73.91741,40.85705],[-73.91753,40.85689],[-73.91902,40.85739],[-73.91776,40.85871],[-73.91721,40.85893],[-73.91341,40.86337],[-73.91276,40.86303],[-73.91226,40.86365],[-73.91267,40.86402],[-73.91042,40.86657],[-73.90949,40.86883],[-73.90893,40.87102],[-73.90865,40.87139],[-73.90893,40.87216],[-73.90872,40.87223],[-73.90846,40.87101],[-73.90843,40.86894],[-73.90636,40.87332],[-73.90608,40.87324],[-73.90788,40.86932],[-73.90763,40.8691],[-73.90808,40.86802],[-73.90831,40.86727],[-73.90839,40.86688],[-73.90743,40.86823],[-73.90661,40.86884],[-73.90482,40.86987],[-73.90365,40.87003],[-73.90232,40.87379],[-73.90275,40.87397],[-73.90215,40.87558],[-73.9017,40.87626],[-73.90133,40.87606],[-73.90021,40.87705],[-73.89958,40.87661],[-73.90038,40.87525],[-73.9003,40.87447],[-73.89852,40.87385],[-73.89801,40.87283],[-73.8978,40.87167],[-73.89733,40.87145],[-73.89141,40.87897],[-73.88997,40.88023],[-73.888,40.88283],[-73.8872,40.88275],[-73.88595,40.8805],[-73.88567,40.87887],[-73.88527,40.87922],[-73.88477,40.8784],[-73.88738,40.87271],[-73.88834,40.87171],[-73.89099,40.87016],[-73.89175,40.86951],[-73.89715,40.86244],[-73.89996,40.85742]]]}},{"type":"Feature","properties":{"irs_share_of_city_investment_2022":0.0003,"irs_income_per_household_2022":78783,"irs_agi_annual_2022":1838560918,"irs_investment_annual_2022":29142708,"irs_investment_share_2022":0.0159,"irs_returns_annual":32926,"zip":"10469","name":"Pelham Gardens","borough":"Bronx","zips_included":"10469","irs_returns":31860,"irs_agi_per_return":50645,"irs_wages_per_return":41580,"irs_capital_income_per_return":803,"irs_investment_income_annual":26441600,"irs_capital_gains_per_return":473,"irs_partnership_per_return":207,"irs_capital_share_of_agi":0.0159,"irs_top_share_of_returns":0.0151,"irs_top_agi_per_return":283981,"irs_top_share_of_agi":0.0845,"irs_share_of_city_capital_income":0.0003,"irs_share_of_city_returns":0.008,"acs_population":71862,"acs_households":23337,"acs_median_household_income":76731,"acs_median_household_income_moe":6438,"acs_mean_household_income":96953,"acs_share_households_200k":0.1035,"acs_renter_share":0.4879,"acs_median_gross_rent":1634,"acs_private_share_k12":0.191,"acs_seasonal_units":79,"acs_seasonal_share_of_units":0.0032,"sales_count":878,"sales_median_price":675500,"sales_over_5m":0,"irs_years_available":5,"acs_households_moe":1101,"acs_aggregate_income_moe":138696135},"geometry":{"type":"Polygon","coordinates":[[[-73.86179,40.85798],[-73.86164,40.8631],[-73.86217,40.86358],[-73.86215,40.86419],[-73.86211,40.86554],[-73.86157,40.86555],[-73.8615,40.86778],[-73.86169,40.86779],[-73.86248,40.8687],[-73.86245,40.86962],[-73.86143,40.8696],[-73.86131,40.87406],[-73.85567,40.88424],[-73.85301,40.88338],[-73.85324,40.88302],[-73.84755,40.88093],[-73.84727,40.88128],[-73.84448,40.88011],[-73.84426,40.88042],[-73.84327,40.88],[-73.84274,40.87943],[-73.84128,40.88032],[-73.83874,40.88127],[-73.83532,40.87532],[-73.83446,40.87236],[-73.83369,40.87045],[-73.83316,40.86832],[-73.82955,40.86217],[-73.82834,40.86089],[-73.83111,40.85752],[-73.83193,40.85669],[-73.83238,40.85635],[-73.83276,40.85608],[-73.83283,40.85603],[-73.83538,40.85645],[-73.83499,40.85657],[-73.83668,40.85665],[-73.83691,40.85701],[-73.83682,40.85728],[-73.83724,40.85736],[-73.84646,40.85864],[-73.84931,40.85872],[-73.85664,40.85811],[-73.86179,40.85798]],[[-73.83269,40.85613],[-73.8323,40.85663],[-73.83246,40.85688],[-73.83331,40.85657],[-73.83322,40.8563],[-73.83269,40.85613]]]}},{"type":"Feature","properties":{"irs_share_of_city_investment_2022":0.0001,"irs_income_per_household_2022":77541,"irs_agi_annual_2022":492460120,"irs_investment_annual_2022":11634075,"irs_investment_share_2022":0.0236,"irs_returns_annual":7734,"zip":"10470","name":"Wakefield-Woodlawn","borough":"Bronx","zips_included":"10470","irs_returns":7570,"irs_agi_per_return":57740,"irs_wages_per_return":45871,"irs_capital_income_per_return":1366,"irs_investment_income_annual":10561600,"irs_capital_gains_per_return":735,"irs_partnership_per_return":308,"irs_capital_share_of_agi":0.0237,"irs_top_share_of_returns":0.0272,"irs_top_agi_per_return":297042,"irs_top_share_of_agi":0.1397,"irs_share_of_city_capital_income":0.0001,"irs_share_of_city_returns":0.0019,"acs_population":15390,"acs_households":6351,"acs_median_household_income":75750,"acs_median_household_income_moe":8351,"acs_mean_household_income":100670,"acs_share_households_200k":0.1378,"acs_renter_share":0.6333,"acs_median_gross_rent":1581,"acs_private_share_k12":0.1912,"acs_seasonal_units":0,"acs_seasonal_share_of_units":0.0,"sales_count":245,"sales_median_price":605000,"sales_over_5m":0,"irs_years_available":5,"acs_households_moe":385,"acs_aggregate_income_moe":57681465},"geometry":{"type":"Polygon","coordinates":[[[-73.84493,40.90467],[-73.84562,40.90478],[-73.84543,40.90428],[-73.84605,40.90411],[-73.84598,40.90316],[-73.84658,40.90315],[-73.8468,40.90155],[-73.84748,40.9021],[-73.84955,40.90305],[-73.85343,40.89812],[-73.85539,40.89888],[-73.85624,40.89763],[-73.85704,40.89793],[-73.85619,40.89919],[-73.85937,40.90037],[-73.86024,40.89884],[-73.86288,40.89515],[-73.86356,40.89538],[-73.86368,40.89432],[-73.86701,40.88908],[-73.86877,40.88422],[-73.86921,40.88333],[-73.87001,40.88234],[-73.87084,40.88046],[-73.87494,40.87995],[-73.87479,40.88008],[-73.8747,40.88155],[-73.87812,40.88215],[-73.8776,40.88453],[-73.87783,40.88677],[-73.87819,40.88805],[-73.88034,40.89248],[-73.88039,40.89331],[-73.88001,40.89545],[-73.88044,40.89674],[-73.87926,40.89921],[-73.87811,40.90595],[-73.85947,40.90052],[-73.85907,40.90101],[-73.85938,40.90157],[-73.85903,40.90144],[-73.85886,40.90171],[-73.85946,40.90193],[-73.85958,40.90244],[-73.85927,40.90267],[-73.85872,40.90229],[-73.85816,40.90231],[-73.85797,40.90285],[-73.85756,40.90292],[-73.85711,40.90365],[-73.85699,40.90458],[-73.85743,40.90484],[-73.85718,40.90528],[-73.85666,40.90505],[-73.85601,40.90531],[-73.85601,40.90548],[-73.8565,40.90556],[-73.85692,40.90598],[-73.85681,40.90616],[-73.85581,40.90627],[-73.85514,40.90687],[-73.85424,40.90703],[-73.85374,40.90779],[-73.85384,40.90798],[-73.85471,40.908],[-73.85491,40.90836],[-73.85459,40.90894],[-73.8536,40.90961],[-73.85296,40.91035],[-73.85259,40.91031],[-73.85266,40.91002],[-73.85228,40.90986],[-73.85145,40.91045],[-73.85107,40.91037],[-73.85348,40.90753],[-73.85092,40.90662],[-73.85018,40.90751],[-73.84708,40.90616],[-73.84482,40.90553],[-73.84493,40.90467]]]}},{"type":"Feature","properties":{"irs_share_of_city_investment_2022":0.0006,"irs_income_per_household_2022":123290,"irs_agi_annual_2022":1499698854,"irs_investment_annual_2022":50279652,"irs_investment_share_2022":0.0335,"irs_returns_annual":19334,"zip":"11102","name":"Old Astoria-Hallets Point","borough":"Queens","zips_included":"11102","irs_returns":19490,"irs_agi_per_return":70551,"irs_wages_per_return":57462,"irs_capital_income_per_return":2355,"irs_investment_income_annual":45529600,"irs_capital_gains_per_return":1519,"irs_partnership_per_return":970,"irs_capital_share_of_agi":0.0334,"irs_top_share_of_returns":0.0446,"irs_top_agi_per_return":381366,"irs_top_share_of_agi":0.241,"irs_share_of_city_capital_income":0.0006,"irs_share_of_city_returns":0.0047,"acs_population":27069,"acs_households":12164,"acs_median_household_income":103409,"acs_median_household_income_moe":8388,"acs_mean_household_income":122429,"acs_share_households_200k":0.1517,"acs_renter_share":0.8469,"acs_median_gross_rent":2184,"acs_private_share_k12":0.0738,"acs_seasonal_units":1176,"acs_seasonal_share_of_units":0.0607,"sales_count":366,"sales_median_price":816500,"sales_over_5m":3,"irs_years_available":5,"acs_households_moe":754,"acs_aggregate_income_moe":132903843},"geometry":{"type":"Polygon","coordinates":[[[-73.93453,40.77118],[-73.93444,40.77146],[-73.93483,40.77158],[-73.9348,40.77174],[-73.93747,40.77253],[-73.93781,40.77356],[-73.93765,40.77509],[-73.93609,40.77718],[-73.93474,40.77808],[-73.93272,40.77804],[-73.93179,40.77787],[-73.93105,40.77744],[-73.93063,40.77659],[-73.92988,40.77622],[-73.9286,40.77659],[-73.92632,40.77824],[-73.92423,40.7791],[-73.92296,40.78044],[-73.9221,40.78085],[-73.91997,40.78263],[-73.91797,40.78126],[-73.92199,40.77795],[-73.92086,40.77716],[-73.92152,40.77661],[-73.91431,40.77153],[-73.91597,40.77019],[-73.91451,40.76992],[-73.91487,40.76947],[-73.91634,40.76972],[-73.91752,40.76821],[-73.91849,40.76774],[-73.92188,40.76358],[-73.92644,40.76573],[-73.92596,40.76675],[-73.92782,40.76762],[-73.92856,40.76672],[-73.93523,40.76952],[-73.93447,40.77041],[-73.93425,40.77103],[-73.93453,40.77118]]]}},{"type":"Feature","properties":{"irs_share_of_city_investment_2022":0.0005,"irs_income_per_household_2022":230509,"irs_agi_annual_2022":766672535,"irs_investment_annual_2022":42772818,"irs_investment_share_2022":0.0558,"irs_returns_annual":3448,"zip":"11109","name":"Long Island City-Hunters Point","borough":"Queens","zips_included":"11109","irs_returns":3400,"irs_agi_per_return":201828,"irs_wages_per_return":169518,"irs_capital_income_per_return":11225,"irs_investment_income_annual":38704000,"irs_capital_gains_per_return":7637,"irs_partnership_per_return":9912,"irs_capital_share_of_agi":0.0556,"irs_top_share_of_returns":0.3329,"irs_top_agi_per_return":413629,"irs_top_share_of_agi":0.6823,"irs_share_of_city_capital_income":0.0005,"irs_share_of_city_returns":0.0008,"acs_population":7280,"acs_households":3326,"acs_median_household_income":173939,"acs_median_household_income_moe":41181,"acs_mean_household_income":229013,"acs_share_households_200k":0.4311,"acs_renter_share":0.7471,"acs_median_gross_rent":3501,"acs_private_share_k12":0.073,"acs_seasonal_units":864,"acs_seasonal_share_of_units":0.1784,"sales_count":91,"sales_median_price":670000,"sales_over_5m":0,"irs_years_available":5,"acs_households_moe":587,"acs_aggregate_income_moe":140280269},"geometry":{"type":"Polygon","coordinates":[[[-73.95967,40.74382],[-73.95937,40.74432],[-73.95882,40.74451],[-73.95845,40.74512],[-73.95928,40.74533],[-73.95933,40.74554],[-73.95906,40.74576],[-73.9584,40.74572],[-73.95838,40.74595],[-73.959,40.74606],[-73.95679,40.74884],[-73.95485,40.74804],[-73.95621,40.74387],[-73.95845,40.74432],[-73.95936,40.74375],[-73.95967,40.74382]]]}},{"type":"Feature","properties":{"irs_share_of_city_investment_2022":0.0038,"irs_income_per_household_2022":179659,"irs_agi_annual_2022":1603274450,"irs_investment_annual_2022":317460859,"irs_investment_share_2022":0.198,"irs_returns_annual":10012,"zip":"10471","name":"Riverdale-Spuyten Duyvil","borough":"Bronx","zips_included":"10471","irs_returns":9920,"irs_agi_per_return":145553,"irs_wages_per_return":81795,"irs_capital_income_per_return":28806,"irs_investment_income_annual":288409600,"irs_capital_gains_per_return":20689,"irs_partnership_per_return":6410,"irs_capital_share_of_agi":0.1979,"irs_top_share_of_returns":0.1322,"irs_top_agi_per_return":651763,"irs_top_share_of_agi":0.5922,"irs_share_of_city_capital_income":0.0038,"irs_share_of_city_returns":0.0024,"acs_population":22888,"acs_households":8924,"acs_median_household_income":111418,"acs_median_household_income_moe":8884,"acs_mean_household_income":149559,"acs_share_households_200k":0.2187,"acs_renter_share":0.44,"acs_median_gross_rent":1680,"acs_private_share_k12":0.3977,"acs_seasonal_units":18,"acs_seasonal_share_of_units":0.0019,"sales_count":644,"sales_median_price":350000,"sales_over_5m":3,"irs_years_available":5,"acs_households_moe":573,"acs_aggregate_income_moe":129846313},"geometry":{"type":"Polygon","coordinates":[[[-73.92059,40.88718],[-73.91519,40.90158],[-73.91543,40.90181],[-73.91501,40.90308],[-73.91459,40.90412],[-73.91418,40.90414],[-73.91287,40.90754],[-73.91312,40.90783],[-73.91265,40.90807],[-73.91149,40.91223],[-73.91143,40.91282],[-73.91165,40.91342],[-73.91111,40.91436],[-73.91071,40.91466],[-73.91034,40.91553],[-73.90246,40.91296],[-73.90061,40.91261],[-73.88606,40.90831],[-73.88657,40.90671],[-73.8862,40.90421],[-73.88646,40.90296],[-73.88587,40.90284],[-73.88666,40.90027],[-73.88562,40.89961],[-73.88499,40.89884],[-73.88464,40.89786],[-73.88455,40.89678],[-73.88487,40.89543],[-73.88723,40.89092],[-73.88762,40.88976],[-73.88923,40.88905],[-73.89303,40.88799],[-73.89442,40.88739],[-73.89623,40.88622],[-73.89497,40.88661],[-73.89476,40.88646],[-73.89482,40.88605],[-73.89596,40.88583],[-73.89978,40.88653],[-73.90237,40.88726],[-73.90291,40.88945],[-73.90436,40.88977],[-73.90443,40.89016],[-73.90545,40.89016],[-73.90626,40.88757],[-73.90739,40.88782],[-73.90796,40.88886],[-73.909,40.8895],[-73.9129,40.88975],[-73.9127,40.89057],[-73.91454,40.8905],[-73.91634,40.89128],[-73.91688,40.88875],[-73.91669,40.8869],[-73.91398,40.88638],[-73.91587,40.88486],[-73.91876,40.88557],[-73.9187,40.88688],[-73.92059,40.88718]]]}},{"type":"Feature","properties":{"irs_share_of_city_investment_2022":0.0001,"irs_income_per_household_2022":51735,"irs_agi_annual_2022":1144069782,"irs_investment_annual_2022":8826086,"irs_investment_share_2022":0.0077,"irs_returns_annual":29560,"zip":"10472","name":"Soundview-Bruckner-Bronx River","borough":"Bronx","zips_included":"10472","irs_returns":28500,"irs_agi_per_return":35096,"irs_wages_per_return":28864,"irs_capital_income_per_return":273,"irs_investment_income_annual":8061800,"irs_capital_gains_per_return":187,"irs_partnership_per_return":81,"irs_capital_share_of_agi":0.0078,"irs_top_share_of_returns":0.0033,"irs_top_agi_per_return":313476,"irs_top_share_of_agi":0.0296,"irs_share_of_city_capital_income":0.0001,"irs_share_of_city_returns":0.0072,"acs_population":65283,"acs_households":22114,"acs_median_household_income":40025,"acs_median_household_income_moe":3730,"acs_mean_household_income":59114,"acs_share_households_200k":0.0414,"acs_renter_share":0.8334,"acs_median_gross_rent":1392,"acs_private_share_k12":0.0723,"acs_seasonal_units":134,"acs_seasonal_share_of_units":0.0055,"sales_count":221,"sales_median_price":815000,"sales_over_5m":0,"irs_years_available":5,"acs_households_moe":640,"acs_aggregate_income_moe":88596385},"geometry":{"type":"Polygon","coordinates":[[[-73.88439,40.82297],[-73.88465,40.82383],[-73.88461,40.82527],[-73.88439,40.82682],[-73.88352,40.82926],[-73.8839,40.8298],[-73.88005,40.8347],[-73.87925,40.83443],[-73.87795,40.83558],[-73.87673,40.83621],[-73.86903,40.83548],[-73.86285,40.83369],[-73.86272,40.83292],[-73.86075,40.8336],[-73.86009,40.83311],[-73.84728,40.82932],[-73.84725,40.82901],[-73.8462,40.82846],[-73.84543,40.82848],[-73.847,40.828],[-73.88439,40.82297]]]}},{"type":"Feature","properties":{"irs_share_of_city_investment_2022":0.0001,"irs_income_per_household_2022":60898,"irs_agi_annual_2022":1388163874,"irs_investment_annual_2022":9136334,"irs_investment_share_2022":0.0066,"irs_returns_annual":28736,"zip":"10473","name":"Soundview-Clason Point","borough":"Bronx","zips_included":"10473","irs_returns":27640,"irs_agi_per_return":43798,"irs_wages_per_return":35655,"irs_capital_income_per_return":287,"irs_investment_income_annual":8250800,"irs_capital_gains_per_return":177,"irs_partnership_per_return":48,"irs_capital_share_of_agi":0.0066,"irs_top_share_of_returns":0.0071,"irs_top_agi_per_return":273590,"irs_top_share_of_agi":0.0443,"irs_share_of_city_capital_income":0.0001,"irs_share_of_city_returns":0.007,"acs_population":60087,"acs_households":22795,"acs_median_household_income":51379,"acs_median_household_income_moe":3396,"acs_mean_household_income":73681,"acs_share_households_200k":0.0441,"acs_renter_share":0.7171,"acs_median_gross_rent":1120,"acs_private_share_k12":0.1284,"acs_seasonal_units":12,"acs_seasonal_share_of_units":0.0005,"sales_count":480,"sales_median_price":582878,"sales_over_5m":0,"irs_years_available":5,"acs_households_moe":975,"acs_aggregate_income_moe":144355291},"geometry":{"type":"Polygon","coordinates":[[[-73.87652,40.81613],[-73.8786,40.81696],[-73.88247,40.81979],[-73.88368,40.82237],[-73.88424,40.82263],[-73.88439,40.82297],[-73.847,40.828],[-73.84532,40.82843],[-73.84497,40.8283],[-73.8429,40.82857],[-73.84175,40.82576],[-73.84045,40.82334],[-73.83983,40.82157],[-73.8401,40.82032],[-73.84,40.81993],[-73.84037,40.81958],[-73.84199,40.81877],[-73.8421,40.81806],[-73.84374,40.81532],[-73.84521,40.81189],[-73.84577,40.81158],[-73.84617,40.81068],[-73.84719,40.81058],[-73.84822,40.81246],[-73.84938,40.81324],[-73.85041,40.81359],[-73.8506,40.81393],[-73.85159,40.8143],[-73.85244,40.8143],[-73.85226,40.81449],[-73.85302,40.81458],[-73.85265,40.81434],[-73.85262,40.81406],[-73.85298,40.81388],[-73.85292,40.81369],[-73.85337,40.8136],[-73.85435,40.81387],[-73.85515,40.81437],[-73.85538,40.81429],[-73.85443,40.81372],[-73.85347,40.81348],[-73.85255,40.81374],[-73.8512,40.81355],[-73.84965,40.81275],[-73.84908,40.81221],[-73.84938,40.81129],[-73.84917,40.81092],[-73.8498,40.81003],[-73.85004,40.80922],[-73.84997,40.80858],[-73.84939,40.80788],[-73.84841,40.80737],[-73.84838,40.80636],[-73.84754,40.80593],[-73.84749,40.80545],[-73.8479,40.805],[-73.84864,40.8047],[-73.84875,40.80489],[-73.84895,40.80476],[-73.84921,40.80502],[-73.84982,40.80509],[-73.84998,40.80506],[-73.85015,40.80453],[-73.85065,40.80448],[-73.85561,40.80447],[-73.85624,40.80466],[-73.85658,40.80493],[-73.85569,40.80468],[-73.85561,40.80506],[-73.85613,40.80528],[-73.85725,40.80531],[-73.85668,40.805],[-73.85684,40.80491],[-73.85813,40.80547],[-73.85891,40.80591],[-73.8585,40.80582],[-73.85832,40.806],[-73.85861,40.8067],[-73.85909,40.80648],[-73.85888,40.80599],[-73.8592,40.80627],[-73.8594,40.80753],[-73.85926,40.80754],[-73.85916,40.80688],[-73.85867,40.80683],[-73.85839,40.80826],[-73.85895,40.81027],[-73.85908,40.80997],[-73.86013,40.80961],[-73.85933,40.809],[-73.8594,40.80816],[-73.85989,40.80919],[-73.86077,40.80966],[-73.8644,40.81028],[-73.86765,40.81058],[-73.87078,40.81449],[-73.87171,40.81492],[-73.87652,40.81613]]]}},{"type":"Feature","properties":{"irs_share_of_city_investment_2022":0.0,"irs_income_per_household_2022":48089,"irs_agi_annual_2022":183124028,"irs_investment_annual_2022":58661,"irs_investment_share_2022":0.0003,"irs_returns_annual":5072,"zip":"10474","name":"Hunts Point","borough":"Bronx","zips_included":"10474","irs_returns":5000,"irs_agi_per_return":32745,"irs_wages_per_return":27953,"irs_capital_income_per_return":10,"irs_investment_income_annual":52000,"irs_capital_gains_per_return":-4,"irs_partnership_per_return":69,"irs_capital_share_of_agi":0.0003,"irs_top_share_of_returns":0.0,"irs_top_agi_per_return":null,"irs_top_share_of_agi":0.0,"irs_share_of_city_capital_income":0.0,"irs_share_of_city_returns":0.0012,"acs_population":11280,"acs_households":3808,"acs_median_household_income":40795,"acs_median_household_income_moe":7131,"acs_mean_household_income":55791,"acs_share_households_200k":0.0305,"acs_renter_share":0.9002,"acs_median_gross_rent":1280,"acs_private_share_k12":0.0666,"acs_seasonal_units":0,"acs_seasonal_share_of_units":0.0,"sales_count":34,"sales_median_price":830928,"sales_over_5m":0,"irs_years_available":5,"acs_households_moe":291,"acs_aggregate_income_moe":47726539},"geometry":{"type":"Polygon","coordinates":[[[-73.90222,40.80495],[-73.90299,40.80937],[-73.89643,40.81421],[-73.89506,40.81563],[-73.89543,40.81584],[-73.89011,40.82089],[-73.89024,40.82101],[-73.88739,40.82255],[-73.88439,40.82297],[-73.88429,40.8221],[-73.88297,40.81953],[-73.8794,40.81643],[-73.8725,40.81389],[-73.87166,40.81326],[-73.87096,40.81215],[-73.87057,40.81208],[-73.87055,40.81125],[-73.86811,40.80675],[-73.86847,40.80593],[-73.87175,40.80155],[-73.87355,40.80085],[-73.87468,40.80098],[-73.87473,40.80126],[-73.87527,40.8014],[-73.87797,40.80171],[-73.87823,40.80265],[-73.87893,40.80277],[-73.88005,40.80276],[-73.88369,40.80216],[-73.88399,40.80191],[-73.88505,40.80213],[-73.88727,40.80395],[-73.88738,40.80411],[-73.88724,40.80419],[-73.88796,40.805],[-73.88859,40.80479],[-73.88906,40.80502],[-73.88937,40.80538],[-73.88925,40.80587],[-73.88981,40.80588],[-73.89006,40.8057],[-73.8915,40.80593],[-73.89171,40.80639],[-73.89486,40.80621],[-73.8951,40.80686],[-73.89529,40.80684],[-73.89546,40.8066],[-73.89622,40.80648],[-73.89623,40.80621],[-73.89829,40.8061],[-73.89812,40.80565],[-73.89853,40.80543],[-73.90097,40.80487],[-73.90205,40.80478],[-73.90222,40.80495]]]}},{"type":"Feature","properties":{"irs_share_of_city_investment_2022":0.0006,"irs_income_per_household_2022":93995,"irs_agi_annual_2022":1458429790,"irs_investment_annual_2022":50186046,"irs_investment_share_2022":0.0344,"irs_returns_annual":20388,"zip":"11103","name":"Astoria (East)-Woodside (North)","borough":"Queens","zips_included":"11103","irs_returns":20140,"irs_agi_per_return":64969,"irs_wages_per_return":52328,"irs_capital_income_per_return":2225,"irs_investment_income_annual":45371600,"irs_capital_gains_per_return":1415,"irs_partnership_per_return":875,"irs_capital_share_of_agi":0.0343,"irs_top_share_of_returns":0.0345,"irs_top_agi_per_return":379389,"irs_top_share_of_agi":0.2016,"irs_share_of_city_capital_income":0.0006,"irs_share_of_city_returns":0.0049,"acs_population":34752,"acs_households":15516,"acs_median_household_income":88116,"acs_median_household_income_moe":6123,"acs_mean_household_income":129759,"acs_share_households_200k":0.1272,"acs_renter_share":0.8374,"acs_median_gross_rent":2042,"acs_private_share_k12":0.1536,"acs_seasonal_units":563,"acs_seasonal_share_of_units":0.0304,"sales_count":239,"sales_median_price":1100000,"sales_over_5m":1,"irs_years_available":5,"acs_households_moe":646,"acs_aggregate_income_moe":427125974},"geometry":{"type":"MultiPolygon","coordinates":[[[[-73.90427,40.76754],[-73.90276,40.7675],[-73.90202,40.76742],[-73.90357,40.76578],[-73.90427,40.76754]]],[[[-73.91607,40.75443],[-73.92283,40.7576],[-73.92111,40.75996],[-73.919,40.76222],[-73.92188,40.76358],[-73.91849,40.76774],[-73.91752,40.76821],[-73.91634,40.76972],[-73.91487,40.76947],[-73.91451,40.76992],[-73.91597,40.77019],[-73.91431,40.77153],[-73.91167,40.76965],[-73.91024,40.76943],[-73.91094,40.76885],[-73.90578,40.76803],[-73.90446,40.76758],[-73.90527,40.76774],[-73.90438,40.76696],[-73.90371,40.7656],[-73.90345,40.765],[-73.90373,40.76423],[-73.90451,40.76459],[-73.90519,40.76375],[-73.9047,40.76297],[-73.90551,40.76164],[-73.90651,40.76211],[-73.90779,40.76052],[-73.9074,40.76033],[-73.90923,40.75806],[-73.90964,40.75824],[-73.90988,40.75795],[-73.91068,40.75832],[-73.91261,40.75597],[-73.91176,40.75557],[-73.91196,40.7554],[-73.9115,40.75456],[-73.91257,40.7533],[-73.91447,40.75367],[-73.91527,40.75407],[-73.91548,40.75379],[-73.91651,40.75389],[-73.91607,40.75443]]]]}},{"type":"Feature","properties":{"irs_share_of_city_investment_2022":0.0002,"irs_income_per_household_2022":71918,"irs_agi_annual_2022":1322069007,"irs_investment_annual_2022":13830185,"irs_investment_share_2022":0.0105,"irs_returns_annual":22762,"zip":"10475","name":"Co-op City","borough":"Bronx","zips_included":"10475","irs_returns":22370,"irs_agi_per_return":52683,"irs_wages_per_return":39592,"irs_capital_income_per_return":551,"irs_investment_income_annual":12538200,"irs_capital_gains_per_return":257,"irs_partnership_per_return":23,"irs_capital_share_of_agi":0.0105,"irs_top_share_of_returns":0.0073,"irs_top_agi_per_return":272537,"irs_top_share_of_agi":0.0377,"irs_share_of_city_capital_income":0.0002,"irs_share_of_city_returns":0.0055,"acs_population":43517,"acs_households":18383,"acs_median_household_income":57003,"acs_median_household_income_moe":7118,"acs_mean_household_income":69530,"acs_share_households_200k":0.0219,"acs_renter_share":0.5784,"acs_median_gross_rent":1207,"acs_private_share_k12":0.1087,"acs_seasonal_units":0,"acs_seasonal_share_of_units":0.0,"sales_count":63,"sales_median_price":560000,"sales_over_5m":0,"irs_years_available":5,"acs_households_moe":973,"acs_aggregate_income_moe":96323976},"geometry":{"type":"Polygon","coordinates":[[[-73.82834,40.86089],[-73.82955,40.86217],[-73.83316,40.86832],[-73.83369,40.87045],[-73.83446,40.87236],[-73.83532,40.87532],[-73.83874,40.88127],[-73.83664,40.88212],[-73.83435,40.88385],[-73.83342,40.88428],[-73.83065,40.88485],[-73.8253,40.88698],[-73.81957,40.89032],[-73.81517,40.88904],[-73.81529,40.88671],[-73.82027,40.88555],[-73.82005,40.88211],[-73.82329,40.8731],[-73.82127,40.86908],[-73.81579,40.86576],[-73.817,40.86446],[-73.81685,40.8643],[-73.81895,40.86247],[-73.81887,40.86224],[-73.81951,40.86147],[-73.82026,40.8611],[-73.82046,40.86031],[-73.82,40.85987],[-73.82052,40.85975],[-73.821,40.85999],[-73.82094,40.85938],[-73.82111,40.85932],[-73.82144,40.85939],[-73.82144,40.85978],[-73.82169,40.86009],[-73.82166,40.8606],[-73.82278,40.86012],[-73.82198,40.86014],[-73.82193,40.85995],[-73.82241,40.8598],[-73.82169,40.85978],[-73.82162,40.85955],[-73.82196,40.85928],[-73.82055,40.85906],[-73.82027,40.85916],[-73.82024,40.85936],[-73.81857,40.85951],[-73.81844,40.85983],[-73.81864,40.8607],[-73.81829,40.86104],[-73.81719,40.86085],[-73.81675,40.86125],[-73.8155,40.86095],[-73.81479,40.86113],[-73.81485,40.8609],[-73.81382,40.86055],[-73.81273,40.85888],[-73.8123,40.85416],[-73.81641,40.85408],[-73.81715,40.85231],[-73.81719,40.85177],[-73.81692,40.85167],[-73.81713,40.85127],[-73.81686,40.85096],[-73.81571,40.85082],[-73.81628,40.8502],[-73.81565,40.84935],[-73.81515,40.84908],[-73.8163,40.84857],[-73.82014,40.84802],[-73.82048,40.8485],[-73.82549,40.84583],[-73.82679,40.84841],[-73.82695,40.84916],[-73.82686,40.85072],[-73.82604,40.85322],[-73.82636,40.85329],[-73.82624,40.85484],[-73.82665,40.85766],[-73.82741,40.85996],[-73.828,40.86084],[-73.82834,40.86089]]]}},{"type":"Feature","properties":{"irs_share_of_city_investment_2022":0.0211,"irs_income_per_household_2022":302966,"irs_agi_annual_2022":9763683438,"irs_investment_annual_2022":1776877167,"irs_investment_share_2022":0.182,"irs_returns_annual":34772,"zip":"11201","name":"Downtown Brooklyn-DUMBO-Boerum Hill","borough":"Brooklyn","zips_included":"11201","irs_returns":36530,"irs_agi_per_return":255974,"irs_wages_per_return":164874,"irs_capital_income_per_return":46649,"irs_investment_income_annual":1622087600,"irs_capital_gains_per_return":35009,"irs_partnership_per_return":24172,"irs_capital_share_of_agi":0.1822,"irs_top_share_of_returns":0.2757,"irs_top_agi_per_return":723897,"irs_top_share_of_agi":0.7796,"irs_share_of_city_capital_income":0.0212,"irs_share_of_city_returns":0.0084,"acs_population":69755,"acs_households":32227,"acs_median_household_income":163310,"acs_median_household_income_moe":8192,"acs_mean_household_income":232020,"acs_share_households_200k":0.4068,"acs_renter_share":0.6521,"acs_median_gross_rent":3110,"acs_private_share_k12":0.2613,"acs_seasonal_units":739,"acs_seasonal_share_of_units":0.021,"sales_count":2068,"sales_median_price":1340000,"sales_over_5m":128,"irs_years_available":5,"acs_households_moe":996,"acs_aggregate_income_moe":457029260},"geometry":{"type":"Polygon","coordinates":[[[-73.98999,40.68332],[-73.99458,40.6851],[-73.99441,40.68545],[-74.00139,40.68775],[-74.00236,40.68573],[-74.00451,40.68632],[-74.00485,40.68567],[-74.00717,40.68635],[-74.00753,40.68607],[-74.00772,40.68627],[-74.00702,40.68652],[-74.00588,40.6862],[-74.00459,40.68822],[-74.00382,40.68893],[-74.00298,40.69043],[-74.00196,40.69014],[-74.00185,40.69039],[-74.00096,40.69013],[-74.0007,40.69061],[-74.00133,40.69147],[-74.00197,40.69184],[-74.00175,40.6924],[-74.00096,40.69407],[-73.99942,40.69636],[-73.99947,40.6967],[-73.99887,40.69692],[-73.998,40.6988],[-73.9975,40.69964],[-73.99716,40.69979],[-73.99724,40.70014],[-73.99466,40.70343],[-73.99499,40.70365],[-73.99471,40.704],[-73.99478,40.70425],[-73.99351,40.70462],[-73.99213,40.70469],[-73.99186,40.70409],[-73.99095,40.70403],[-73.99023,40.70494],[-73.9883,40.70454],[-73.98829,40.70507],[-73.98795,40.70513],[-73.98692,40.70516],[-73.98653,40.70498],[-73.98643,40.70535],[-73.98344,40.70564],[-73.98337,40.70546],[-73.98274,40.70557],[-73.98093,40.70537],[-73.98091,40.70591],[-73.97956,40.70574],[-73.97905,40.70597],[-73.97933,40.70475],[-73.98027,40.70304],[-73.98003,40.70214],[-73.98091,40.70186],[-73.9804,40.7007],[-73.98055,40.69825],[-73.98041,40.69656],[-73.97949,40.69648],[-73.97954,40.69617],[-73.98036,40.69618],[-73.98014,40.6947],[-73.97916,40.69349],[-73.97386,40.69329],[-73.97313,40.68962],[-73.98043,40.6899],[-73.98025,40.68864],[-73.9821,40.68936],[-73.98271,40.68846],[-73.98357,40.68879],[-73.9844,40.68757],[-73.98656,40.68841],[-73.98999,40.68332]]]}},{"type":"Feature","properties":{"irs_share_of_city_investment_2022":0.0002,"irs_income_per_household_2022":65838,"irs_agi_annual_2022":1936369571,"irs_investment_annual_2022":20950565,"irs_investment_share_2022":0.0108,"irs_returns_annual":36996,"zip":"11203","name":"East Flatbush-Rugby","borough":"Brooklyn","zips_included":"11203","irs_returns":35330,"irs_agi_per_return":47479,"irs_wages_per_return":39305,"irs_capital_income_per_return":511,"irs_investment_income_annual":18908800,"irs_capital_gains_per_return":358,"irs_partnership_per_return":175,"irs_capital_share_of_agi":0.0108,"irs_top_share_of_returns":0.0104,"irs_top_agi_per_return":286942,"irs_top_share_of_agi":0.0627,"irs_share_of_city_capital_income":0.0002,"irs_share_of_city_returns":0.009,"acs_population":78506,"acs_households":29411,"acs_median_household_income":68006,"acs_median_household_income_moe":2758,"acs_mean_household_income":89068,"acs_share_households_200k":0.0785,"acs_renter_share":0.6091,"acs_median_gross_rent":1495,"acs_private_share_k12":0.1283,"acs_seasonal_units":18,"acs_seasonal_share_of_units":0.0005,"sales_count":847,"sales_median_price":700000,"sales_over_5m":0,"irs_years_available":5,"acs_households_moe":800,"acs_aggregate_income_moe":151661335},"geometry":{"type":"Polygon","coordinates":[[[-73.94651,40.6401],[-73.94661,40.64106],[-73.94613,40.64109],[-73.94629,40.6429],[-73.94587,40.64342],[-73.94607,40.64531],[-73.94706,40.64525],[-73.94747,40.64904],[-73.94648,40.6491],[-73.94767,40.6603],[-73.94261,40.66061],[-73.94283,40.66285],[-73.93161,40.66356],[-73.93156,40.66276],[-73.93108,40.66279],[-73.92725,40.65934],[-73.9272,40.65854],[-73.92641,40.65859],[-73.92408,40.65648],[-73.92401,40.65575],[-73.92331,40.6558],[-73.9209,40.65363],[-73.92077,40.65256],[-73.92178,40.65249],[-73.92133,40.65252],[-73.92118,40.65067],[-73.92058,40.65071],[-73.92018,40.64693],[-73.92069,40.64667],[-73.92054,40.645],[-73.91998,40.64503],[-73.91995,40.64471],[-73.92174,40.64338],[-73.92166,40.64265],[-73.91974,40.64278],[-73.92332,40.6399],[-73.92511,40.63869],[-73.93224,40.63496],[-73.93343,40.63488],[-73.93333,40.63402],[-73.93427,40.63367],[-73.9344,40.63483],[-73.93536,40.63477],[-73.93561,40.63704],[-73.93752,40.63692],[-73.93776,40.63926],[-73.9425,40.63897],[-73.94265,40.64034],[-73.94362,40.64028],[-73.94356,40.63956],[-73.94444,40.63951],[-73.94455,40.64022],[-73.94651,40.6401]]]}},{"type":"Feature","properties":{"irs_share_of_city_investment_2022":0.0029,"irs_income_per_household_2022":94438,"irs_agi_annual_2022":2372081845,"irs_investment_annual_2022":242284758,"irs_investment_share_2022":0.1021,"irs_returns_annual":34344,"zip":"11204","name":"Bensonhurst","borough":"Brooklyn","zips_included":"11204","irs_returns":34050,"irs_agi_per_return":62868,"irs_wages_per_return":38606,"irs_capital_income_per_return":6494,"irs_investment_income_annual":223043600,"irs_capital_gains_per_return":4274,"irs_partnership_per_return":7017,"irs_capital_share_of_agi":0.1033,"irs_top_share_of_returns":0.0319,"irs_top_agi_per_return":710657,"irs_top_share_of_agi":0.3607,"irs_share_of_city_capital_income":0.0029,"irs_share_of_city_returns":0.0083,"acs_population":80575,"acs_households":25118,"acs_median_household_income":64172,"acs_median_household_income_moe":4094,"acs_mean_household_income":83981,"acs_share_households_200k":0.0612,"acs_renter_share":0.6404,"acs_median_gross_rent":1677,"acs_private_share_k12":0.523,"acs_seasonal_units":210,"acs_seasonal_share_of_units":0.0077,"sales_count":809,"sales_median_price":1250000,"sales_over_5m":1,"irs_years_available":5,"acs_households_moe":1132,"acs_aggregate_income_moe":125192644},"geometry":{"type":"Polygon","coordinates":[[[-73.973,40.60881],[-73.98842,40.60712],[-73.98738,40.60813],[-73.98809,40.60809],[-73.99171,40.61028],[-73.99161,40.61075],[-73.99177,40.61085],[-73.99239,40.61024],[-73.9946,40.61157],[-73.99397,40.61217],[-74.00082,40.61631],[-73.99962,40.61747],[-73.99949,40.61741],[-73.99927,40.61818],[-73.99903,40.61803],[-73.98143,40.63495],[-73.97897,40.63348],[-73.97877,40.63367],[-73.97851,40.6323],[-73.97956,40.63291],[-73.98014,40.63235],[-73.97831,40.63128],[-73.97815,40.63028],[-73.97717,40.63075],[-73.97771,40.62997],[-73.97961,40.6293],[-73.97679,40.62754],[-73.97658,40.62758],[-73.9758,40.6236],[-73.97684,40.62348],[-73.97662,40.62312],[-73.97626,40.62316],[-73.97583,40.62111],[-73.97695,40.62163],[-73.97705,40.62153],[-73.9754,40.62077],[-73.9753,40.62091],[-73.973,40.60881]]]}},{"type":"Feature","properties":{"irs_share_of_city_investment_2022":0.0016,"irs_income_per_household_2022":112826,"irs_agi_annual_2022":1902360060,"irs_investment_annual_2022":137296004,"irs_investment_share_2022":0.0722,"irs_returns_annual":18994,"zip":"11205","name":"Fort Greene","borough":"Brooklyn","zips_included":"11205","irs_returns":18470,"irs_agi_per_return":91243,"irs_wages_per_return":68457,"irs_capital_income_per_return":6633,"irs_investment_income_annual":125988200,"irs_capital_gains_per_return":5165,"irs_partnership_per_return":6487,"irs_capital_share_of_agi":0.0727,"irs_top_share_of_returns":0.085,"irs_top_agi_per_return":488739,"irs_top_share_of_agi":0.4552,"irs_share_of_city_capital_income":0.0016,"irs_share_of_city_returns":0.0046,"acs_population":50319,"acs_households":16861,"acs_median_household_income":74839,"acs_median_household_income_moe":5527,"acs_mean_household_income":132369,"acs_share_households_200k":0.1989,"acs_renter_share":0.7096,"acs_median_gross_rent":2107,"acs_private_share_k12":0.6299,"acs_seasonal_units":223,"acs_seasonal_share_of_units":0.0119,"sales_count":583,"sales_median_price":995000,"sales_over_5m":11,"irs_years_available":5,"acs_households_moe":819,"acs_aggregate_income_moe":219910762},"geometry":{"type":"Polygon","coordinates":[[[-73.97269,40.68742],[-73.97386,40.69329],[-73.97916,40.69349],[-73.98014,40.6947],[-73.98036,40.69618],[-73.97954,40.69617],[-73.97949,40.69648],[-73.98041,40.69656],[-73.98055,40.69825],[-73.9804,40.7007],[-73.98091,40.70186],[-73.98003,40.70214],[-73.98027,40.70304],[-73.97933,40.70475],[-73.97912,40.70553],[-73.97842,40.70556],[-73.97859,40.70498],[-73.97802,40.70429],[-73.97721,40.70422],[-73.97751,40.70319],[-73.97729,40.70319],[-73.97589,40.7019],[-73.97677,40.70092],[-73.97582,40.70025],[-73.97619,40.69982],[-73.97555,40.69921],[-73.97359,40.70043],[-73.97265,40.69959],[-73.9732,40.69925],[-73.97332,40.69794],[-73.96578,40.69764],[-73.95337,40.6994],[-73.95144,40.68977],[-73.95154,40.68959],[-73.95474,40.68911],[-73.9548,40.68873],[-73.95713,40.68847],[-73.95722,40.6892],[-73.96,40.68888],[-73.96029,40.69034],[-73.96519,40.68978],[-73.96481,40.68833],[-73.97076,40.68764],[-73.97115,40.68955],[-73.97213,40.68958],[-73.97172,40.68753],[-73.97269,40.68742]]]}},{"type":"Feature","properties":{"irs_share_of_city_investment_2022":0.0008,"irs_income_per_household_2022":66845,"irs_agi_annual_2022":2185711687,"irs_investment_annual_2022":66029225,"irs_investment_share_2022":0.0302,"irs_returns_annual":38266,"zip":"11206","name":"East Williamsburg","borough":"Brooklyn","zips_included":"11206","irs_returns":37370,"irs_agi_per_return":51988,"irs_wages_per_return":42187,"irs_capital_income_per_return":1576,"irs_investment_income_annual":60297800,"irs_capital_gains_per_return":1175,"irs_partnership_per_return":2764,"irs_capital_share_of_agi":0.0303,"irs_top_share_of_returns":0.0229,"irs_top_agi_per_return":414493,"irs_top_share_of_agi":0.1825,"irs_share_of_city_capital_income":0.0008,"irs_share_of_city_returns":0.0093,"acs_population":89949,"acs_households":32698,"acs_median_household_income":51507,"acs_median_household_income_moe":3761,"acs_mean_household_income":81598,"acs_share_households_200k":0.0886,"acs_renter_share":0.889,"acs_median_gross_rent":1434,"acs_private_share_k12":0.4187,"acs_seasonal_units":46,"acs_seasonal_share_of_units":0.0014,"sales_count":464,"sales_median_price":1211674,"sales_over_5m":2,"irs_years_available":5,"acs_households_moe":1059,"acs_aggregate_income_moe":156336988},"geometry":{"type":"Polygon","coordinates":[[[-73.94564,40.69203],[-73.94579,40.69276],[-73.94862,40.69244],[-73.94856,40.69209],[-73.95183,40.6917],[-73.95337,40.6994],[-73.95702,40.69897],[-73.95746,40.70082],[-73.95381,40.70318],[-73.95444,40.70375],[-73.95254,40.70498],[-73.9519,40.70442],[-73.95023,40.70548],[-73.95112,40.71095],[-73.94724,40.71133],[-73.947,40.7106],[-73.94548,40.71074],[-73.9456,40.71148],[-73.94391,40.71164],[-73.94379,40.7109],[-73.94284,40.71099],[-73.94211,40.71106],[-73.94223,40.7118],[-73.94068,40.71196],[-73.94031,40.71052],[-73.93768,40.71118],[-73.93832,40.71252],[-73.9348,40.71337],[-73.9323,40.70775],[-73.93116,40.70377],[-73.92759,40.70176],[-73.92903,40.70029],[-73.9278,40.69958],[-73.92996,40.69825],[-73.93026,40.69853],[-73.93279,40.6978],[-73.93298,40.69797],[-73.934,40.69712],[-73.93522,40.69699],[-73.9348,40.69674],[-73.93413,40.69335],[-73.93705,40.69302],[-73.9372,40.69375],[-73.94012,40.69342],[-73.93997,40.69269],[-73.94564,40.69203]]]}},{"type":"Feature","properties":{"irs_share_of_city_investment_2022":0.0002,"irs_income_per_household_2022":55696,"irs_agi_annual_2022":1939940421,"irs_investment_annual_2022":13837679,"irs_investment_share_2022":0.0071,"irs_returns_annual":43832,"zip":"11207","name":"East New York-New Lots","borough":"Brooklyn","zips_included":"11207","irs_returns":42210,"irs_agi_per_return":40161,"irs_wages_per_return":33983,"irs_capital_income_per_return":287,"irs_investment_income_annual":12596800,"irs_capital_gains_per_return":201,"irs_partnership_per_return":165,"irs_capital_share_of_agi":0.0072,"irs_top_share_of_returns":0.0061,"irs_top_agi_per_return":312993,"irs_top_share_of_agi":0.0477,"irs_share_of_city_capital_income":0.0002,"irs_share_of_city_returns":0.0106,"acs_population":96801,"acs_households":34831,"acs_median_household_income":52569,"acs_median_household_income_moe":3338,"acs_mean_household_income":71269,"acs_share_households_200k":0.0517,"acs_renter_share":0.7151,"acs_median_gross_rent":1476,"acs_private_share_k12":0.0835,"acs_seasonal_units":241,"acs_seasonal_share_of_units":0.0064,"sales_count":839,"sales_median_price":740000,"sales_over_5m":0,"irs_years_available":5,"acs_households_moe":1012,"acs_aggregate_income_moe":118268910},"geometry":{"type":"Polygon","coordinates":[[[-73.90348,40.67551],[-73.90268,40.67579],[-73.90347,40.67588],[-73.90335,40.67711],[-73.90426,40.67716],[-73.90436,40.67793],[-73.90331,40.67787],[-73.90349,40.6789],[-73.91003,40.68266],[-73.91167,40.68245],[-73.91182,40.68318],[-73.91151,40.6835],[-73.91604,40.68607],[-73.90885,40.69341],[-73.90359,40.6904],[-73.90207,40.692],[-73.9014,40.69159],[-73.90189,40.69108],[-73.90042,40.68818],[-73.90117,40.68788],[-73.89646,40.68233],[-73.89578,40.6835],[-73.89417,40.68529],[-73.89258,40.68349],[-73.89016,40.685],[-73.88893,40.68312],[-73.88819,40.68256],[-73.8865,40.68335],[-73.88509,40.67783],[-73.88529,40.67778],[-73.88454,40.67489],[-73.88535,40.67477],[-73.88503,40.6735],[-73.88421,40.67362],[-73.88278,40.66803],[-73.8836,40.66791],[-73.8832,40.66637],[-73.8825,40.66647],[-73.87884,40.66153],[-73.87968,40.66117],[-73.87859,40.6597],[-73.87775,40.66008],[-73.87672,40.6587],[-73.8775,40.65837],[-73.87577,40.65727],[-73.87973,40.65556],[-73.87905,40.65465],[-73.87972,40.65438],[-73.87677,40.65056],[-73.8768,40.64999],[-73.87845,40.64935],[-73.88221,40.65452],[-73.89,40.65115],[-73.89136,40.65237],[-73.8934,40.65093],[-73.89557,40.65308],[-73.89761,40.65345],[-73.898,40.6538],[-73.89904,40.65737],[-73.89882,40.65745],[-73.89966,40.66074],[-73.90066,40.66059],[-73.90145,40.66366],[-73.90041,40.6638],[-73.90348,40.67551]]]}},{"type":"Feature","properties":{"irs_share_of_city_investment_2022":0.0027,"irs_income_per_household_2022":108206,"irs_agi_annual_2022":3265544672,"irs_investment_annual_2022":229137522,"irs_investment_share_2022":0.0702,"irs_returns_annual":34472,"zip":"11209","name":"Bay Ridge","borough":"Brooklyn","zips_included":"11209, 11425","irs_returns":34240,"irs_agi_per_return":86032,"irs_wages_per_return":61025,"irs_capital_income_per_return":6048,"irs_investment_income_annual":208486000,"irs_capital_gains_per_return":4024,"irs_partnership_per_return":3983,"irs_capital_share_of_agi":0.0703,"irs_top_share_of_returns":0.0754,"irs_top_agi_per_return":419305,"irs_top_share_of_agi":0.3673,"irs_share_of_city_capital_income":0.0027,"irs_share_of_city_returns":0.0084,"acs_population":71812,"acs_households":30179,"acs_median_household_income":88546,"acs_median_household_income_moe":4912,"acs_mean_household_income":122020,"acs_share_households_200k":0.1621,"acs_renter_share":0.6382,"acs_median_gross_rent":1801,"acs_private_share_k12":0.1749,"acs_seasonal_units":166,"acs_seasonal_share_of_units":0.005,"sales_count":1198,"sales_median_price":732500,"sales_over_5m":1,"irs_years_available":5,"acs_households_moe":793,"acs_aggregate_income_moe":145359676},"geometry":{"type":"Polygon","coordinates":[[[-74.01942,40.60287],[-74.02102,40.60355],[-74.03005,40.60476],[-74.03213,40.6059],[-74.03427,40.60772],[-74.03496,40.60866],[-74.03608,40.60935],[-74.03695,40.61126],[-74.03921,40.61344],[-74.04038,40.61534],[-74.04162,40.62056],[-74.04171,40.62331],[-74.0419,40.62419],[-74.04108,40.6301],[-74.03843,40.63569],[-74.03725,40.63599],[-74.03614,40.63717],[-74.03596,40.63882],[-74.02604,40.63574],[-74.02352,40.63461],[-74.02315,40.63426],[-74.02327,40.6341],[-74.0216,40.63334],[-74.02101,40.63347],[-74.01605,40.63104],[-74.0197,40.62219],[-74.02009,40.62242],[-74.02042,40.62216],[-74.02525,40.61668],[-74.02755,40.61294],[-74.02638,40.61245],[-74.02659,40.6126],[-74.02641,40.61291],[-74.02667,40.61299],[-74.02505,40.61571],[-74.0228,40.61458],[-74.02458,40.61022],[-74.0244,40.60955],[-74.02016,40.60717],[-74.01822,40.60689],[-74.01767,40.60708],[-74.01702,40.60766],[-74.0155,40.60684],[-74.01942,40.60287]]]}},{"type":"Feature","properties":{"irs_share_of_city_investment_2022":0.0001,"irs_income_per_household_2022":54596,"irs_agi_annual_2022":1873774654,"irs_investment_annual_2022":11544070,"irs_investment_share_2022":0.0062,"irs_returns_annual":45572,"zip":"11208","name":"East New York-City Line","borough":"Brooklyn","zips_included":"11208","irs_returns":43950,"irs_agi_per_return":37290,"irs_wages_per_return":31300,"irs_capital_income_per_return":231,"irs_investment_income_annual":10511600,"irs_capital_gains_per_return":155,"irs_partnership_per_return":61,"irs_capital_share_of_agi":0.0062,"irs_top_share_of_returns":0.0039,"irs_top_agi_per_return":322453,"irs_top_share_of_agi":0.0334,"irs_share_of_city_capital_income":0.0001,"irs_share_of_city_returns":0.0111,"acs_population":108180,"acs_households":34321,"acs_median_household_income":56298,"acs_median_household_income_moe":3019,"acs_mean_household_income":76161,"acs_share_households_200k":0.0594,"acs_renter_share":0.7228,"acs_median_gross_rent":1506,"acs_private_share_k12":0.0318,"acs_seasonal_units":1353,"acs_seasonal_share_of_units":0.0362,"sales_count":712,"sales_median_price":775000,"sales_over_5m":0,"irs_years_available":5,"acs_households_moe":1186,"acs_aggregate_income_moe":179865522},"geometry":{"type":"MultiPolygon","coordinates":[[[[-73.8739,40.64637],[-73.87458,40.64561],[-73.8761,40.64621],[-73.87845,40.64935],[-73.8768,40.64999],[-73.87672,40.65038],[-73.8739,40.64637]]],[[[-73.85723,40.65028],[-73.85755,40.64993],[-73.85784,40.6483],[-73.85838,40.64728],[-73.85717,40.64368],[-73.8592,40.64318],[-73.86201,40.64289],[-73.86331,40.6423],[-73.86531,40.64075],[-73.86703,40.63985],[-73.86732,40.63987],[-73.86868,40.64093],[-73.86991,40.64328],[-73.87002,40.64407],[-73.87061,40.64486],[-73.87119,40.6453],[-73.87257,40.64557],[-73.87922,40.65459],[-73.87905,40.65465],[-73.87973,40.65556],[-73.87577,40.65727],[-73.8775,40.65837],[-73.87672,40.6587],[-73.87775,40.66008],[-73.87859,40.6597],[-73.87968,40.66117],[-73.87884,40.66153],[-73.8825,40.66647],[-73.8832,40.66637],[-73.8836,40.66791],[-73.88278,40.66803],[-73.88421,40.67362],[-73.88503,40.6735],[-73.88535,40.67477],[-73.88454,40.67489],[-73.88529,40.67778],[-73.88509,40.67783],[-73.8865,40.68335],[-73.88819,40.68256],[-73.88893,40.68312],[-73.88963,40.68424],[-73.88808,40.6853],[-73.88452,40.68669],[-73.88378,40.68787],[-73.87951,40.69114],[-73.87402,40.69419],[-73.86891,40.69515],[-73.86843,40.69472],[-73.86869,40.69404],[-73.8666,40.68527],[-73.86602,40.68192],[-73.8641,40.68237],[-73.86329,40.67908],[-73.86235,40.67916],[-73.86038,40.67125],[-73.85763,40.67165],[-73.85568,40.66387],[-73.85843,40.66345],[-73.85762,40.66012],[-73.86036,40.65965],[-73.86317,40.65828],[-73.8627,40.65762],[-73.86301,40.65748],[-73.86327,40.65694],[-73.863,40.65665],[-73.86299,40.65637],[-73.8632,40.65633],[-73.86264,40.65567],[-73.86087,40.65508],[-73.85723,40.65028]]]]}},{"type":"Feature","properties":{"irs_share_of_city_investment_2022":0.0049,"irs_income_per_household_2022":125539,"irs_agi_annual_2022":2718172805,"irs_investment_annual_2022":415960408,"irs_investment_share_2022":0.153,"irs_returns_annual":29206,"zip":"11210","name":"Flatlands","borough":"Brooklyn","zips_included":"11210","irs_returns":28440,"irs_agi_per_return":84554,"irs_wages_per_return":50105,"irs_capital_income_per_return":13089,"irs_investment_income_annual":382289000,"irs_capital_gains_per_return":9875,"irs_partnership_per_return":9209,"irs_capital_share_of_agi":0.1548,"irs_top_share_of_returns":0.0505,"irs_top_agi_per_return":757196,"irs_top_share_of_agi":0.452,"irs_share_of_city_capital_income":0.005,"irs_share_of_city_returns":0.0071,"acs_population":63426,"acs_households":21652,"acs_median_household_income":82904,"acs_median_household_income_moe":6100,"acs_mean_household_income":114070,"acs_share_households_200k":0.1208,"acs_renter_share":0.5657,"acs_median_gross_rent":1695,"acs_private_share_k12":0.3943,"acs_seasonal_units":197,"acs_seasonal_share_of_units":0.0085,"sales_count":768,"sales_median_price":844820,"sales_over_5m":2,"irs_years_available":5,"acs_households_moe":792,"acs_aggregate_income_moe":150975338},"geometry":{"type":"Polygon","coordinates":[[[-73.94483,40.61605],[-73.94573,40.61536],[-73.94606,40.6171],[-73.94699,40.617],[-73.94657,40.61479],[-73.94743,40.61423],[-73.94834,40.61414],[-73.94825,40.61363],[-73.94912,40.61305],[-73.94931,40.61403],[-73.95027,40.61393],[-73.94996,40.61232],[-73.95078,40.61164],[-73.95071,40.61125],[-73.95163,40.61112],[-73.95167,40.61131],[-73.95259,40.61111],[-73.95305,40.61362],[-73.95349,40.61357],[-73.95403,40.61623],[-73.95356,40.61628],[-73.95445,40.62106],[-73.95549,40.62095],[-73.95538,40.62132],[-73.95502,40.62136],[-73.95537,40.62318],[-73.95594,40.62334],[-73.95491,40.62345],[-73.95608,40.62969],[-73.95712,40.62958],[-73.9573,40.63051],[-73.95662,40.63059],[-73.95636,40.63119],[-73.95717,40.6354],[-73.9582,40.63529],[-73.9584,40.63633],[-73.9557,40.63763],[-73.95583,40.63837],[-73.95428,40.63911],[-73.9536,40.63842],[-73.94923,40.63855],[-73.94938,40.63993],[-73.94455,40.64022],[-73.94444,40.63951],[-73.94356,40.63956],[-73.94362,40.64028],[-73.94265,40.64034],[-73.9425,40.63897],[-73.93776,40.63926],[-73.93752,40.63692],[-73.93561,40.63704],[-73.93536,40.63477],[-73.9344,40.63483],[-73.93431,40.63388],[-73.93521,40.63341],[-73.9352,40.63318],[-73.93511,40.63243],[-73.93415,40.63249],[-73.9339,40.63015],[-73.93487,40.63009],[-73.93461,40.62775],[-73.93365,40.62781],[-73.93343,40.62568],[-73.93434,40.62488],[-73.93691,40.62524],[-73.93546,40.62388],[-73.93561,40.62357],[-73.93723,40.62296],[-73.94027,40.62262],[-73.93999,40.62116],[-73.94085,40.62045],[-73.9408,40.62012],[-73.94266,40.61992],[-73.94242,40.61859],[-73.94483,40.61605]]]}},{"type":"Feature","properties":{"irs_share_of_city_investment_2022":0.0031,"irs_income_per_household_2022":79056,"irs_agi_annual_2022":3468103441,"irs_investment_annual_2022":258931514,"irs_investment_share_2022":0.0747,"irs_returns_annual":31974,"zip":"11211","name":"Williamsburg","borough":"Brooklyn","zips_included":"11211, 11249","irs_returns":32190,"irs_agi_per_return":99039,"irs_wages_per_return":79356,"irs_capital_income_per_return":7429,"irs_investment_income_annual":237522400,"irs_capital_gains_per_return":5855,"irs_partnership_per_return":4834,"irs_capital_share_of_agi":0.075,"irs_top_share_of_returns":0.1016,"irs_top_agi_per_return":436620,"irs_top_share_of_agi":0.4481,"irs_share_of_city_capital_income":0.0031,"irs_share_of_city_returns":0.0078,"acs_population":110598,"acs_households":43869,"acs_median_household_income":94824,"acs_median_household_income_moe":7298,"acs_mean_household_income":153533,"acs_share_households_200k":0.2688,"acs_renter_share":0.836,"acs_median_gross_rent":2267,"acs_private_share_k12":0.6022,"acs_seasonal_units":331,"acs_seasonal_share_of_units":0.007,"sales_count":1553,"sales_median_price":1450000,"sales_over_5m":10,"irs_years_available":5,"acs_households_moe":1193,"acs_aggregate_income_moe":286281064},"geometry":{"type":"MultiPolygon","coordinates":[[[[-73.95568,40.72394],[-73.95514,40.72433],[-73.95451,40.72322],[-73.95568,40.72394]]],[[[-73.92308,40.71639],[-73.93095,40.71436],[-73.93105,40.71461],[-73.93085,40.7149],[-73.92844,40.71553],[-73.92891,40.7166],[-73.92861,40.71691],[-73.92595,40.71769],[-73.92449,40.71791],[-73.92359,40.71727],[-73.92308,40.71639]]],[[[-73.95702,40.69897],[-73.96578,40.69764],[-73.97332,40.69794],[-73.9732,40.69925],[-73.97265,40.69959],[-73.97359,40.70043],[-73.97555,40.69921],[-73.97619,40.69982],[-73.97582,40.70025],[-73.97677,40.70092],[-73.97589,40.7019],[-73.9755,40.70176],[-73.9754,40.70191],[-73.97455,40.70159],[-73.9758,40.69975],[-73.97569,40.69955],[-73.97536,40.69958],[-73.97411,40.70131],[-73.97258,40.70008],[-73.97239,40.70017],[-73.97262,40.70047],[-73.97376,40.70154],[-73.97319,40.70167],[-73.97114,40.69992],[-73.97078,40.69998],[-73.97333,40.70241],[-73.97284,40.70273],[-73.96983,40.70024],[-73.96949,40.70052],[-73.97284,40.70335],[-73.97267,40.7035],[-73.96924,40.70136],[-73.96893,40.70162],[-73.97232,40.70385],[-73.97216,40.70397],[-73.97146,40.70351],[-73.9711,40.70346],[-73.97093,40.70363],[-73.9734,40.7053],[-73.97348,40.70569],[-73.97222,40.7065],[-73.97018,40.70493],[-73.96762,40.70335],[-73.96752,40.70344],[-73.96748,40.70395],[-73.9693,40.70509],[-73.96929,40.7071],[-73.96985,40.708],[-73.96994,40.7093],[-73.96961,40.71027],[-73.9701,40.71046],[-73.96969,40.71049],[-73.96979,40.71079],[-73.96938,40.711],[-73.96982,40.7112],[-73.96932,40.71109],[-73.96881,40.71225],[-73.9689,40.71253],[-73.96867,40.71286],[-73.96847,40.71283],[-73.96851,40.71311],[-73.96885,40.71323],[-73.96725,40.71659],[-73.96712,40.7169],[-73.96727,40.71699],[-73.96635,40.7183],[-73.96515,40.71927],[-73.96555,40.71966],[-73.96537,40.72009],[-73.96514,40.72035],[-73.96438,40.72014],[-73.96448,40.72023],[-73.96354,40.72158],[-73.96275,40.7224],[-73.96166,40.72486],[-73.96212,40.72515],[-73.9619,40.72532],[-73.96153,40.72511],[-73.96117,40.72526],[-73.95772,40.72429],[-73.95757,40.7251],[-73.95615,40.72424],[-73.95568,40.72394],[-73.95627,40.72339],[-73.95477,40.72246],[-73.95604,40.7214],[-73.95475,40.7206],[-73.95165,40.72349],[-73.95065,40.72171],[-73.95007,40.7183],[-73.94722,40.71856],[-73.94679,40.71882],[-73.94675,40.71861],[-73.94632,40.71862],[-73.94059,40.71921],[-73.94034,40.71786],[-73.94024,40.71812],[-73.93726,40.71879],[-73.93695,40.7181],[-73.93529,40.71852],[-73.93651,40.72125],[-73.93504,40.72167],[-73.93559,40.72299],[-73.9278,40.72501],[-73.92561,40.72006],[-73.92482,40.72027],[-73.92453,40.71967],[-73.92486,40.71844],[-73.92838,40.71758],[-73.92887,40.71773],[-73.92971,40.71705],[-73.92932,40.71611],[-73.92946,40.71573],[-73.93221,40.71496],[-73.93214,40.71468],[-73.93175,40.71474],[-73.93137,40.71425],[-73.93832,40.71252],[-73.93768,40.71118],[-73.94031,40.71052],[-73.94068,40.71196],[-73.94223,40.7118],[-73.94211,40.71106],[-73.94284,40.71099],[-73.94379,40.7109],[-73.94391,40.71164],[-73.9456,40.71148],[-73.94548,40.71074],[-73.947,40.7106],[-73.94724,40.71133],[-73.95112,40.71095],[-73.95023,40.70548],[-73.9519,40.70442],[-73.95254,40.70498],[-73.95444,40.70375],[-73.95381,40.70318],[-73.95746,40.70082],[-73.95702,40.69897]]]]}},{"type":"Feature","properties":{"irs_share_of_city_investment_2022":0.0001,"irs_income_per_household_2022":48507,"irs_agi_annual_2022":1556652660,"irs_investment_annual_2022":7227573,"irs_investment_share_2022":0.0046,"irs_returns_annual":38154,"zip":"11212","name":"Brownsville","borough":"Brooklyn","zips_included":"11212","irs_returns":36640,"irs_agi_per_return":36999,"irs_wages_per_return":31516,"irs_capital_income_per_return":172,"irs_investment_income_annual":6573800,"irs_capital_gains_per_return":101,"irs_partnership_per_return":11,"irs_capital_share_of_agi":0.0047,"irs_top_share_of_returns":0.0028,"irs_top_agi_per_return":280764,"irs_top_share_of_agi":0.0211,"irs_share_of_city_capital_income":0.0001,"irs_share_of_city_returns":0.0093,"acs_population":84006,"acs_households":32091,"acs_median_household_income":35840,"acs_median_household_income_moe":4017,"acs_mean_household_income":53831,"acs_share_households_200k":0.0254,"acs_renter_share":0.8557,"acs_median_gross_rent":1150,"acs_private_share_k12":0.1309,"acs_seasonal_units":60,"acs_seasonal_share_of_units":0.0017,"sales_count":295,"sales_median_price":650000,"sales_over_5m":0,"irs_years_available":5,"acs_households_moe":1105,"acs_aggregate_income_moe":122658570},"geometry":{"type":"Polygon","coordinates":[[[-73.92178,40.65442],[-73.92331,40.6558],[-73.92401,40.65575],[-73.92408,40.65648],[-73.92641,40.65859],[-73.9272,40.65854],[-73.92725,40.65934],[-73.93108,40.66279],[-73.93156,40.66276],[-73.93161,40.66356],[-73.93069,40.66362],[-73.91995,40.66832],[-73.91942,40.6684],[-73.91838,40.669],[-73.92005,40.66914],[-73.91997,40.66947],[-73.91889,40.66992],[-73.91711,40.66982],[-73.91696,40.67071],[-73.91487,40.67053],[-73.91404,40.6709],[-73.91417,40.67146],[-73.91309,40.67131],[-73.90348,40.67551],[-73.90041,40.6638],[-73.90145,40.66366],[-73.90066,40.66059],[-73.89966,40.66074],[-73.89881,40.65741],[-73.90049,40.65715],[-73.90118,40.65652],[-73.90318,40.65531],[-73.91071,40.65418],[-73.91758,40.65432],[-73.91847,40.65375],[-73.91916,40.65436],[-73.92043,40.6544],[-73.92101,40.65492],[-73.92178,40.65442]]]}},{"type":"Feature","properties":{"irs_share_of_city_investment_2022":0.0006,"irs_income_per_household_2022":62272,"irs_agi_annual_2022":1636577597,"irs_investment_annual_2022":54634113,"irs_investment_share_2022":0.0334,"irs_returns_annual":29598,"zip":"11213","name":"Crown Heights (North)","borough":"Brooklyn","zips_included":"11213","irs_returns":28370,"irs_agi_per_return":50233,"irs_wages_per_return":40001,"irs_capital_income_per_return":1690,"irs_investment_income_annual":50028400,"irs_capital_gains_per_return":1315,"irs_partnership_per_return":2105,"irs_capital_share_of_agi":0.0336,"irs_top_share_of_returns":0.0191,"irs_top_agi_per_return":435551,"irs_top_share_of_agi":0.1658,"irs_share_of_city_capital_income":0.0007,"irs_share_of_city_returns":0.0072,"acs_population":69131,"acs_households":26281,"acs_median_household_income":54211,"acs_median_household_income_moe":4112,"acs_mean_household_income":84408,"acs_share_households_200k":0.082,"acs_renter_share":0.84,"acs_median_gross_rent":1550,"acs_private_share_k12":0.3189,"acs_seasonal_units":176,"acs_seasonal_share_of_units":0.0062,"sales_count":380,"sales_median_price":1100000,"sales_over_5m":1,"irs_years_available":5,"acs_households_moe":980,"acs_aggregate_income_moe":165248128},"geometry":{"type":"Polygon","coordinates":[[[-73.94003,40.66302],[-73.93998,40.66345],[-73.94217,40.6635],[-73.94226,40.66381],[-73.9427,40.66405],[-73.94253,40.66584],[-73.94806,40.66614],[-73.94709,40.67654],[-73.94479,40.67623],[-73.94475,40.67581],[-73.94418,40.67578],[-73.94404,40.67607],[-73.94193,40.67606],[-73.94175,40.67644],[-73.94154,40.67642],[-73.94121,40.67994],[-73.92905,40.67928],[-73.93022,40.67799],[-73.93046,40.67582],[-73.92769,40.67566],[-73.92776,40.67489],[-73.92499,40.67474],[-73.92561,40.66851],[-73.92531,40.66848],[-73.92424,40.66645],[-73.93069,40.66362],[-73.94003,40.66302]]]}},{"type":"Feature","properties":{"irs_share_of_city_investment_2022":0.0017,"irs_income_per_household_2022":101322,"irs_agi_annual_2022":2639240174,"irs_investment_annual_2022":145755075,"irs_investment_share_2022":0.0552,"irs_returns_annual":33324,"zip":"11218","name":"Kensington","borough":"Brooklyn","zips_included":"11218","irs_returns":32770,"irs_agi_per_return":71991,"irs_wages_per_return":53703,"irs_capital_income_per_return":3985,"irs_investment_income_annual":132790200,"irs_capital_gains_per_return":2648,"irs_partnership_per_return":2948,"irs_capital_share_of_agi":0.0554,"irs_top_share_of_returns":0.0637,"irs_top_agi_per_return":379348,"irs_top_share_of_agi":0.3355,"irs_share_of_city_capital_income":0.0017,"irs_share_of_city_returns":0.0081,"acs_population":73318,"acs_households":26048,"acs_median_household_income":87759,"acs_median_household_income_moe":6526,"acs_mean_household_income":138411,"acs_share_households_200k":0.1796,"acs_renter_share":0.6205,"acs_median_gross_rent":1879,"acs_private_share_k12":0.3965,"acs_seasonal_units":41,"acs_seasonal_share_of_units":0.0015,"sales_count":1027,"sales_median_price":875000,"sales_over_5m":0,"irs_years_available":5,"acs_households_moe":1103,"acs_aggregate_income_moe":663296895},"geometry":{"type":"Polygon","coordinates":[[[-73.97605,40.63128],[-73.97815,40.63028],[-73.97831,40.63128],[-73.98014,40.63235],[-73.97956,40.63291],[-73.97851,40.6323],[-73.97877,40.63367],[-73.97897,40.63348],[-73.98143,40.63495],[-73.98118,40.6352],[-73.98299,40.63636],[-73.98286,40.63673],[-73.98525,40.63818],[-73.98584,40.63762],[-73.98804,40.63895],[-73.98745,40.63951],[-73.99193,40.64221],[-73.98835,40.64456],[-73.9818,40.64713],[-73.98029,40.64729],[-73.98179,40.65524],[-73.97977,40.65723],[-73.9776,40.65586],[-73.97729,40.65614],[-73.97702,40.656],[-73.97657,40.65531],[-73.97586,40.65652],[-73.97666,40.65691],[-73.97516,40.65872],[-73.97448,40.65834],[-73.97412,40.6577],[-73.97233,40.6514],[-73.97268,40.65113],[-73.97253,40.65075],[-73.97196,40.6507],[-73.9717,40.65111],[-73.96621,40.65319],[-73.96465,40.65089],[-73.96703,40.64995],[-73.96667,40.64803],[-73.96755,40.64768],[-73.96734,40.6465],[-73.96639,40.64658],[-73.96594,40.6442],[-73.96687,40.6441],[-73.96682,40.64386],[-73.96632,40.64349],[-73.96599,40.64128],[-73.9663,40.64113],[-73.96617,40.64043],[-73.9653,40.64082],[-73.96493,40.63885],[-73.96579,40.63844],[-73.96538,40.63628],[-73.97278,40.63282],[-73.97271,40.63242],[-73.97574,40.63089],[-73.97605,40.63128]]]}},{"type":"Feature","properties":{"irs_share_of_city_investment_2022":0.0011,"irs_income_per_household_2022":72956,"irs_agi_annual_2022":2288337572,"irs_investment_annual_2022":92159602,"irs_investment_share_2022":0.0403,"irs_returns_annual":42252,"zip":"11214","name":"Gravesend (West)","borough":"Brooklyn","zips_included":"11214","irs_returns":42070,"irs_agi_per_return":49168,"irs_wages_per_return":38447,"irs_capital_income_per_return":1983,"irs_investment_income_annual":83776000,"irs_capital_gains_per_return":1270,"irs_partnership_per_return":715,"irs_capital_share_of_agi":0.0403,"irs_top_share_of_returns":0.022,"irs_top_agi_per_return":327716,"irs_top_share_of_agi":0.1464,"irs_share_of_city_capital_income":0.0011,"irs_share_of_city_returns":0.0102,"acs_population":90796,"acs_households":31366,"acs_median_household_income":60152,"acs_median_household_income_moe":2743,"acs_mean_household_income":89337,"acs_share_households_200k":0.094,"acs_renter_share":0.6632,"acs_median_gross_rent":1666,"acs_private_share_k12":0.098,"acs_seasonal_units":233,"acs_seasonal_share_of_units":0.007,"sales_count":988,"sales_median_price":832482,"sales_over_5m":0,"irs_years_available":5,"acs_households_moe":837,"acs_aggregate_income_moe":185160920},"geometry":{"type":"Polygon","coordinates":[[[-74.01479,40.60208],[-74.01496,40.6026],[-74.01452,40.60281],[-74.01378,40.60365],[-74.01419,40.60387],[-74.01278,40.60543],[-74.01237,40.60521],[-74.00908,40.60838],[-74.00982,40.60883],[-74.00805,40.61052],[-74.00731,40.61008],[-74.00082,40.61631],[-73.99397,40.61217],[-73.9946,40.61157],[-73.99239,40.61024],[-73.99177,40.61085],[-73.99161,40.61075],[-73.99171,40.61028],[-73.98809,40.60809],[-73.98738,40.60813],[-73.98842,40.60712],[-73.98726,40.60724],[-73.98685,40.6051],[-73.98748,40.60454],[-73.98665,40.60404],[-73.98264,40.58286],[-73.98384,40.58333],[-73.98361,40.58298],[-73.98393,40.58291],[-73.98579,40.58121],[-73.98595,40.58177],[-73.98685,40.58123],[-73.98764,40.57992],[-73.98806,40.57963],[-73.98996,40.58066],[-73.99174,40.5812],[-73.99183,40.58174],[-73.99034,40.58422],[-73.99027,40.58462],[-73.99544,40.58222],[-73.99605,40.58213],[-74.00018,40.58307],[-74.00042,40.58355],[-74.00036,40.58419],[-73.99879,40.58515],[-73.99808,40.58536],[-73.99929,40.58555],[-73.99952,40.58576],[-73.99957,40.58624],[-73.99814,40.58653],[-73.99417,40.58838],[-73.99566,40.58794],[-73.99408,40.5887],[-73.99422,40.58887],[-73.99497,40.5885],[-73.99515,40.58863],[-73.99488,40.58877],[-73.99546,40.5895],[-73.99788,40.58834],[-73.99868,40.58919],[-73.99924,40.58894],[-73.99947,40.58923],[-73.99838,40.58977],[-73.99878,40.59031],[-73.99844,40.59024],[-73.99776,40.59095],[-73.99711,40.59128],[-73.99716,40.59156],[-73.99755,40.59192],[-73.99927,40.59113],[-73.99986,40.59113],[-74.0002,40.59137],[-74.00006,40.59171],[-73.99903,40.59231],[-73.99948,40.59297],[-73.99839,40.59353],[-74.00106,40.59254],[-74.00184,40.59398],[-74.00313,40.5956],[-74.00552,40.59754],[-74.01065,40.6006],[-74.01237,40.60135],[-74.01479,40.60208]]]}},{"type":"Feature","properties":{"irs_share_of_city_investment_2022":0.01,"irs_income_per_household_2022":223133,"irs_agi_annual_2022":6574618734,"irs_investment_annual_2022":839425120,"irs_investment_share_2022":0.1277,"irs_returns_annual":32932,"zip":"11215","name":"Park Slope","borough":"Brooklyn","zips_included":"11215","irs_returns":33040,"irs_agi_per_return":181802,"irs_wages_per_return":125604,"irs_capital_income_per_return":23246,"irs_investment_income_annual":765553000,"irs_capital_gains_per_return":17491,"irs_partnership_per_return":14666,"irs_capital_share_of_agi":0.1279,"irs_top_share_of_returns":0.2211,"irs_top_agi_per_return":563489,"irs_top_share_of_agi":0.6854,"irs_share_of_city_capital_income":0.01,"irs_share_of_city_returns":0.008,"acs_population":72014,"acs_households":29465,"acs_median_household_income":173899,"acs_median_household_income_moe":7449,"acs_mean_household_income":236543,"acs_share_households_200k":0.4309,"acs_renter_share":0.5959,"acs_median_gross_rent":2673,"acs_private_share_k12":0.2126,"acs_seasonal_units":104,"acs_seasonal_share_of_units":0.0033,"sales_count":1641,"sales_median_price":1527375,"sales_over_5m":47,"irs_years_available":5,"acs_households_moe":1040,"acs_aggregate_income_moe":401156269},"geometry":{"type":"Polygon","coordinates":[[[-73.99667,40.66874],[-73.99862,40.67183],[-73.99847,40.67206],[-73.99537,40.6756],[-73.99408,40.67618],[-73.9907,40.67581],[-73.98941,40.67746],[-73.98931,40.67836],[-73.98851,40.67954],[-73.9882,40.67942],[-73.98779,40.68003],[-73.98262,40.67804],[-73.98305,40.67741],[-73.97041,40.67265],[-73.97182,40.67063],[-73.97935,40.6616],[-73.97966,40.66124],[-73.9802,40.66111],[-73.98,40.66076],[-73.97958,40.66085],[-73.97516,40.65872],[-73.97666,40.65691],[-73.97586,40.65652],[-73.97657,40.65531],[-73.97702,40.656],[-73.97729,40.65614],[-73.9776,40.65586],[-73.97977,40.65723],[-73.98179,40.65524],[-73.98029,40.64729],[-73.9818,40.64713],[-73.98835,40.64456],[-73.98906,40.64412],[-73.99831,40.64974],[-73.99779,40.65029],[-74.00216,40.65295],[-73.99167,40.66303],[-73.99581,40.66553],[-73.99486,40.66684],[-73.99648,40.66893],[-73.99667,40.66874]]]}},{"type":"Feature","properties":{"irs_share_of_city_investment_2022":0.0011,"irs_income_per_household_2022":86637,"irs_agi_annual_2022":2279493187,"irs_investment_annual_2022":90070267,"irs_investment_share_2022":0.0395,"irs_returns_annual":29536,"zip":"11216","name":"Bedford-Stuyvesant (West)","borough":"Brooklyn","zips_included":"11216","irs_returns":29120,"irs_agi_per_return":70276,"irs_wages_per_return":58996,"irs_capital_income_per_return":2782,"irs_investment_income_annual":82157800,"irs_capital_gains_per_return":2150,"irs_partnership_per_return":1725,"irs_capital_share_of_agi":0.0396,"irs_top_share_of_returns":0.05,"irs_top_agi_per_return":396007,"irs_top_share_of_agi":0.282,"irs_share_of_city_capital_income":0.0011,"irs_share_of_city_returns":0.0072,"acs_population":62373,"acs_households":26311,"acs_median_household_income":92684,"acs_median_household_income_moe":5556,"acs_mean_household_income":127418,"acs_share_households_200k":0.1843,"acs_renter_share":0.7469,"acs_median_gross_rent":2048,"acs_private_share_k12":0.2276,"acs_seasonal_units":124,"acs_seasonal_share_of_units":0.0043,"sales_count":638,"sales_median_price":1310102,"sales_over_5m":1,"irs_years_available":5,"acs_households_moe":1040,"acs_aggregate_income_moe":183120528},"geometry":{"type":"Polygon","coordinates":[[[-73.94773,40.66972],[-73.95527,40.67012],[-73.95797,40.67066],[-73.95766,40.67154],[-73.95679,40.67135],[-73.95648,40.67224],[-73.95734,40.67241],[-73.95519,40.67834],[-73.95281,40.67784],[-73.95299,40.67872],[-73.95529,40.6792],[-73.95713,40.68847],[-73.9548,40.68873],[-73.95474,40.68911],[-73.95154,40.68959],[-73.95183,40.6917],[-73.94856,40.69209],[-73.94862,40.69244],[-73.94579,40.69276],[-73.94535,40.69057],[-73.94818,40.69024],[-73.9479,40.68877],[-73.94505,40.6891],[-73.94396,40.68359],[-73.94134,40.6838],[-73.94106,40.68357],[-73.93822,40.6839],[-73.9374,40.67973],[-73.94121,40.67994],[-73.94154,40.67642],[-73.94175,40.67644],[-73.94193,40.67606],[-73.94404,40.67607],[-73.94418,40.67578],[-73.94475,40.67581],[-73.94479,40.67623],[-73.94709,40.67654],[-73.94773,40.66972]]]}},{"type":"Feature","properties":{"irs_share_of_city_investment_2022":0.006,"irs_income_per_household_2022":207497,"irs_agi_annual_2022":3924191798,"irs_investment_annual_2022":503209482,"irs_investment_share_2022":0.1282,"irs_returns_annual":20930,"zip":"11217","name":"Park Slope","borough":"Brooklyn","zips_included":"11217, 11243","irs_returns":21470,"irs_agi_per_return":170938,"irs_wages_per_return":123019,"irs_capital_income_per_return":21965,"irs_investment_income_annual":459723200,"irs_capital_gains_per_return":17070,"irs_partnership_per_return":12201,"irs_capital_share_of_agi":0.1285,"irs_top_share_of_returns":0.2007,"irs_top_agi_per_return":569997,"irs_top_share_of_agi":0.6691,"irs_share_of_city_capital_income":0.006,"irs_share_of_city_returns":0.0051,"acs_population":43045,"acs_households":18912,"acs_median_household_income":152735,"acs_median_household_income_moe":9472,"acs_mean_household_income":224818,"acs_share_households_200k":0.3905,"acs_renter_share":0.706,"acs_median_gross_rent":2651,"acs_private_share_k12":0.2919,"acs_seasonal_units":219,"acs_seasonal_share_of_units":0.0105,"sales_count":843,"sales_median_price":1677944,"sales_over_5m":31,"irs_years_available":5,"acs_households_moe":630,"acs_aggregate_income_moe":320728016},"geometry":{"type":"Polygon","coordinates":[[[-73.97088,40.67272],[-73.98305,40.67741],[-73.98262,40.67804],[-73.98696,40.67974],[-73.98779,40.68003],[-73.9882,40.67942],[-73.98851,40.67954],[-73.98808,40.68017],[-73.98913,40.68058],[-73.9887,40.68122],[-73.99086,40.68206],[-73.98656,40.68841],[-73.9844,40.68757],[-73.98357,40.68879],[-73.98271,40.68846],[-73.9821,40.68936],[-73.98025,40.68864],[-73.98043,40.6899],[-73.97313,40.68962],[-73.97269,40.68742],[-73.97365,40.6873],[-73.97338,40.68589],[-73.97232,40.68546],[-73.97206,40.68424],[-73.97303,40.68414],[-73.97279,40.68285],[-73.97068,40.68242],[-73.97062,40.68224],[-73.97244,40.67716],[-73.97143,40.67576],[-73.97162,40.67547],[-73.97105,40.67523],[-73.97135,40.6748],[-73.97147,40.6739],[-73.97088,40.67272]]]}},{"type":"Feature","properties":{"irs_share_of_city_investment_2022":0.002,"irs_income_per_household_2022":80925,"irs_agi_annual_2022":1944697970,"irs_investment_annual_2022":166239548,"irs_investment_share_2022":0.0855,"irs_returns_annual":34496,"zip":"11219","name":"Borough Park","borough":"Brooklyn","zips_included":"11219","irs_returns":33870,"irs_agi_per_return":51241,"irs_wages_per_return":30873,"irs_capital_income_per_return":4393,"irs_investment_income_annual":151550000,"irs_capital_gains_per_return":3135,"irs_partnership_per_return":8108,"irs_capital_share_of_agi":0.0857,"irs_top_share_of_returns":0.025,"irs_top_agi_per_return":672735,"irs_top_share_of_agi":0.3281,"irs_share_of_city_capital_income":0.002,"irs_share_of_city_returns":0.0084,"acs_population":92283,"acs_households":24031,"acs_median_household_income":51194,"acs_median_household_income_moe":4766,"acs_mean_household_income":77462,"acs_share_households_200k":0.0605,"acs_renter_share":0.7308,"acs_median_gross_rent":1627,"acs_private_share_k12":0.6819,"acs_seasonal_units":389,"acs_seasonal_share_of_units":0.0142,"sales_count":861,"sales_median_price":1150000,"sales_over_5m":5,"irs_years_available":5,"acs_households_moe":882,"acs_aggregate_income_moe":118639148},"geometry":{"type":"Polygon","coordinates":[[[-73.99728,40.61971],[-74.00389,40.6237],[-74.00447,40.62314],[-74.00668,40.62447],[-74.0061,40.62503],[-74.0127,40.62902],[-74.00854,40.63303],[-74.00703,40.63211],[-74.0063,40.63258],[-74.00796,40.63358],[-74.00384,40.63755],[-74.00124,40.63598],[-74.00053,40.63645],[-74.00325,40.6381],[-73.99393,40.64707],[-73.98906,40.64412],[-73.99193,40.64221],[-73.98745,40.63951],[-73.98804,40.63895],[-73.98584,40.63762],[-73.98525,40.63818],[-73.98286,40.63673],[-73.98299,40.63636],[-73.98118,40.6352],[-73.99728,40.61971]]]}},{"type":"Feature","properties":{"irs_share_of_city_investment_2022":0.0007,"irs_income_per_household_2022":73519,"irs_agi_annual_2022":2051689962,"irs_investment_annual_2022":61173176,"irs_investment_share_2022":0.0298,"irs_returns_annual":53480,"zip":"11220","name":"Sunset Park (West)","borough":"Brooklyn","zips_included":"11220","irs_returns":52060,"irs_agi_per_return":34828,"irs_wages_per_return":27428,"irs_capital_income_per_return":1041,"irs_investment_income_annual":55661600,"irs_capital_gains_per_return":633,"irs_partnership_per_return":695,"irs_capital_share_of_agi":0.0299,"irs_top_share_of_returns":0.0114,"irs_top_agi_per_return":367060,"irs_top_share_of_agi":0.1198,"irs_share_of_city_capital_income":0.0007,"irs_share_of_city_returns":0.013,"acs_population":93008,"acs_households":27907,"acs_median_household_income":62804,"acs_median_household_income_moe":2844,"acs_mean_household_income":85180,"acs_share_households_200k":0.0712,"acs_renter_share":0.7246,"acs_median_gross_rent":1641,"acs_private_share_k12":0.0399,"acs_seasonal_units":203,"acs_seasonal_share_of_units":0.0066,"sales_count":682,"sales_median_price":1057000,"sales_over_5m":2,"irs_years_available":5,"acs_households_moe":1012,"acs_aggregate_income_moe":118730323},"geometry":{"type":"Polygon","coordinates":[[[-74.01214,40.62869],[-74.01254,40.62882],[-74.01288,40.62868],[-74.01477,40.62995],[-74.0149,40.63035],[-74.01697,40.63162],[-74.02101,40.63347],[-74.0216,40.63334],[-74.02327,40.6341],[-74.02315,40.63426],[-74.02352,40.63461],[-74.02604,40.63574],[-74.03596,40.63882],[-74.03607,40.63731],[-74.0364,40.6368],[-74.03725,40.63599],[-74.03843,40.63569],[-74.03661,40.63936],[-74.03572,40.64064],[-74.03678,40.64161],[-74.03407,40.64432],[-74.03284,40.64356],[-74.03262,40.64377],[-74.03231,40.64358],[-74.03052,40.64527],[-74.02821,40.64402],[-74.02538,40.64692],[-74.02507,40.64672],[-74.02414,40.64761],[-74.02513,40.64832],[-74.02497,40.64861],[-74.02554,40.64978],[-74.02452,40.65094],[-74.02087,40.64875],[-74.02146,40.64818],[-74.01926,40.64685],[-74.01343,40.65246],[-74.01126,40.65113],[-74.00949,40.65281],[-74.00935,40.65273],[-74.01051,40.65161],[-74.00624,40.64902],[-74.00683,40.64847],[-74.00241,40.64581],[-74.0021,40.64611],[-74.00011,40.64486],[-74.00035,40.64456],[-73.99994,40.64432],[-73.9997,40.64461],[-73.99774,40.64341],[-74.00325,40.6381],[-74.00053,40.63645],[-74.00124,40.63598],[-74.00384,40.63755],[-74.00796,40.63358],[-74.0063,40.63258],[-74.00703,40.63211],[-74.00854,40.63303],[-74.0127,40.62902],[-74.01214,40.62869]]]}},{"type":"Feature","properties":{"irs_share_of_city_investment_2022":0.0008,"irs_income_per_household_2022":69408,"irs_agi_annual_2022":2446288503,"irs_investment_annual_2022":64739296,"irs_investment_share_2022":0.0265,"irs_returns_annual":41800,"zip":"11221","name":"Bedford-Stuyvesant (East)","borough":"Brooklyn","zips_included":"11221","irs_returns":41380,"irs_agi_per_return":53288,"irs_wages_per_return":45130,"irs_capital_income_per_return":1431,"irs_investment_income_annual":59831200,"irs_capital_gains_per_return":1115,"irs_partnership_per_return":799,"irs_capital_share_of_agi":0.0269,"irs_top_share_of_returns":0.0238,"irs_top_agi_per_return":387202,"irs_top_share_of_agi":0.1731,"irs_share_of_city_capital_income":0.0008,"irs_share_of_city_returns":0.0101,"acs_population":91236,"acs_households":35245,"acs_median_household_income":77600,"acs_median_household_income_moe":5699,"acs_mean_household_income":104627,"acs_share_households_200k":0.1168,"acs_renter_share":0.7881,"acs_median_gross_rent":1937,"acs_private_share_k12":0.1031,"acs_seasonal_units":118,"acs_seasonal_share_of_units":0.0031,"sales_count":912,"sales_median_price":1099500,"sales_over_5m":5,"irs_years_available":5,"acs_households_moe":1287,"acs_aggregate_income_moe":246131239},"geometry":{"type":"Polygon","coordinates":[[[-73.91604,40.68607],[-73.91805,40.68721],[-73.918,40.68697],[-73.91821,40.68694],[-73.91814,40.68657],[-73.92044,40.68631],[-73.9204,40.68594],[-73.92349,40.68558],[-73.92367,40.68596],[-73.92636,40.68558],[-73.92653,40.68524],[-73.92699,40.68518],[-73.92708,40.68555],[-73.9321,40.68492],[-73.93238,40.68457],[-73.9353,40.68423],[-73.93588,40.68453],[-73.93809,40.68429],[-73.93798,40.68392],[-73.94106,40.68357],[-73.94134,40.6838],[-73.94396,40.68359],[-73.94505,40.6891],[-73.9479,40.68877],[-73.94818,40.69024],[-73.94535,40.69057],[-73.94564,40.69203],[-73.93997,40.69269],[-73.94012,40.69342],[-73.9372,40.69375],[-73.93705,40.69302],[-73.93413,40.69335],[-73.9348,40.69674],[-73.93522,40.69699],[-73.934,40.69712],[-73.93298,40.69797],[-73.93279,40.6978],[-73.93026,40.69853],[-73.92996,40.69825],[-73.9278,40.69958],[-73.92903,40.70029],[-73.92759,40.70176],[-73.91782,40.69621],[-73.91637,40.69768],[-73.91336,40.69597],[-73.9118,40.69755],[-73.9103,40.6967],[-73.91186,40.69512],[-73.90885,40.69341],[-73.91604,40.68607]]]}},{"type":"Feature","properties":{"irs_share_of_city_investment_2022":0.0022,"irs_income_per_household_2022":142741,"irs_agi_annual_2022":2727488170,"irs_investment_annual_2022":189467508,"irs_investment_share_2022":0.0695,"irs_returns_annual":23544,"zip":"11222","name":"Greenpoint","borough":"Brooklyn","zips_included":"11222","irs_returns":24140,"irs_agi_per_return":105666,"irs_wages_per_return":82944,"irs_capital_income_per_return":7344,"irs_investment_income_annual":172905200,"irs_capital_gains_per_return":5295,"irs_partnership_per_return":4009,"irs_capital_share_of_agi":0.0695,"irs_top_share_of_returns":0.1048,"irs_top_agi_per_return":431559,"irs_top_share_of_agi":0.4281,"irs_share_of_city_capital_income":0.0023,"irs_share_of_city_returns":0.0057,"acs_population":40137,"acs_households":19108,"acs_median_household_income":126250,"acs_median_household_income_moe":10193,"acs_mean_household_income":153168,"acs_share_households_200k":0.2435,"acs_renter_share":0.8164,"acs_median_gross_rent":2479,"acs_private_share_k12":0.1986,"acs_seasonal_units":283,"acs_seasonal_share_of_units":0.0136,"sales_count":791,"sales_median_price":1475000,"sales_over_5m":7,"irs_years_available":5,"acs_households_moe":622,"acs_aggregate_income_moe":187641541},"geometry":{"type":"Polygon","coordinates":[[[-73.95568,40.72394],[-73.95757,40.7251],[-73.95772,40.72429],[-73.95814,40.72441],[-73.95794,40.72465],[-73.95795,40.72504],[-73.95842,40.7254],[-73.96013,40.72532],[-73.96028,40.72595],[-73.96161,40.72587],[-73.96162,40.72666],[-73.961,40.72877],[-73.96143,40.73097],[-73.96227,40.73292],[-73.96236,40.73371],[-73.96209,40.73451],[-73.96158,40.73518],[-73.95917,40.73756],[-73.95695,40.73888],[-73.95471,40.73913],[-73.95198,40.73875],[-73.94652,40.73693],[-73.94644,40.73678],[-73.9472,40.73535],[-73.94707,40.7344],[-73.9466,40.73444],[-73.94673,40.73529],[-73.94617,40.7362],[-73.94525,40.73589],[-73.94503,40.73543],[-73.9445,40.73629],[-73.9424,40.73543],[-73.94174,40.73495],[-73.94115,40.73415],[-73.941,40.73379],[-73.94116,40.73375],[-73.94057,40.73306],[-73.94069,40.73302],[-73.93982,40.73115],[-73.9381,40.72973],[-73.93693,40.72911],[-73.93493,40.72855],[-73.92958,40.72761],[-73.92788,40.72587],[-73.9278,40.72501],[-73.93559,40.72299],[-73.93504,40.72167],[-73.93651,40.72125],[-73.93529,40.71852],[-73.93695,40.7181],[-73.93726,40.71879],[-73.94024,40.71812],[-73.94034,40.71786],[-73.94059,40.71921],[-73.94632,40.71862],[-73.94675,40.71861],[-73.94679,40.71882],[-73.94722,40.71856],[-73.95007,40.7183],[-73.95065,40.72171],[-73.95165,40.72349],[-73.95475,40.7206],[-73.95604,40.7214],[-73.95477,40.72246],[-73.95627,40.72339],[-73.95568,40.72394]],[[-73.95568,40.72394],[-73.95451,40.72322],[-73.95514,40.72433],[-73.95568,40.72394]]]}},{"type":"Feature","properties":{"irs_share_of_city_investment_2022":0.0055,"irs_income_per_household_2022":116567,"irs_agi_annual_2022":3117926835,"irs_investment_annual_2022":461471068,"irs_investment_share_2022":0.148,"irs_returns_annual":33748,"zip":"11223","name":"Gravesend (East)-Homecrest","borough":"Brooklyn","zips_included":"11223","irs_returns":33360,"irs_agi_per_return":84060,"irs_wages_per_return":44288,"irs_capital_income_per_return":12548,"irs_investment_income_annual":423474000,"irs_capital_gains_per_return":8102,"irs_partnership_per_return":17606,"irs_capital_share_of_agi":0.1493,"irs_top_share_of_returns":0.043,"irs_top_agi_per_return":990389,"irs_top_share_of_agi":0.5062,"irs_share_of_city_capital_income":0.0055,"irs_share_of_city_returns":0.0082,"acs_population":80113,"acs_households":26748,"acs_median_household_income":61356,"acs_median_household_income_moe":4590,"acs_mean_household_income":94988,"acs_share_households_200k":0.1,"acs_renter_share":0.6402,"acs_median_gross_rent":1596,"acs_private_share_k12":0.33,"acs_seasonal_units":364,"acs_seasonal_share_of_units":0.0125,"sales_count":867,"sales_median_price":1040000,"sales_over_5m":40,"irs_years_available":5,"acs_households_moe":952,"acs_aggregate_income_moe":176601694},"geometry":{"type":"Polygon","coordinates":[[[-73.969,40.58406],[-73.97743,40.58291],[-73.98281,40.58379],[-73.98665,40.60404],[-73.98748,40.60454],[-73.98685,40.6051],[-73.98726,40.60724],[-73.96238,40.60999],[-73.96188,40.60734],[-73.96173,40.60536],[-73.96073,40.60547],[-73.96018,40.59842],[-73.95978,40.5963],[-73.96102,40.59616],[-73.96089,40.59436],[-73.95947,40.59457],[-73.959,40.59178],[-73.96515,40.5911],[-73.96564,40.58889],[-73.96797,40.58863],[-73.96783,40.58791],[-73.96581,40.58814],[-73.96598,40.58743],[-73.9677,40.58723],[-73.96757,40.58652],[-73.96615,40.58667],[-73.96633,40.5859],[-73.96928,40.58557],[-73.96915,40.58488],[-73.9665,40.58514],[-73.96662,40.58457],[-73.96786,40.58451],[-73.969,40.58406]]]}},{"type":"Feature","properties":{"irs_share_of_city_investment_2022":0.0004,"irs_income_per_household_2022":56136,"irs_agi_annual_2022":1093859159,"irs_investment_annual_2022":37869035,"irs_investment_share_2022":0.0346,"irs_returns_annual":20498,"zip":"11224","name":"Coney Island-Sea Gate","borough":"Brooklyn","zips_included":"11224","irs_returns":20690,"irs_agi_per_return":48470,"irs_wages_per_return":37031,"irs_capital_income_per_return":1677,"irs_investment_income_annual":34366600,"irs_capital_gains_per_return":969,"irs_partnership_per_return":988,"irs_capital_share_of_agi":0.0346,"irs_top_share_of_returns":0.0193,"irs_top_agi_per_return":358251,"irs_top_share_of_agi":0.1428,"irs_share_of_city_capital_income":0.0004,"irs_share_of_city_returns":0.005,"acs_population":47893,"acs_households":19486,"acs_median_household_income":40467,"acs_median_household_income_moe":3910,"acs_mean_household_income":67767,"acs_share_households_200k":0.0703,"acs_renter_share":0.7004,"acs_median_gross_rent":925,"acs_private_share_k12":0.102,"acs_seasonal_units":444,"acs_seasonal_share_of_units":0.0211,"sales_count":455,"sales_median_price":460000,"sales_over_5m":0,"irs_years_available":5,"acs_households_moe":872,"acs_aggregate_income_moe":116345830},"geometry":{"type":"Polygon","coordinates":[[[-73.98605,40.58172],[-73.98579,40.58121],[-73.98393,40.58291],[-73.98361,40.58298],[-73.98384,40.58333],[-73.98264,40.58286],[-73.98281,40.58379],[-73.97743,40.58291],[-73.97459,40.58314],[-73.969,40.58406],[-73.96786,40.58451],[-73.96662,40.58457],[-73.96676,40.58399],[-73.97059,40.58322],[-73.97113,40.58202],[-73.96733,40.58152],[-73.9676,40.58038],[-73.969,40.58003],[-73.96992,40.57558],[-73.96826,40.57504],[-73.96766,40.57504],[-73.96757,40.57488],[-73.96642,40.57481],[-73.95942,40.57518],[-73.95939,40.57391],[-73.9672,40.57333],[-73.96744,40.57321],[-73.96742,40.57298],[-73.96753,40.57319],[-73.96856,40.57313],[-73.96945,40.57286],[-73.96928,40.5723],[-73.96956,40.57281],[-73.97085,40.57277],[-73.97133,40.57265],[-73.97118,40.57194],[-73.97161,40.57263],[-73.9725,40.57257],[-73.97334,40.57232],[-73.97325,40.57163],[-73.97345,40.57227],[-73.97547,40.57197],[-73.97541,40.57142],[-73.97568,40.57195],[-73.97684,40.57195],[-73.97766,40.57173],[-73.97767,40.57117],[-73.97808,40.57123],[-73.97771,40.57125],[-73.97781,40.57176],[-73.97858,40.5719],[-73.97985,40.57154],[-73.97945,40.57122],[-73.97976,40.57125],[-73.98001,40.5717],[-73.98065,40.57174],[-73.98204,40.57148],[-73.98157,40.57125],[-73.98194,40.57124],[-73.98218,40.57156],[-73.98249,40.57157],[-73.98804,40.57099],[-73.98862,40.5709],[-73.98858,40.5707],[-73.98872,40.57088],[-73.98994,40.57076],[-73.99077,40.5706],[-73.99079,40.57025],[-73.99086,40.5706],[-73.9912,40.57061],[-73.99273,40.57043],[-73.99298,40.5702],[-73.99315,40.57038],[-73.99494,40.57035],[-73.99514,40.57032],[-73.99518,40.57002],[-73.99529,40.57032],[-73.99577,40.57039],[-73.99719,40.57035],[-73.99737,40.57013],[-73.99767,40.57038],[-73.99847,40.5705],[-74.00078,40.57049],[-74.00201,40.57021],[-74.00209,40.56959],[-74.00248,40.57174],[-74.00482,40.57289],[-74.00667,40.5734],[-74.01007,40.57383],[-74.01116,40.57417],[-74.01202,40.57488],[-74.01246,40.57668],[-74.01302,40.5778],[-74.01235,40.57922],[-74.01133,40.58019],[-74.00745,40.58181],[-74.00605,40.58198],[-74.00294,40.58143],[-74.00063,40.5813],[-73.99804,40.58156],[-73.99762,40.58121],[-73.99789,40.58082],[-73.99777,40.58059],[-73.99183,40.57925],[-73.99036,40.57942],[-73.98899,40.57884],[-73.98843,40.57881],[-73.98739,40.57909],[-73.98669,40.57981],[-73.98702,40.58002],[-73.98589,40.58115],[-73.98605,40.58172]]]}},{"type":"Feature","properties":{"irs_share_of_city_investment_2022":0.0009,"irs_income_per_household_2022":83270,"irs_agi_annual_2022":2071171655,"irs_investment_annual_2022":79767938,"irs_investment_share_2022":0.0385,"irs_returns_annual":30332,"zip":"11225","name":"Prospect Lefferts Gardens-Wingate","borough":"Brooklyn","zips_included":"11225","irs_returns":29440,"irs_agi_per_return":62070,"irs_wages_per_return":49966,"irs_capital_income_per_return":2396,"irs_investment_income_annual":72671200,"irs_capital_gains_per_return":1732,"irs_partnership_per_return":2002,"irs_capital_share_of_agi":0.0386,"irs_top_share_of_returns":0.0336,"irs_top_agi_per_return":426622,"irs_top_share_of_agi":0.2307,"irs_share_of_city_capital_income":0.0009,"irs_share_of_city_returns":0.0074,"acs_population":58476,"acs_households":24873,"acs_median_household_income":82716,"acs_median_household_income_moe":7405,"acs_mean_household_income":107973,"acs_share_households_200k":0.1254,"acs_renter_share":0.8189,"acs_median_gross_rent":1730,"acs_private_share_k12":0.2436,"acs_seasonal_units":60,"acs_seasonal_share_of_units":0.0022,"sales_count":574,"sales_median_price":996000,"sales_over_5m":0,"irs_years_available":5,"acs_households_moe":857,"acs_aggregate_income_moe":173144899},"geometry":{"type":"Polygon","coordinates":[[[-73.96188,40.65488],[-73.96286,40.65523],[-73.96313,40.6555],[-73.96283,40.6564],[-73.96283,40.6572],[-73.96326,40.65807],[-73.96372,40.65986],[-73.96502,40.66217],[-73.96436,40.6621],[-73.96392,40.66325],[-73.96287,40.66381],[-73.96239,40.66309],[-73.96096,40.66329],[-73.96257,40.67164],[-73.95527,40.67012],[-73.94773,40.66972],[-73.94806,40.66614],[-73.94253,40.66584],[-73.9427,40.66405],[-73.94226,40.66381],[-73.94217,40.6635],[-73.93998,40.66345],[-73.94003,40.66302],[-73.94283,40.66285],[-73.94261,40.66061],[-73.94767,40.6603],[-73.94726,40.65644],[-73.95305,40.65608],[-73.9531,40.6565],[-73.95943,40.65609],[-73.95986,40.65563],[-73.96014,40.65676],[-73.96121,40.65661],[-73.96061,40.65669],[-73.96091,40.65616],[-73.9607,40.65534],[-73.96188,40.65488]]]}},{"type":"Feature","properties":{"irs_share_of_city_investment_2022":0.0008,"irs_income_per_household_2022":76890,"irs_agi_annual_2022":2957018290,"irs_investment_annual_2022":65128404,"irs_investment_share_2022":0.022,"irs_returns_annual":52606,"zip":"11226","name":"East Flatbush-Erasmus","borough":"Brooklyn","zips_included":"11226","irs_returns":51620,"irs_agi_per_return":51114,"irs_wages_per_return":42944,"irs_capital_income_per_return":1134,"irs_investment_income_annual":59631600,"irs_capital_gains_per_return":803,"irs_partnership_per_return":703,"irs_capital_share_of_agi":0.0222,"irs_top_share_of_returns":0.0197,"irs_top_agi_per_return":383253,"irs_top_share_of_agi":0.1474,"irs_share_of_city_capital_income":0.0008,"irs_share_of_city_returns":0.0128,"acs_population":101053,"acs_households":38458,"acs_median_household_income":75947,"acs_median_household_income_moe":4212,"acs_mean_household_income":99788,"acs_share_households_200k":0.1084,"acs_renter_share":0.8589,"acs_median_gross_rent":1672,"acs_private_share_k12":0.0942,"acs_seasonal_units":73,"acs_seasonal_share_of_units":0.0017,"sales_count":602,"sales_median_price":730000,"sales_over_5m":0,"irs_years_available":5,"acs_households_moe":1219,"acs_aggregate_income_moe":164817696},"geometry":{"type":"Polygon","coordinates":[[[-73.9557,40.63763],[-73.9631,40.63404],[-73.96335,40.63552],[-73.96422,40.6351],[-73.96451,40.63669],[-73.96538,40.63628],[-73.96579,40.63844],[-73.96493,40.63885],[-73.9653,40.64082],[-73.96617,40.64043],[-73.9663,40.64113],[-73.96599,40.64128],[-73.96632,40.64349],[-73.96682,40.64386],[-73.96687,40.6441],[-73.96594,40.6442],[-73.96637,40.64653],[-73.96734,40.6465],[-73.96755,40.64768],[-73.96667,40.64803],[-73.96703,40.64995],[-73.96465,40.65089],[-73.96621,40.65319],[-73.9607,40.65534],[-73.96091,40.65616],[-73.96061,40.65669],[-73.96014,40.65676],[-73.95986,40.65563],[-73.95943,40.65609],[-73.9531,40.6565],[-73.95305,40.65608],[-73.94726,40.65644],[-73.94648,40.6491],[-73.94747,40.64904],[-73.94724,40.64697],[-73.94706,40.64525],[-73.94607,40.64531],[-73.94587,40.64342],[-73.94629,40.6429],[-73.94613,40.64109],[-73.94661,40.64106],[-73.94651,40.6401],[-73.94938,40.63993],[-73.94923,40.63855],[-73.9536,40.63842],[-73.95428,40.63911],[-73.95583,40.63837],[-73.9557,40.63763]]]}},{"type":"Feature","properties":{"irs_share_of_city_investment_2022":0.0011,"irs_income_per_household_2022":98608,"irs_agi_annual_2022":1525858723,"irs_investment_annual_2022":90071777,"irs_investment_share_2022":0.059,"irs_returns_annual":20794,"zip":"11228","name":"Dyker Heights","borough":"Brooklyn","zips_included":"11228","irs_returns":21080,"irs_agi_per_return":66616,"irs_wages_per_return":48440,"irs_capital_income_per_return":3946,"irs_investment_income_annual":82059200,"irs_capital_gains_per_return":2529,"irs_partnership_per_return":2899,"irs_capital_share_of_agi":0.0592,"irs_top_share_of_returns":0.0555,"irs_top_agi_per_return":372067,"irs_top_share_of_agi":0.31,"irs_share_of_city_capital_income":0.0011,"irs_share_of_city_returns":0.005,"acs_population":44196,"acs_households":15474,"acs_median_household_income":83980,"acs_median_household_income_moe":6446,"acs_mean_household_income":118610,"acs_share_households_200k":0.1678,"acs_renter_share":0.4378,"acs_median_gross_rent":1732,"acs_private_share_k12":0.1484,"acs_seasonal_units":175,"acs_seasonal_share_of_units":0.0105,"sales_count":728,"sales_median_price":1205000,"sales_over_5m":1,"irs_years_available":5,"acs_households_moe":778,"acs_aggregate_income_moe":113675625},"geometry":{"type":"Polygon","coordinates":[[[-73.99962,40.61747],[-74.00731,40.61008],[-74.00805,40.61052],[-74.00982,40.60883],[-74.00908,40.60838],[-74.01237,40.60521],[-74.01278,40.60543],[-74.01419,40.60387],[-74.01378,40.60365],[-74.01452,40.60281],[-74.01496,40.6026],[-74.01479,40.60208],[-74.01688,40.60244],[-74.01832,40.60242],[-74.01914,40.60262],[-74.01942,40.60287],[-74.0155,40.60684],[-74.01702,40.60766],[-74.01767,40.60708],[-74.01822,40.60689],[-74.02016,40.60717],[-74.02126,40.60767],[-74.02447,40.60965],[-74.02458,40.61022],[-74.0228,40.61458],[-74.02505,40.61571],[-74.02667,40.61299],[-74.02641,40.61291],[-74.02659,40.6126],[-74.02638,40.61245],[-74.02755,40.61294],[-74.02525,40.61668],[-74.02042,40.62216],[-74.02009,40.62242],[-74.0197,40.62219],[-74.01605,40.63104],[-74.0149,40.63035],[-74.01477,40.62995],[-74.01288,40.62868],[-74.01254,40.62882],[-74.01214,40.62869],[-74.0061,40.62503],[-74.00668,40.62447],[-74.00447,40.62314],[-74.00389,40.6237],[-73.99728,40.61971],[-73.99903,40.61803],[-73.99927,40.61818],[-73.99949,40.61741],[-73.99962,40.61747]]]}},{"type":"Feature","properties":{"irs_share_of_city_investment_2022":0.0045,"irs_income_per_household_2022":108941,"irs_agi_annual_2022":3474881004,"irs_investment_annual_2022":380369689,"irs_investment_share_2022":0.1095,"irs_returns_annual":36848,"zip":"11230","name":"Mapleton-Midwood (West)","borough":"Brooklyn","zips_included":"11230","irs_returns":36240,"irs_agi_per_return":85773,"irs_wages_per_return":49550,"irs_capital_income_per_return":9447,"irs_investment_income_annual":348097600,"irs_capital_gains_per_return":5927,"irs_partnership_per_return":13988,"irs_capital_share_of_agi":0.1101,"irs_top_share_of_returns":0.057,"irs_top_agi_per_return":716329,"irs_top_share_of_agi":0.476,"irs_share_of_city_capital_income":0.0045,"irs_share_of_city_returns":0.0089,"acs_population":90245,"acs_households":31897,"acs_median_household_income":65051,"acs_median_household_income_moe":3665,"acs_mean_household_income":95988,"acs_share_households_200k":0.1039,"acs_renter_share":0.6977,"acs_median_gross_rent":1680,"acs_private_share_k12":0.4539,"acs_seasonal_units":288,"acs_seasonal_share_of_units":0.0084,"sales_count":1045,"sales_median_price":728049,"sales_over_5m":11,"irs_years_available":5,"acs_households_moe":804,"acs_aggregate_income_moe":160162830},"geometry":{"type":"Polygon","coordinates":[[[-73.973,40.60881],[-73.9753,40.62091],[-73.9754,40.62077],[-73.97705,40.62153],[-73.97695,40.62163],[-73.97583,40.62111],[-73.97626,40.62316],[-73.97662,40.62312],[-73.97684,40.62348],[-73.9758,40.6236],[-73.97658,40.62758],[-73.97679,40.62754],[-73.97961,40.6293],[-73.97771,40.62997],[-73.97717,40.63075],[-73.97605,40.63128],[-73.97574,40.63089],[-73.97271,40.63242],[-73.97278,40.63282],[-73.96451,40.63669],[-73.96422,40.6351],[-73.96335,40.63552],[-73.9631,40.63404],[-73.9584,40.63633],[-73.9582,40.63529],[-73.95717,40.6354],[-73.95636,40.63119],[-73.95662,40.63059],[-73.9573,40.63051],[-73.95712,40.62958],[-73.95608,40.62969],[-73.95491,40.62345],[-73.95594,40.62334],[-73.95537,40.62318],[-73.95502,40.62136],[-73.95538,40.62132],[-73.95549,40.62095],[-73.95445,40.62106],[-73.95356,40.61628],[-73.95402,40.61623],[-73.95349,40.61357],[-73.95305,40.61362],[-73.95259,40.61111],[-73.973,40.60881]]]}},{"type":"Feature","properties":{"irs_share_of_city_investment_2022":0.0005,"irs_income_per_household_2022":91855,"irs_agi_annual_2022":788853814,"irs_investment_annual_2022":40533133,"irs_investment_share_2022":0.0514,"irs_returns_annual":9546,"zip":"11415","name":"Kew Gardens","borough":"Queens","zips_included":"11415, 11424","irs_returns":9370,"irs_agi_per_return":75000,"irs_wages_per_return":57315,"irs_capital_income_per_return":3846,"irs_investment_income_annual":36717000,"irs_capital_gains_per_return":2439,"irs_partnership_per_return":1707,"irs_capital_share_of_agi":0.0513,"irs_top_share_of_returns":0.0494,"irs_top_agi_per_return":367537,"irs_top_share_of_agi":0.2423,"irs_share_of_city_capital_income":0.0005,"irs_share_of_city_returns":0.0023,"acs_population":20315,"acs_households":8588,"acs_median_household_income":88306,"acs_median_household_income_moe":9684,"acs_mean_household_income":120616,"acs_share_households_200k":0.1617,"acs_renter_share":0.5793,"acs_median_gross_rent":1863,"acs_private_share_k12":0.2234,"acs_seasonal_units":102,"acs_seasonal_share_of_units":0.0107,"sales_count":441,"sales_median_price":295000,"sales_over_5m":0,"irs_years_available":5,"acs_households_moe":392,"acs_aggregate_income_moe":null},"geometry":{"type":"Polygon","coordinates":[[[-73.84315,40.70922],[-73.83771,40.71104],[-73.83612,40.71182],[-73.83601,40.71173],[-73.8313,40.71427],[-73.82715,40.71539],[-73.82574,40.7161],[-73.8238,40.71297],[-73.82113,40.71068],[-73.81998,40.70943],[-73.81861,40.70685],[-73.81912,40.70664],[-73.81846,40.70567],[-73.82008,40.70503],[-73.82064,40.70584],[-73.82202,40.70521],[-73.82178,40.70496],[-73.82154,40.70373],[-73.82344,40.7038],[-73.82339,40.70345],[-73.83152,40.70139],[-73.83233,40.70076],[-73.83341,40.70119],[-73.83392,40.70235],[-73.83302,40.70257],[-73.83372,40.70415],[-73.83476,40.70389],[-73.83524,40.70499],[-73.8342,40.70526],[-73.83498,40.7071],[-73.83618,40.70757],[-73.83555,40.70834],[-73.83418,40.70867],[-73.83481,40.70964],[-73.83405,40.71003],[-73.8359,40.71164],[-73.83675,40.7108],[-73.83747,40.71071],[-73.84151,40.70897],[-73.84315,40.70922]]]}},{"type":"Feature","properties":{"irs_share_of_city_investment_2022":0.0021,"irs_income_per_household_2022":93331,"irs_agi_annual_2022":2870010124,"irs_investment_annual_2022":179050530,"irs_investment_share_2022":0.0624,"irs_returns_annual":37858,"zip":"11229","name":"Madison","borough":"Brooklyn","zips_included":"11229","irs_returns":37580,"irs_agi_per_return":68832,"irs_wages_per_return":47233,"irs_capital_income_per_return":4302,"irs_investment_income_annual":162879000,"irs_capital_gains_per_return":2709,"irs_partnership_per_return":5335,"irs_capital_share_of_agi":0.0625,"irs_top_share_of_returns":0.0485,"irs_top_agi_per_return":425131,"irs_top_share_of_agi":0.2999,"irs_share_of_city_capital_income":0.0021,"irs_share_of_city_returns":0.0092,"acs_population":81109,"acs_households":30751,"acs_median_household_income":72799,"acs_median_household_income_moe":5187,"acs_mean_household_income":104211,"acs_share_households_200k":0.1277,"acs_renter_share":0.5166,"acs_median_gross_rent":1586,"acs_private_share_k12":0.3111,"acs_seasonal_units":618,"acs_seasonal_share_of_units":0.0185,"sales_count":1325,"sales_median_price":685000,"sales_over_5m":0,"irs_years_available":5,"acs_households_moe":962,"acs_aggregate_income_moe":163007009},"geometry":{"type":"Polygon","coordinates":[[[-73.959,40.59178],[-73.95947,40.59457],[-73.96089,40.59436],[-73.96102,40.59616],[-73.95978,40.5963],[-73.96018,40.59842],[-73.96073,40.60547],[-73.96173,40.60536],[-73.96188,40.60734],[-73.96238,40.60999],[-73.9536,40.61095],[-73.95167,40.61131],[-73.95163,40.61112],[-73.95071,40.61125],[-73.95078,40.61164],[-73.94996,40.61232],[-73.95027,40.61393],[-73.94931,40.61403],[-73.94912,40.61305],[-73.94825,40.61363],[-73.94834,40.61414],[-73.94743,40.61423],[-73.94657,40.61479],[-73.94699,40.617],[-73.94606,40.6171],[-73.94573,40.61536],[-73.94483,40.61605],[-73.94431,40.61341],[-73.94375,40.61295],[-73.94298,40.61345],[-73.93754,40.60856],[-73.93604,40.60952],[-73.93423,40.6079],[-73.93352,40.60835],[-73.92987,40.60507],[-73.93355,40.60269],[-73.92813,40.59778],[-73.92957,40.59682],[-73.91806,40.58644],[-73.91919,40.58596],[-73.91961,40.58617],[-73.9204,40.58609],[-73.92108,40.58573],[-73.92212,40.58581],[-73.92236,40.58602],[-73.92404,40.5859],[-73.92402,40.58577],[-73.92457,40.58565],[-73.9252,40.58581],[-73.9257,40.58647],[-73.92684,40.58729],[-73.92776,40.58866],[-73.92396,40.59114],[-73.9242,40.59137],[-73.9246,40.5912],[-73.92816,40.58883],[-73.92888,40.58925],[-73.92991,40.58946],[-73.93054,40.59027],[-73.93047,40.59146],[-73.9301,40.59201],[-73.93034,40.59209],[-73.93028,40.59245],[-73.92971,40.59312],[-73.92986,40.59378],[-73.93043,40.59441],[-73.9319,40.59469],[-73.93241,40.59522],[-73.93305,40.59487],[-73.93301,40.59464],[-73.959,40.59178]]]}},{"type":"Feature","properties":{"irs_share_of_city_investment_2022":0.0061,"irs_income_per_household_2022":212985,"irs_agi_annual_2022":3513832631,"irs_investment_annual_2022":511914347,"irs_investment_share_2022":0.1457,"irs_returns_annual":17132,"zip":"11231","name":"Carroll Gardens-Cobble Hill-Gowanus-Red Hook","borough":"Brooklyn","zips_included":"11231","irs_returns":16900,"irs_agi_per_return":186849,"irs_wages_per_return":123878,"irs_capital_income_per_return":27339,"irs_investment_income_annual":468372600,"irs_capital_gains_per_return":20732,"irs_partnership_per_return":20193,"irs_capital_share_of_agi":0.1463,"irs_top_share_of_returns":0.2064,"irs_top_agi_per_return":650084,"irs_top_share_of_agi":0.7181,"irs_share_of_city_capital_income":0.0061,"irs_share_of_city_returns":0.0042,"acs_population":38829,"acs_households":16498,"acs_median_household_income":130396,"acs_median_household_income_moe":9536,"acs_mean_household_income":204514,"acs_share_households_200k":0.3356,"acs_renter_share":0.6934,"acs_median_gross_rent":2309,"acs_private_share_k12":0.2246,"acs_seasonal_units":100,"acs_seasonal_share_of_units":0.0056,"sales_count":595,"sales_median_price":1999999,"sales_over_5m":35,"irs_years_available":5,"acs_households_moe":728,"acs_aggregate_income_moe":379298679},"geometry":{"type":"Polygon","coordinates":[[[-74.00798,40.68628],[-74.00753,40.68607],[-74.00717,40.68635],[-74.00485,40.68567],[-74.00451,40.68632],[-74.00236,40.68573],[-74.00139,40.68775],[-73.99441,40.68545],[-73.99458,40.6851],[-73.98999,40.68332],[-73.99086,40.68206],[-73.9887,40.68122],[-73.98913,40.68058],[-73.98808,40.68017],[-73.98931,40.67836],[-73.98941,40.67746],[-73.9907,40.67581],[-73.99408,40.67618],[-73.99537,40.6756],[-73.99847,40.67206],[-74.0003,40.66872],[-74.00106,40.66895],[-74.00141,40.66836],[-74.00221,40.66858],[-74.0029,40.66735],[-74.00319,40.66726],[-74.00399,40.66767],[-74.00605,40.66805],[-74.00475,40.67072],[-74.00544,40.67092],[-74.00662,40.66862],[-74.00986,40.66852],[-74.01154,40.66509],[-74.01575,40.66457],[-74.01691,40.66485],[-74.01789,40.66585],[-74.01858,40.67039],[-74.01876,40.67108],[-74.01934,40.67162],[-74.01751,40.67103],[-74.01649,40.66493],[-74.01603,40.66486],[-74.01594,40.66547],[-74.01228,40.66573],[-74.01088,40.6686],[-74.01036,40.66865],[-74.01034,40.66908],[-74.01091,40.66919],[-74.01087,40.66971],[-74.01154,40.66979],[-74.01151,40.67041],[-74.01196,40.67089],[-74.01262,40.67084],[-74.01355,40.67126],[-74.01399,40.67119],[-74.01437,40.67146],[-74.01387,40.67188],[-74.01423,40.67221],[-74.01298,40.67333],[-74.01336,40.67359],[-74.01512,40.67216],[-74.01632,40.67291],[-74.01458,40.67441],[-74.01496,40.67468],[-74.01671,40.6732],[-74.01817,40.6744],[-74.01783,40.67526],[-74.0183,40.67546],[-74.01887,40.67507],[-74.01841,40.67552],[-74.01849,40.67586],[-74.01802,40.67589],[-74.01791,40.67651],[-74.01977,40.67661],[-74.01995,40.6771],[-74.01909,40.67714],[-74.01922,40.67778],[-74.01843,40.67791],[-74.01842,40.67855],[-74.01825,40.67855],[-74.01858,40.67898],[-74.01956,40.67903],[-74.01899,40.6799],[-74.01679,40.68102],[-74.0152,40.68198],[-74.01532,40.68211],[-74.01487,40.68238],[-74.01361,40.68122],[-74.01387,40.68101],[-74.01302,40.68041],[-74.00967,40.68327],[-74.01093,40.68449],[-74.00798,40.68628]]]}},{"type":"Feature","properties":{"irs_share_of_city_investment_2022":0.0011,"irs_income_per_household_2022":105970,"irs_agi_annual_2022":1396572990,"irs_investment_annual_2022":95303716,"irs_investment_share_2022":0.0682,"irs_returns_annual":20374,"zip":"11358","name":"Murray Hill-Broadway Flushing","borough":"Queens","zips_included":"11358","irs_returns":20640,"irs_agi_per_return":62211,"irs_wages_per_return":44052,"irs_capital_income_per_return":4245,"irs_investment_income_annual":86493600,"irs_capital_gains_per_return":2656,"irs_partnership_per_return":1776,"irs_capital_share_of_agi":0.0682,"irs_top_share_of_returns":0.0485,"irs_top_agi_per_return":342518,"irs_top_share_of_agi":0.267,"irs_share_of_city_capital_income":0.0011,"irs_share_of_city_returns":0.0049,"acs_population":37647,"acs_households":13179,"acs_median_household_income":84020,"acs_median_household_income_moe":7384,"acs_mean_household_income":109224,"acs_share_households_200k":0.1301,"acs_renter_share":0.4041,"acs_median_gross_rent":1939,"acs_private_share_k12":0.1403,"acs_seasonal_units":143,"acs_seasonal_share_of_units":0.0103,"sales_count":809,"sales_median_price":995000,"sales_over_5m":0,"irs_years_available":5,"acs_households_moe":649,"acs_aggregate_income_moe":92105201},"geometry":{"type":"Polygon","coordinates":[[[-73.80288,40.74977],[-73.80913,40.75027],[-73.80702,40.76586],[-73.80746,40.76595],[-73.80715,40.76829],[-73.80668,40.76826],[-73.8065,40.76963],[-73.80557,40.76956],[-73.80535,40.7711],[-73.80629,40.77119],[-73.80615,40.77221],[-73.80428,40.77206],[-73.80388,40.7749],[-73.7983,40.77445],[-73.79823,40.77485],[-73.79786,40.77442],[-73.79276,40.77402],[-73.79271,40.77379],[-73.79163,40.77424],[-73.78596,40.7631],[-73.78542,40.76251],[-73.78517,40.76143],[-73.78613,40.76136],[-73.7859,40.75975],[-73.78447,40.75988],[-73.78213,40.75534],[-73.78052,40.75333],[-73.78009,40.75251],[-73.78121,40.75151],[-73.78624,40.75014],[-73.78742,40.75091],[-73.78695,40.74994],[-73.7923,40.74847],[-73.79231,40.74833],[-73.79482,40.74842],[-73.79478,40.74959],[-73.79566,40.75024],[-73.79785,40.74915],[-73.79802,40.74873],[-73.80281,40.74907],[-73.80288,40.74977]]]}},{"type":"Feature","properties":{"irs_share_of_city_investment_2022":0.0003,"irs_income_per_household_2022":77206,"irs_agi_annual_2022":740326481,"irs_investment_annual_2022":23515504,"irs_investment_share_2022":0.0318,"irs_returns_annual":12714,"zip":"11232","name":"Sunset Park (West)","borough":"Brooklyn","zips_included":"11232","irs_returns":12410,"irs_agi_per_return":52910,"irs_wages_per_return":43145,"irs_capital_income_per_return":1691,"irs_investment_income_annual":21503800,"irs_capital_gains_per_return":1115,"irs_partnership_per_return":788,"irs_capital_share_of_agi":0.032,"irs_top_share_of_returns":0.0304,"irs_top_agi_per_return":370301,"irs_top_share_of_agi":0.2125,"irs_share_of_city_capital_income":0.0003,"irs_share_of_city_returns":0.0031,"acs_population":28137,"acs_households":9589,"acs_median_household_income":79599,"acs_median_household_income_moe":10768,"acs_mean_household_income":114279,"acs_share_households_200k":0.1704,"acs_renter_share":0.7737,"acs_median_gross_rent":1865,"acs_private_share_k12":0.0249,"acs_seasonal_units":51,"acs_seasonal_share_of_units":0.005,"sales_count":236,"sales_median_price":749500,"sales_over_5m":0,"irs_years_available":5,"acs_households_moe":642,"acs_aggregate_income_moe":162479492},"geometry":{"type":"Polygon","coordinates":[[[-74.02446,40.65094],[-74.02382,40.65136],[-74.02306,40.65097],[-74.02262,40.65131],[-74.02154,40.65067],[-74.0209,40.65125],[-74.02381,40.65305],[-74.02359,40.65322],[-74.02196,40.65222],[-74.02123,40.6527],[-74.02118,40.65284],[-74.0232,40.6541],[-74.02307,40.65423],[-74.0221,40.65359],[-74.02163,40.65365],[-74.02115,40.65421],[-74.02183,40.65466],[-74.02165,40.65488],[-74.02048,40.65422],[-74.01919,40.65403],[-74.01863,40.65349],[-74.01247,40.65932],[-74.01184,40.65891],[-74.01024,40.66046],[-74.0086,40.65952],[-74.00569,40.66227],[-74.00428,40.66144],[-74.00349,40.66224],[-74.00389,40.66247],[-74.0034,40.66299],[-74.00459,40.66374],[-74.00433,40.66405],[-74.00528,40.66465],[-74.00486,40.66507],[-74.00113,40.6629],[-74.00084,40.66301],[-73.99953,40.6644],[-74.00293,40.66646],[-74.00224,40.6668],[-74.00162,40.66677],[-74.0012,40.66702],[-74.00146,40.66717],[-74.00068,40.66755],[-73.99998,40.66745],[-73.99903,40.66844],[-73.99903,40.66901],[-73.99866,40.66951],[-73.99881,40.6696],[-73.99823,40.6712],[-73.99667,40.66874],[-73.99648,40.66893],[-73.99486,40.66684],[-73.99581,40.66553],[-73.99167,40.66303],[-74.00216,40.65295],[-73.99779,40.65029],[-73.99831,40.64974],[-73.99393,40.64707],[-73.99774,40.64341],[-73.9997,40.64461],[-73.99994,40.64432],[-74.00035,40.64456],[-74.00011,40.64486],[-74.0021,40.64611],[-74.00066,40.64749],[-74.00507,40.65015],[-74.00624,40.64902],[-74.01051,40.65161],[-74.00935,40.65273],[-74.00949,40.65281],[-74.01126,40.65113],[-74.01343,40.65246],[-74.01926,40.64685],[-74.02146,40.64818],[-74.02087,40.64875],[-74.02446,40.65094]]]}},{"type":"Feature","properties":{"irs_share_of_city_investment_2022":0.0004,"irs_income_per_household_2022":55258,"irs_agi_annual_2022":1796756558,"irs_investment_annual_2022":33084955,"irs_investment_share_2022":0.0184,"irs_returns_annual":32552,"zip":"11233","name":"Ocean Hill","borough":"Brooklyn","zips_included":"11233","irs_returns":31400,"irs_agi_per_return":50168,"irs_wages_per_return":42579,"irs_capital_income_per_return":929,"irs_investment_income_annual":30234800,"irs_capital_gains_per_return":716,"irs_partnership_per_return":461,"irs_capital_share_of_agi":0.0185,"irs_top_share_of_returns":0.0211,"irs_top_agi_per_return":362414,"irs_top_share_of_agi":0.1527,"irs_share_of_city_capital_income":0.0004,"irs_share_of_city_returns":0.0079,"acs_population":83125,"acs_households":32516,"acs_median_household_income":57812,"acs_median_household_income_moe":5074,"acs_mean_household_income":84738,"acs_share_households_200k":0.0842,"acs_renter_share":0.7533,"acs_median_gross_rent":1510,"acs_private_share_k12":0.0709,"acs_seasonal_units":59,"acs_seasonal_share_of_units":0.0017,"sales_count":658,"sales_median_price":1032500,"sales_over_5m":1,"irs_years_available":5,"acs_households_moe":1001,"acs_aggregate_income_moe":151835150},"geometry":{"type":"Polygon","coordinates":[[[-73.92424,40.66645],[-73.92531,40.66848],[-73.92561,40.66851],[-73.92499,40.67474],[-73.92776,40.67489],[-73.92769,40.67566],[-73.93046,40.67582],[-73.93022,40.67799],[-73.92905,40.67928],[-73.9374,40.67973],[-73.93822,40.6839],[-73.93798,40.68392],[-73.93809,40.68429],[-73.93588,40.68453],[-73.9353,40.68423],[-73.93238,40.68457],[-73.9321,40.68492],[-73.92708,40.68555],[-73.92699,40.68518],[-73.92653,40.68524],[-73.92636,40.68558],[-73.92367,40.68596],[-73.92349,40.68558],[-73.9204,40.68594],[-73.92044,40.68631],[-73.91814,40.68657],[-73.91821,40.68694],[-73.918,40.68697],[-73.91805,40.68721],[-73.91151,40.6835],[-73.91182,40.68318],[-73.91167,40.68245],[-73.91003,40.68266],[-73.90349,40.6789],[-73.90331,40.67787],[-73.90436,40.67793],[-73.90426,40.67716],[-73.90335,40.67711],[-73.90347,40.67588],[-73.90268,40.67579],[-73.90439,40.6752],[-73.91309,40.67131],[-73.91417,40.67146],[-73.91404,40.6709],[-73.91487,40.67053],[-73.91696,40.67071],[-73.91711,40.66982],[-73.91889,40.66992],[-73.91997,40.66947],[-73.92005,40.66914],[-73.91838,40.669],[-73.91942,40.6684],[-73.91995,40.66832],[-73.92424,40.66645]]]}},{"type":"Feature","properties":{"irs_share_of_city_investment_2022":0.002,"irs_income_per_household_2022":108817,"irs_agi_annual_2022":3548100023,"irs_investment_annual_2022":166415331,"irs_investment_share_2022":0.0469,"irs_returns_annual":42720,"zip":"11234","name":"Marine Park-Mill Basin-Bergen Beach","borough":"Brooklyn","zips_included":"11234","irs_returns":41790,"irs_agi_per_return":75370,"irs_wages_per_return":52958,"irs_capital_income_per_return":3537,"irs_investment_income_annual":151081400,"irs_capital_gains_per_return":2273,"irs_partnership_per_return":4334,"irs_capital_share_of_agi":0.0469,"irs_top_share_of_returns":0.052,"irs_top_agi_per_return":417760,"irs_top_share_of_agi":0.288,"irs_share_of_city_capital_income":0.002,"irs_share_of_city_returns":0.0104,"acs_population":89976,"acs_households":32606,"acs_median_household_income":91379,"acs_median_household_income_moe":2339,"acs_mean_household_income":120818,"acs_share_households_200k":0.1613,"acs_renter_share":0.3165,"acs_median_gross_rent":1732,"acs_private_share_k12":0.2721,"acs_seasonal_units":641,"acs_seasonal_share_of_units":0.0181,"sales_count":1667,"sales_median_price":758000,"sales_over_5m":0,"irs_years_available":5,"acs_households_moe":831,"acs_aggregate_income_moe":245533333},"geometry":{"type":"MultiPolygon","coordinates":[[[[-73.93076,40.58286],[-73.93096,40.58273],[-73.93184,40.58294],[-73.93204,40.58423],[-73.9301,40.5845],[-73.93019,40.58508],[-73.93127,40.58544],[-73.9314,40.58608],[-73.92712,40.58488],[-73.92584,40.58495],[-73.9253,40.58464],[-73.92345,40.58482],[-73.92101,40.58457],[-73.91998,40.58467],[-73.91884,40.58504],[-73.91843,40.58537],[-73.91733,40.58559],[-73.91698,40.58589],[-73.91517,40.58629],[-73.91344,40.58608],[-73.91256,40.58553],[-73.91237,40.58453],[-73.91261,40.58432],[-73.9125,40.58389],[-73.91271,40.5837],[-73.91244,40.58337],[-73.91305,40.58301],[-73.91306,40.58319],[-73.91461,40.58276],[-73.9149,40.58287],[-73.91499,40.58315],[-73.91614,40.58286],[-73.91656,40.58315],[-73.9173,40.58319],[-73.91677,40.58275],[-73.91633,40.58282],[-73.91596,40.58243],[-73.91541,40.58236],[-73.91489,40.58249],[-73.91439,40.58238],[-73.91446,40.58261],[-73.91424,40.5826],[-73.91417,40.5828],[-73.91373,40.58273],[-73.91336,40.58295],[-73.91297,40.58298],[-73.91299,40.58271],[-73.91289,40.583],[-73.9125,40.58308],[-73.91222,40.58296],[-73.91249,40.58289],[-73.91193,40.58297],[-73.91156,40.58277],[-73.91127,40.58227],[-73.91157,40.58178],[-73.91444,40.58171],[-73.91502,40.58154],[-73.91814,40.58214],[-73.92196,40.5832],[-73.92443,40.58356],[-73.92944,40.58342],[-73.9306,40.5832],[-73.93087,40.58299],[-73.93076,40.58286]]],[[[-73.94483,40.61605],[-73.94242,40.61859],[-73.94266,40.61992],[-73.9408,40.62012],[-73.94085,40.62045],[-73.93999,40.62116],[-73.94027,40.62262],[-73.93723,40.62296],[-73.93561,40.62357],[-73.93546,40.62388],[-73.93691,40.62524],[-73.93434,40.62488],[-73.93343,40.62568],[-73.93365,40.62781],[-73.93461,40.62775],[-73.93487,40.63009],[-73.9339,40.63015],[-73.93415,40.63249],[-73.93511,40.63243],[-73.93521,40.63341],[-73.93431,40.63388],[-73.93427,40.63367],[-73.93333,40.63402],[-73.93343,40.63488],[-73.93224,40.63496],[-73.92511,40.63869],[-73.92155,40.64135],[-73.92159,40.64041],[-73.92016,40.64135],[-73.91958,40.64139],[-73.91886,40.63448],[-73.92041,40.63347],[-73.9186,40.63207],[-73.91719,40.63174],[-73.91746,40.63152],[-73.91748,40.63119],[-73.91668,40.63074],[-73.91659,40.63045],[-73.90269,40.62422],[-73.90292,40.62395],[-73.90283,40.6236],[-73.90223,40.62358],[-73.90187,40.62296],[-73.90105,40.62271],[-73.90053,40.62168],[-73.89811,40.62185],[-73.89647,40.62143],[-73.89631,40.62077],[-73.89573,40.62024],[-73.89561,40.6198],[-73.89561,40.61935],[-73.89585,40.61914],[-73.89608,40.61839],[-73.89646,40.61807],[-73.89664,40.61735],[-73.89647,40.61614],[-73.89617,40.616],[-73.89617,40.61565],[-73.89573,40.61489],[-73.89603,40.61481],[-73.89586,40.61452],[-73.89427,40.61388],[-73.89244,40.61377],[-73.89131,40.61324],[-73.89095,40.61284],[-73.89142,40.61212],[-73.89393,40.61154],[-73.89397,40.61121],[-73.89358,40.61116],[-73.89355,40.611],[-73.89189,40.61154],[-73.891,40.61205],[-73.89108,40.61228],[-73.89034,40.61201],[-73.8897,40.61151],[-73.88978,40.61096],[-73.8903,40.61032],[-73.89195,40.6091],[-73.89198,40.60938],[-73.89177,40.60952],[-73.89195,40.60945],[-73.89227,40.60916],[-73.89237,40.60873],[-73.89222,40.60863],[-73.89242,40.60856],[-73.89217,40.60854],[-73.89248,40.60816],[-73.89273,40.60723],[-73.89335,40.60675],[-73.89486,40.60641],[-73.89588,40.60585],[-73.89834,40.60531],[-73.89983,40.6055],[-73.90087,40.60698],[-73.90056,40.60748],[-73.90047,40.60922],[-73.90016,40.61008],[-73.90139,40.61114],[-73.90134,40.61172],[-73.90162,40.61186],[-73.90198,40.61174],[-73.90271,40.61225],[-73.90696,40.61606],[-73.90674,40.6163],[-73.90706,40.6162],[-73.90726,40.61638],[-73.90702,40.61653],[-73.90736,40.61645],[-73.90729,40.61661],[-73.90795,40.61703],[-73.90778,40.61737],[-73.90814,40.61716],[-73.90879,40.61744],[-73.90911,40.61714],[-73.90896,40.61699],[-73.90964,40.61657],[-73.9096,40.61639],[-73.90865,40.61549],[-73.9073,40.61481],[-73.90545,40.61301],[-73.90424,40.61236],[-73.90429,40.61201],[-73.90226,40.61043],[-73.90164,40.60576],[-73.90524,40.60491],[-73.90542,40.60554],[-73.90597,40.60638],[-73.9081,40.60628],[-73.90864,40.60666],[-73.90934,40.60648],[-73.90986,40.60603],[-73.90886,40.60506],[-73.90833,40.60407],[-73.91092,40.6035],[-73.91365,40.60398],[-73.91676,40.60691],[-73.91661,40.60709],[-73.91672,40.60763],[-73.91632,40.60867],[-73.91678,40.60877],[-73.91639,40.61009],[-73.91606,40.61043],[-73.91616,40.61051],[-73.9145,40.61165],[-73.91493,40.61396],[-73.91386,40.61464],[-73.91423,40.61493],[-73.91663,40.61345],[-73.91573,40.61183],[-73.91806,40.61027],[-73.91773,40.60976],[-73.91801,40.60887],[-73.91951,40.60797],[-73.91952,40.60774],[-73.91702,40.60538],[-73.91713,40.60531],[-73.91477,40.60336],[-73.9149,40.60329],[-73.91443,40.60287],[-73.91397,40.60278],[-73.9133,40.60225],[-73.9103,40.60195],[-73.90983,40.60205],[-73.90894,40.60161],[-73.90768,40.60229],[-73.90657,40.60234],[-73.90539,40.60265],[-73.90458,40.60253],[-73.90393,40.60273],[-73.90333,40.60246],[-73.9032,40.60265],[-73.90143,40.60327],[-73.89984,40.60334],[-73.8988,40.60366],[-73.89793,40.60332],[-73.89739,40.60342],[-73.89535,40.60312],[-73.8947,40.60332],[-73.8938,40.60319],[-73.89327,40.60348],[-73.89219,40.60339],[-73.89117,40.6036],[-73.8908,40.60398],[-73.88897,40.60455],[-73.88873,40.60485],[-73.88765,40.60528],[-73.88478,40.60514],[-73.88396,40.60555],[-73.88272,40.60418],[-73.88336,40.60288],[-73.88268,40.60166],[-73.8823,40.60017],[-73.88181,40.59937],[-73.88164,40.5978],[-73.88082,40.59626],[-73.88076,40.59463],[-73.87971,40.5914],[-73.87936,40.59084],[-73.87897,40.5909],[-73.87892,40.59071],[-73.8793,40.59066],[-73.87897,40.5899],[-73.87914,40.58937],[-73.87879,40.58803],[-73.87808,40.58668],[-73.87671,40.58491],[-73.8797,40.58013],[-73.88174,40.57959],[-73.88186,40.57946],[-73.88175,40.57916],[-73.88287,40.57913],[-73.88437,40.5786],[-73.88735,40.57807],[-73.88882,40.57812],[-73.88964,40.57779],[-73.89118,40.57787],[-73.89455,40.57684],[-73.89553,40.57677],[-73.89595,40.57802],[-73.89694,40.57945],[-73.89711,40.58],[-73.89704,40.58071],[-73.89649,40.58202],[-73.89655,40.58301],[-73.89703,40.58399],[-73.89813,40.58519],[-73.89792,40.58596],[-73.89826,40.58678],[-73.89905,40.58768],[-73.89964,40.588],[-73.90081,40.58807],[-73.9021,40.58736],[-73.90282,40.58738],[-73.90427,40.58691],[-73.90589,40.5875],[-73.90589,40.58788],[-73.90652,40.58803],[-73.90712,40.58753],[-73.90649,40.58735],[-73.90633,40.58713],[-73.90644,40.58703],[-73.90811,40.5868],[-73.91089,40.58595],[-73.91148,40.58608],[-73.91191,40.58643],[-73.91197,40.5867],[-73.91188,40.58705],[-73.91168,40.58704],[-73.91158,40.58726],[-73.91191,40.58847],[-73.91148,40.59111],[-73.91203,40.5931],[-73.91204,40.59451],[-73.91364,40.5971],[-73.91419,40.59736],[-73.91512,40.59878],[-73.91585,40.59931],[-73.91769,40.60009],[-73.91782,40.60039],[-73.91859,40.6008],[-73.92016,40.60109],[-73.92018,40.60128],[-73.9214,40.6017],[-73.92152,40.60193],[-73.92268,40.60159],[-73.92324,40.60108],[-73.92401,40.59972],[-73.92457,40.59972],[-73.92629,40.60063],[-73.92834,40.60223],[-73.92879,40.60221],[-73.92896,40.60252],[-73.92951,40.60271],[-73.92962,40.60319],[-73.92901,40.60369],[-73.92927,40.604],[-73.92988,40.60374],[-73.93014,40.60403],[-73.93049,40.60374],[-73.93117,40.60385],[-73.93197,40.60312],[-73.93212,40.60271],[-73.93176,40.6026],[-73.93109,40.60172],[-73.93033,40.60118],[-73.92965,40.60121],[-73.92934,40.60097],[-73.92922,40.60049],[-73.92866,40.60039],[-73.92859,40.60061],[-73.92837,40.60035],[-73.92785,40.60032],[-73.92721,40.59991],[-73.9229,40.59645],[-73.92178,40.59504],[-73.92033,40.59472],[-73.91796,40.59292],[-73.91691,40.59174],[-73.91656,40.59109],[-73.9151,40.59042],[-73.91455,40.58995],[-73.91463,40.58933],[-73.91421,40.58922],[-73.9144,40.58883],[-73.91726,40.58748],[-73.91819,40.58661],[-73.92957,40.59682],[-73.92813,40.59778],[-73.93355,40.60269],[-73.92987,40.60507],[-73.93352,40.60835],[-73.93423,40.6079],[-73.93604,40.60952],[-73.93754,40.60856],[-73.94298,40.61345],[-73.94375,40.61295],[-73.94431,40.61341],[-73.94483,40.61605]]]]}},{"type":"Feature","properties":{"irs_share_of_city_investment_2022":0.0023,"irs_income_per_household_2022":86595,"irs_agi_annual_2022":3010805890,"irs_investment_annual_2022":195778509,"irs_investment_share_2022":0.065,"irs_returns_annual":40704,"zip":"11235","name":"Sheepshead Bay-Manhattan Beach-Gerritsen Beach","borough":"Brooklyn","zips_included":"11235","irs_returns":40600,"irs_agi_per_return":67130,"irs_wages_per_return":46772,"irs_capital_income_per_return":4385,"irs_investment_income_annual":178479600,"irs_capital_gains_per_return":2657,"irs_partnership_per_return":4989,"irs_capital_share_of_agi":0.0653,"irs_top_share_of_returns":0.0454,"irs_top_agi_per_return":464762,"irs_top_share_of_agi":0.3143,"irs_share_of_city_capital_income":0.0023,"irs_share_of_city_returns":0.0099,"acs_population":83069,"acs_households":34769,"acs_median_household_income":61320,"acs_median_household_income_moe":3114,"acs_mean_household_income":94910,"acs_share_households_200k":0.1153,"acs_renter_share":0.6239,"acs_median_gross_rent":1595,"acs_private_share_k12":0.1589,"acs_seasonal_units":272,"acs_seasonal_share_of_units":0.0074,"sales_count":1456,"sales_median_price":568375,"sales_over_5m":3,"irs_years_available":5,"acs_households_moe":864,"acs_aggregate_income_moe":167663469},"geometry":{"type":"MultiPolygon","coordinates":[[[[-73.93047,40.59146],[-73.93034,40.59209],[-73.9301,40.59201],[-73.93029,40.59164],[-73.93047,40.59146]]],[[[-73.95939,40.57391],[-73.95942,40.57518],[-73.96642,40.57481],[-73.96757,40.57488],[-73.96766,40.57504],[-73.96826,40.57504],[-73.96992,40.57558],[-73.969,40.58003],[-73.9676,40.58038],[-73.96733,40.58152],[-73.97113,40.58202],[-73.97059,40.58322],[-73.96676,40.58399],[-73.9665,40.58514],[-73.96915,40.58488],[-73.96928,40.58557],[-73.96633,40.5859],[-73.96615,40.58667],[-73.96757,40.58652],[-73.9677,40.58723],[-73.96598,40.58743],[-73.96581,40.58814],[-73.96783,40.58791],[-73.96797,40.58863],[-73.96564,40.58889],[-73.96515,40.5911],[-73.93301,40.59464],[-73.93305,40.59487],[-73.93241,40.59522],[-73.9319,40.59469],[-73.93231,40.59492],[-73.9328,40.59484],[-73.93267,40.59424],[-73.93144,40.59217],[-73.93114,40.59201],[-73.93137,40.59193],[-73.9313,40.59169],[-73.93156,40.59129],[-73.93122,40.58953],[-73.92971,40.58761],[-73.93135,40.58733],[-73.93126,40.58685],[-73.9285,40.58703],[-73.92808,40.5867],[-73.92827,40.58611],[-73.92816,40.58586],[-73.92745,40.58602],[-73.92584,40.58495],[-73.92712,40.58488],[-73.9314,40.58608],[-73.93127,40.58544],[-73.93019,40.58508],[-73.9301,40.5845],[-73.93204,40.58423],[-73.93186,40.58308],[-73.9326,40.58292],[-73.93421,40.58298],[-73.93438,40.58314],[-73.93611,40.58331],[-73.93654,40.58317],[-73.93713,40.58335],[-73.93855,40.58334],[-73.93847,40.58318],[-73.93867,40.58316],[-73.93929,40.58317],[-73.9393,40.58333],[-73.94125,40.5833],[-73.94158,40.58361],[-73.94837,40.58349],[-73.95349,40.58299],[-73.9533,40.582],[-73.9497,40.58232],[-73.94274,40.581],[-73.93258,40.58126],[-73.93106,40.57627],[-73.9315,40.57566],[-73.93486,40.57553],[-73.9349,40.57522],[-73.93508,40.57551],[-73.93647,40.57586],[-73.9367,40.57542],[-73.93685,40.57556],[-73.94251,40.57537],[-73.94256,40.57557],[-73.94428,40.5758],[-73.94464,40.57569],[-73.94459,40.57524],[-73.94474,40.57551],[-73.94581,40.57555],[-73.9462,40.57525],[-73.94593,40.57512],[-73.94992,40.57455],[-73.95254,40.57423],[-73.95374,40.5743],[-73.95408,40.57407],[-73.95413,40.57433],[-73.9544,40.57437],[-73.95621,40.57427],[-73.95637,40.57417],[-73.95631,40.5738],[-73.95657,40.57417],[-73.95843,40.57409],[-73.95896,40.57395],[-73.95899,40.57343],[-73.95907,40.57384],[-73.95939,40.57391]]]]}},{"type":"Feature","properties":{"irs_share_of_city_investment_2022":0.0003,"irs_income_per_household_2022":77740,"irs_agi_annual_2022":2642056676,"irs_investment_annual_2022":27032044,"irs_investment_share_2022":0.0102,"irs_returns_annual":47564,"zip":"11236","name":"Canarsie","borough":"Brooklyn","zips_included":"11236","irs_returns":45480,"irs_agi_per_return":50384,"irs_wages_per_return":42789,"irs_capital_income_per_return":517,"irs_investment_income_annual":24593600,"irs_capital_gains_per_return":317,"irs_partnership_per_return":70,"irs_capital_share_of_agi":0.0103,"irs_top_share_of_returns":0.0125,"irs_top_agi_per_return":275865,"irs_top_share_of_agi":0.0686,"irs_share_of_city_capital_income":0.0003,"irs_share_of_city_returns":0.0115,"acs_population":100082,"acs_households":33986,"acs_median_household_income":79885,"acs_median_household_income_moe":4157,"acs_mean_household_income":102387,"acs_share_households_200k":0.1124,"acs_renter_share":0.4961,"acs_median_gross_rent":1608,"acs_private_share_k12":0.0578,"acs_seasonal_units":345,"acs_seasonal_share_of_units":0.0094,"sales_count":939,"sales_median_price":725000,"sales_over_5m":0,"irs_years_available":5,"acs_households_moe":879,"acs_aggregate_income_moe":150623097},"geometry":{"type":"MultiPolygon","coordinates":[[[[-73.88829,40.64672],[-73.88845,40.64673],[-73.88853,40.64686],[-73.88847,40.6469],[-73.88829,40.64672]]],[[[-73.91886,40.63448],[-73.91958,40.64139],[-73.92016,40.64135],[-73.92159,40.64041],[-73.92155,40.64135],[-73.91974,40.64278],[-73.92166,40.64265],[-73.92174,40.64338],[-73.91995,40.64471],[-73.91998,40.64503],[-73.92054,40.645],[-73.92069,40.64667],[-73.92018,40.64693],[-73.92058,40.65071],[-73.92118,40.65067],[-73.92133,40.65252],[-73.92077,40.65256],[-73.9209,40.65363],[-73.92178,40.65442],[-73.92101,40.65492],[-73.92043,40.6544],[-73.91916,40.65436],[-73.91847,40.65375],[-73.91758,40.65432],[-73.91071,40.65418],[-73.90318,40.65531],[-73.90118,40.65652],[-73.90049,40.65715],[-73.89904,40.65737],[-73.89814,40.65404],[-73.89761,40.65345],[-73.89557,40.65308],[-73.8934,40.65093],[-73.89136,40.65237],[-73.89,40.65115],[-73.89125,40.65002],[-73.89057,40.64921],[-73.89098,40.64936],[-73.89117,40.64896],[-73.88941,40.64713],[-73.88949,40.64694],[-73.88879,40.64605],[-73.88938,40.64697],[-73.88886,40.64722],[-73.88853,40.64697],[-73.8886,40.64671],[-73.88808,40.64662],[-73.8881,40.64621],[-73.88829,40.64605],[-73.888,40.64603],[-73.88741,40.64534],[-73.88792,40.64507],[-73.88808,40.64515],[-73.88791,40.645],[-73.88734,40.64523],[-73.88691,40.64447],[-73.88655,40.64431],[-73.88623,40.64381],[-73.88469,40.64312],[-73.88373,40.64245],[-73.88079,40.63976],[-73.88055,40.63916],[-73.87954,40.63822],[-73.87896,40.63846],[-73.87864,40.6383],[-73.87838,40.63791],[-73.87858,40.63752],[-73.87781,40.63688],[-73.87715,40.63598],[-73.87821,40.63457],[-73.87999,40.63352],[-73.88038,40.63298],[-73.88127,40.63237],[-73.88301,40.63162],[-73.88365,40.63094],[-73.88377,40.63022],[-73.88345,40.62991],[-73.88405,40.62956],[-73.88264,40.62828],[-73.8837,40.62756],[-73.88513,40.62883],[-73.88572,40.62845],[-73.88604,40.6287],[-73.88766,40.62827],[-73.89042,40.62628],[-73.89149,40.62448],[-73.89217,40.62385],[-73.893,40.62336],[-73.89395,40.62319],[-73.89533,40.62247],[-73.91446,40.63099],[-73.916,40.63201],[-73.91664,40.63203],[-73.91719,40.63174],[-73.9186,40.63207],[-73.92041,40.63347],[-73.91886,40.63448]]]]}},{"type":"Feature","properties":{"irs_share_of_city_investment_2022":0.0003,"irs_income_per_household_2022":70815,"irs_agi_annual_2022":1240174653,"irs_investment_annual_2022":24622552,"irs_investment_share_2022":0.0199,"irs_returns_annual":23976,"zip":"11237","name":"Bushwick (West)","borough":"Brooklyn","zips_included":"11237","irs_returns":23880,"irs_agi_per_return":47058,"irs_wages_per_return":40082,"irs_capital_income_per_return":936,"irs_investment_income_annual":22451400,"irs_capital_gains_per_return":674,"irs_partnership_per_return":628,"irs_capital_share_of_agi":0.0199,"irs_top_share_of_returns":0.0154,"irs_top_agi_per_return":329060,"irs_top_share_of_agi":0.1079,"irs_share_of_city_capital_income":0.0003,"irs_share_of_city_returns":0.0058,"acs_population":47183,"acs_households":17513,"acs_median_household_income":79136,"acs_median_household_income_moe":6178,"acs_mean_household_income":94875,"acs_share_households_200k":0.0996,"acs_renter_share":0.8911,"acs_median_gross_rent":1998,"acs_private_share_k12":0.0844,"acs_seasonal_units":43,"acs_seasonal_share_of_units":0.0023,"sales_count":215,"sales_median_price":999000,"sales_over_5m":0,"irs_years_available":5,"acs_households_moe":750,"acs_aggregate_income_moe":119156868},"geometry":{"type":"Polygon","coordinates":[[[-73.91782,40.69621],[-73.93116,40.70377],[-73.9323,40.70775],[-73.9348,40.71337],[-73.93137,40.71425],[-73.93124,40.71373],[-73.93146,40.71344],[-73.93265,40.71304],[-73.93204,40.71159],[-73.93338,40.71124],[-73.93328,40.71098],[-73.9319,40.71134],[-73.93093,40.70917],[-73.9305,40.70868],[-73.93025,40.70893],[-73.93154,40.71186],[-73.93078,40.71216],[-73.93161,40.71204],[-73.93185,40.71255],[-73.93173,40.71275],[-73.93043,40.71317],[-73.93095,40.71436],[-73.92308,40.71639],[-73.92359,40.71603],[-73.92431,40.71585],[-73.92488,40.71527],[-73.92434,40.71412],[-73.92406,40.71411],[-73.92224,40.71285],[-73.92155,40.71104],[-73.92075,40.71054],[-73.92189,40.7094],[-73.91181,40.70344],[-73.9129,40.70236],[-73.91068,40.70105],[-73.91181,40.69994],[-73.90426,40.6957],[-73.90579,40.69413],[-73.90207,40.692],[-73.90359,40.6904],[-73.91186,40.69512],[-73.9103,40.6967],[-73.9118,40.69755],[-73.91336,40.69597],[-73.91637,40.69768],[-73.91782,40.69621]]]}},{"type":"Feature","properties":{"irs_share_of_city_investment_2022":0.0047,"irs_income_per_household_2022":162701,"irs_agi_annual_2022":4310277015,"irs_investment_annual_2022":394102130,"irs_investment_share_2022":0.0914,"irs_returns_annual":31920,"zip":"11238","name":"Prospect Heights","borough":"Brooklyn","zips_included":"11238","irs_returns":32120,"irs_agi_per_return":123115,"irs_wages_per_return":94596,"irs_capital_income_per_return":11291,"irs_investment_income_annual":360393400,"irs_capital_gains_per_return":8517,"irs_partnership_per_return":6408,"irs_capital_share_of_agi":0.0917,"irs_top_share_of_returns":0.1356,"irs_top_agi_per_return":483440,"irs_top_share_of_agi":0.5324,"irs_share_of_city_capital_income":0.0047,"irs_share_of_city_returns":0.0077,"acs_population":58047,"acs_households":26492,"acs_median_household_income":125747,"acs_median_household_income_moe":8082,"acs_mean_household_income":173287,"acs_share_households_200k":0.2976,"acs_renter_share":0.7112,"acs_median_gross_rent":2368,"acs_private_share_k12":0.2062,"acs_seasonal_units":311,"acs_seasonal_share_of_units":0.0108,"sales_count":1164,"sales_median_price":1327500,"sales_over_5m":14,"irs_years_available":5,"acs_households_moe":888,"acs_aggregate_income_moe":238314335},"geometry":{"type":"Polygon","coordinates":[[[-73.96921,40.6728],[-73.97088,40.67272],[-73.9713,40.67332],[-73.97146,40.6743],[-73.97105,40.67523],[-73.97162,40.67547],[-73.97143,40.67576],[-73.97244,40.67716],[-73.97062,40.68224],[-73.97068,40.68242],[-73.97279,40.68285],[-73.97303,40.68414],[-73.97206,40.68424],[-73.97232,40.68546],[-73.97338,40.68589],[-73.97365,40.6873],[-73.97172,40.68753],[-73.97213,40.68958],[-73.97115,40.68955],[-73.97076,40.68764],[-73.96481,40.68833],[-73.96519,40.68978],[-73.96332,40.69],[-73.96029,40.69034],[-73.96,40.68888],[-73.95722,40.6892],[-73.95529,40.6792],[-73.95299,40.67872],[-73.95281,40.67784],[-73.95519,40.67834],[-73.95734,40.67241],[-73.95648,40.67224],[-73.95679,40.67135],[-73.95766,40.67154],[-73.95797,40.67066],[-73.96257,40.67164],[-73.96096,40.66329],[-73.96239,40.66309],[-73.96921,40.6728]]]}},{"type":"Feature","properties":{"irs_share_of_city_investment_2022":0.0,"irs_income_per_household_2022":46273,"irs_agi_annual_2022":387168090,"irs_investment_annual_2022":840457,"irs_investment_share_2022":0.0022,"irs_returns_annual":8026,"zip":"11239","name":"Spring Creek-Starrett City","borough":"Brooklyn","zips_included":"11239","irs_returns":8330,"irs_agi_per_return":43830,"irs_wages_per_return":37140,"irs_capital_income_per_return":94,"irs_investment_income_annual":757200,"irs_capital_gains_per_return":35,"irs_partnership_per_return":8,"irs_capital_share_of_agi":0.0022,"irs_top_share_of_returns":0.0025,"irs_top_agi_per_return":275060,"irs_top_share_of_agi":0.0156,"irs_share_of_city_capital_income":0.0,"irs_share_of_city_returns":0.0019,"acs_population":16808,"acs_households":8367,"acs_median_household_income":38670,"acs_median_household_income_moe":6277,"acs_mean_household_income":61506,"acs_share_households_200k":0.0287,"acs_renter_share":0.899,"acs_median_gross_rent":1018,"acs_private_share_k12":0.1652,"acs_seasonal_units":10,"acs_seasonal_share_of_units":0.0011,"sales_count":13,"sales_median_price":null,"sales_over_5m":0,"irs_years_available":5,"acs_households_moe":477,"acs_aggregate_income_moe":100544507},"geometry":{"type":"MultiPolygon","coordinates":[[[[-73.88829,40.64672],[-73.88864,40.64708],[-73.88852,40.64736],[-73.8882,40.64714],[-73.88829,40.64672]]],[[[-73.87842,40.63891],[-73.87931,40.64007],[-73.8799,40.64036],[-73.88026,40.64097],[-73.88049,40.64098],[-73.88074,40.64156],[-73.88029,40.6414],[-73.88002,40.64172],[-73.88007,40.642],[-73.88143,40.64237],[-73.88224,40.64345],[-73.88215,40.64374],[-73.88342,40.64453],[-73.88481,40.64395],[-73.88558,40.64404],[-73.88743,40.64594],[-73.88766,40.64651],[-73.88773,40.64714],[-73.88752,40.64742],[-73.88764,40.6478],[-73.88863,40.64802],[-73.88924,40.64875],[-73.89007,40.64932],[-73.89057,40.64921],[-73.89125,40.65002],[-73.89,40.65115],[-73.88221,40.65452],[-73.8761,40.64621],[-73.87458,40.64561],[-73.8762,40.64326],[-73.87842,40.63891]]]]}},{"type":"Feature","properties":{"irs_share_of_city_investment_2022":0.0012,"irs_income_per_household_2022":75050,"irs_agi_annual_2022":1574542375,"irs_investment_annual_2022":99079100,"irs_investment_share_2022":0.0629,"irs_returns_annual":32230,"zip":"11354","name":"Murray Hill-Broadway Flushing","borough":"Queens","zips_included":"11354","irs_returns":31640,"irs_agi_per_return":44385,"irs_wages_per_return":31075,"irs_capital_income_per_return":2797,"irs_investment_income_annual":90153800,"irs_capital_gains_per_return":1739,"irs_partnership_per_return":1092,"irs_capital_share_of_agi":0.063,"irs_top_share_of_returns":0.0231,"irs_top_agi_per_return":374644,"irs_top_share_of_agi":0.1948,"irs_share_of_city_capital_income":0.0012,"irs_share_of_city_returns":0.0078,"acs_population":53371,"acs_households":20980,"acs_median_household_income":56854,"acs_median_household_income_moe":7173,"acs_mean_household_income":84204,"acs_share_households_200k":0.0577,"acs_renter_share":0.618,"acs_median_gross_rent":1707,"acs_private_share_k12":0.0713,"acs_seasonal_units":383,"acs_seasonal_share_of_units":0.0166,"sales_count":1930,"sales_median_price":650000,"sales_over_5m":0,"irs_years_available":5,"acs_households_moe":944,"acs_aggregate_income_moe":174521422},"geometry":{"type":"Polygon","coordinates":[[[-73.80752,40.76218],[-73.81252,40.76265],[-73.8126,40.76315],[-73.81588,40.76207],[-73.81611,40.76258],[-73.81834,40.76203],[-73.82843,40.75926],[-73.83799,40.75451],[-73.83868,40.75702],[-73.83679,40.76117],[-73.83691,40.76277],[-73.83791,40.76459],[-73.83946,40.76545],[-73.83913,40.76599],[-73.8397,40.76639],[-73.83959,40.76711],[-73.83994,40.76707],[-73.8399,40.76682],[-73.84031,40.76629],[-73.84449,40.76546],[-73.84528,40.76567],[-73.8462,40.7662],[-73.84723,40.76631],[-73.84781,40.76677],[-73.84857,40.76809],[-73.84824,40.76824],[-73.84819,40.76848],[-73.84875,40.76871],[-73.849,40.76915],[-73.84846,40.76973],[-73.84859,40.77062],[-73.84949,40.77133],[-73.84996,40.772],[-73.84898,40.77356],[-73.84922,40.77465],[-73.84894,40.77556],[-73.84911,40.77578],[-73.84904,40.777],[-73.84622,40.77691],[-73.84625,40.77669],[-73.83999,40.7765],[-73.83905,40.77663],[-73.83897,40.77678],[-73.83886,40.77861],[-73.83633,40.77853],[-73.83339,40.77134],[-73.83087,40.77296],[-73.82909,40.7748],[-73.8283,40.776],[-73.82778,40.77598],[-73.82741,40.77666],[-73.82582,40.77667],[-73.82583,40.77592],[-73.82433,40.77674],[-73.82167,40.77687],[-73.81764,40.7764],[-73.81388,40.77568],[-73.80669,40.77512],[-73.80661,40.77495],[-73.80626,40.77494],[-73.80629,40.77475],[-73.80438,40.77458],[-73.80405,40.77443],[-73.80399,40.77419],[-73.80428,40.77206],[-73.80615,40.77221],[-73.80629,40.77119],[-73.80535,40.7711],[-73.80557,40.76956],[-73.8065,40.76963],[-73.80668,40.76826],[-73.80715,40.76829],[-73.80746,40.76595],[-73.80702,40.76586],[-73.80752,40.76218]]]}},{"type":"Feature","properties":{"irs_share_of_city_investment_2022":0.0011,"irs_income_per_household_2022":64839,"irs_agi_annual_2022":1925068794,"irs_investment_annual_2022":92552124,"irs_investment_share_2022":0.0481,"irs_returns_annual":53122,"zip":"11355","name":"Queensboro Hill","borough":"Queens","zips_included":"11355","irs_returns":51580,"irs_agi_per_return":32899,"irs_wages_per_return":23158,"irs_capital_income_per_return":1579,"irs_investment_income_annual":83902600,"irs_capital_gains_per_return":974,"irs_partnership_per_return":510,"irs_capital_share_of_agi":0.048,"irs_top_share_of_returns":0.0107,"irs_top_agi_per_return":331412,"irs_top_share_of_agi":0.1077,"irs_share_of_city_capital_income":0.0011,"irs_share_of_city_returns":0.0129,"acs_population":79495,"acs_households":29690,"acs_median_household_income":52658,"acs_median_household_income_moe":1913,"acs_mean_household_income":77413,"acs_share_households_200k":0.0645,"acs_renter_share":0.7079,"acs_median_gross_rent":1625,"acs_private_share_k12":0.0543,"acs_seasonal_units":549,"acs_seasonal_share_of_units":0.0175,"sales_count":1691,"sales_median_price":570118,"sales_over_5m":1,"irs_years_available":5,"acs_households_moe":1390,"acs_aggregate_income_moe":220405159},"geometry":{"type":"Polygon","coordinates":[[[-73.83591,40.74343],[-73.83544,40.74552],[-73.8347,40.74689],[-73.83413,40.74743],[-73.833,40.74783],[-73.83314,40.74803],[-73.83226,40.75182],[-73.83229,40.75194],[-73.83559,40.75138],[-73.83683,40.75337],[-73.83743,40.75408],[-73.83778,40.75413],[-73.83799,40.75451],[-73.82843,40.75926],[-73.81834,40.76203],[-73.81611,40.76258],[-73.81588,40.76207],[-73.8126,40.76315],[-73.81252,40.76265],[-73.80752,40.76218],[-73.80913,40.75027],[-73.80751,40.75014],[-73.81416,40.74614],[-73.81367,40.74556],[-73.81378,40.74455],[-73.81431,40.74297],[-73.81013,40.7423],[-73.81036,40.73885],[-73.80939,40.73882],[-73.80967,40.73877],[-73.8094,40.73873],[-73.80941,40.73855],[-73.81505,40.73894],[-73.81513,40.73992],[-73.81721,40.74062],[-73.81758,40.73996],[-73.81653,40.7396],[-73.8189,40.74009],[-73.82101,40.74081],[-73.82342,40.74192],[-73.82301,40.74256],[-73.82443,40.74304],[-73.82498,40.7431],[-73.8252,40.74225],[-73.82537,40.74223],[-73.82709,40.7426],[-73.83591,40.74343]]]}},{"type":"Feature","properties":{"irs_share_of_city_investment_2022":0.0003,"irs_income_per_household_2022":80440,"irs_agi_annual_2022":674970897,"irs_investment_annual_2022":26234748,"irs_investment_share_2022":0.0389,"irs_returns_annual":13378,"zip":"11356","name":"College Point","borough":"Queens","zips_included":"11356","irs_returns":13550,"irs_agi_per_return":45765,"irs_wages_per_return":34926,"irs_capital_income_per_return":1776,"irs_investment_income_annual":23755600,"irs_capital_gains_per_return":1123,"irs_partnership_per_return":734,"irs_capital_share_of_agi":0.0388,"irs_top_share_of_returns":0.0179,"irs_top_agi_per_return":333548,"irs_top_share_of_agi":0.1308,"irs_share_of_city_capital_income":0.0003,"irs_share_of_city_returns":0.0032,"acs_population":27632,"acs_households":8391,"acs_median_household_income":86717,"acs_median_household_income_moe":10821,"acs_mean_household_income":103917,"acs_share_households_200k":0.1076,"acs_renter_share":0.4905,"acs_median_gross_rent":2034,"acs_private_share_k12":0.1171,"acs_seasonal_units":49,"acs_seasonal_share_of_units":0.0055,"sales_count":434,"sales_median_price":861000,"sales_over_5m":0,"irs_years_available":5,"acs_households_moe":571,"acs_aggregate_income_moe":82876945},"geometry":{"type":"Polygon","coordinates":[[[-73.84897,40.77802],[-73.84937,40.77817],[-73.84953,40.77841],[-73.84945,40.77864],[-73.8498,40.77875],[-73.84958,40.77941],[-73.84979,40.7795],[-73.84984,40.77978],[-73.84949,40.78011],[-73.84982,40.78065],[-73.84985,40.78159],[-73.84919,40.78164],[-73.84955,40.78182],[-73.84926,40.78227],[-73.85028,40.78246],[-73.85315,40.78232],[-73.85329,40.78204],[-73.85528,40.78197],[-73.85545,40.78314],[-73.85614,40.78337],[-73.8567,40.78315],[-73.85686,40.78338],[-73.8573,40.78336],[-73.85808,40.78372],[-73.85814,40.78416],[-73.85783,40.78449],[-73.85853,40.78523],[-73.85899,40.78521],[-73.85909,40.78553],[-73.85894,40.78557],[-73.85914,40.7857],[-73.859,40.786],[-73.85858,40.78616],[-73.85867,40.78655],[-73.85815,40.78704],[-73.85671,40.7867],[-73.85619,40.78716],[-73.85617,40.7875],[-73.85594,40.78769],[-73.85336,40.78784],[-73.85285,40.7882],[-73.85289,40.78835],[-73.85438,40.78832],[-73.8548,40.78868],[-73.85446,40.79027],[-73.85266,40.7911],[-73.85378,40.79248],[-73.85363,40.79302],[-73.85373,40.79393],[-73.85276,40.79439],[-73.85263,40.79495],[-73.85242,40.79461],[-73.85159,40.79408],[-73.84906,40.79336],[-73.84885,40.7935],[-73.84908,40.79415],[-73.84878,40.79454],[-73.84885,40.79523],[-73.84782,40.79579],[-73.84632,40.79616],[-73.84561,40.79604],[-73.84528,40.79545],[-73.8446,40.79491],[-73.84373,40.79488],[-73.84334,40.79502],[-73.84331,40.7955],[-73.84289,40.79518],[-73.84289,40.7954],[-73.84208,40.79564],[-73.84149,40.79544],[-73.84135,40.79574],[-73.84148,40.79601],[-73.8406,40.79681],[-73.83903,40.79705],[-73.83843,40.79679],[-73.83708,40.79391],[-73.83654,40.79207],[-73.8366,40.79166],[-73.83742,40.79139],[-73.83765,40.79104],[-73.83717166734777,40.789435592562334],[-73.83714,40.78956],[-73.83568,40.78958],[-73.83529,40.7892],[-73.83415,40.78908],[-73.8339,40.78858],[-73.83347,40.78845],[-73.83216,40.78875],[-73.83174,40.78924],[-73.8315,40.78923],[-73.83113,40.78744],[-73.83019,40.78754],[-73.82996,40.78635],[-73.83091,40.78624],[-73.83059,40.78464],[-73.8269,40.78465],[-73.82679,40.78167],[-73.82514,40.7817],[-73.82909,40.7748],[-73.83087,40.77296],[-73.83339,40.77134],[-73.83633,40.77853],[-73.83886,40.77861],[-73.83897,40.77678],[-73.83905,40.77663],[-73.83999,40.7765],[-73.84625,40.77669],[-73.84622,40.77691],[-73.84904,40.777],[-73.84897,40.77802]],[[-73.83728,40.78901],[-73.83717,40.78943],[-73.83717166734777,40.789435592562334],[-73.83728,40.78901]]]}},{"type":"Feature","properties":{"irs_share_of_city_investment_2022":0.0026,"irs_income_per_household_2022":137585,"irs_agi_annual_2022":2133674701,"irs_investment_annual_2022":220851977,"irs_investment_share_2022":0.1035,"irs_returns_annual":20796,"zip":"11357","name":"Whitestone-Beechhurst","borough":"Queens","zips_included":"11351, 11357","irs_returns":21020,"irs_agi_per_return":93068,"irs_wages_per_return":57006,"irs_capital_income_per_return":9650,"irs_investment_income_annual":200677600,"irs_capital_gains_per_return":6432,"irs_partnership_per_return":5749,"irs_capital_share_of_agi":0.1037,"irs_top_share_of_returns":0.0814,"irs_top_agi_per_return":473359,"irs_top_share_of_agi":0.4138,"irs_share_of_city_capital_income":0.0026,"irs_share_of_city_returns":0.005,"acs_population":42792,"acs_households":15508,"acs_median_household_income":95987,"acs_median_household_income_moe":10237,"acs_mean_household_income":126065,"acs_share_households_200k":0.1612,"acs_renter_share":0.2465,"acs_median_gross_rent":2184,"acs_private_share_k12":0.2539,"acs_seasonal_units":125,"acs_seasonal_share_of_units":0.0076,"sales_count":1454,"sales_median_price":860000,"sales_over_5m":2,"irs_years_available":5,"acs_households_moe":734,"acs_aggregate_income_moe":144492204},"geometry":{"type":"Polygon","coordinates":[[[-73.8283,40.776],[-73.82514,40.7817],[-73.82679,40.78167],[-73.8269,40.78465],[-73.83059,40.78464],[-73.83091,40.78624],[-73.82996,40.78635],[-73.83019,40.78754],[-73.83113,40.78744],[-73.83143,40.78919],[-73.83195,40.78941],[-73.83215,40.79008],[-73.83176,40.79098],[-73.83136,40.79138],[-73.83066,40.79165],[-73.82997,40.79156],[-73.82914,40.79188],[-73.82837,40.79239],[-73.82861,40.79253],[-73.82829,40.79251],[-73.82793,40.79288],[-73.82778,40.79342],[-73.82802,40.79494],[-73.82879,40.79592],[-73.82881,40.79618],[-73.82913,40.79629],[-73.82946,40.79683],[-73.82906,40.79656],[-73.8274,40.7968],[-73.82697,40.79713],[-73.82719,40.79761],[-73.82674,40.7978],[-73.82615,40.79741],[-73.82506,40.79737],[-73.82403,40.7982],[-73.82368,40.79822],[-73.82257,40.79893],[-73.82104,40.80044],[-73.81986,40.80099],[-73.81741,40.7993],[-73.81653,40.79903],[-73.81601,40.79852],[-73.81368,40.79755],[-73.81364,40.79705],[-73.81288,40.79717],[-73.81254,40.79806],[-73.81224,40.79813],[-73.81179,40.79803],[-73.81182,40.79746],[-73.8116,40.79737],[-73.80636,40.79639],[-73.80596,40.79649],[-73.80537,40.79617],[-73.80404,40.79626],[-73.80349,40.79648],[-73.80336,40.79671],[-73.803,40.79671],[-73.80296,40.79641],[-73.80241,40.79627],[-73.80101,40.79652],[-73.80088,40.79634],[-73.80062,40.79643],[-73.79981,40.79617],[-73.7996,40.79633],[-73.79813,40.79561],[-73.79617,40.79503],[-73.79461,40.79493],[-73.79443,40.79481],[-73.79458,40.79475],[-73.79437,40.79422],[-73.79461,40.79391],[-73.79471,40.79266],[-73.79493,40.79249],[-73.79498,40.79189],[-73.79377,40.78908],[-73.79263,40.78878],[-73.79179,40.78935],[-73.79058,40.78819],[-73.79492,40.78634],[-73.79508,40.78585],[-73.79412,40.7861],[-73.79323,40.78168],[-73.79292,40.78119],[-73.79253,40.78121],[-73.79245,40.78089],[-73.792,40.78069],[-73.79213,40.78043],[-73.79193,40.77944],[-73.79105,40.77903],[-73.79171,40.77843],[-73.79161,40.7777],[-73.79197,40.77718],[-73.79143,40.77724],[-73.79035,40.77457],[-73.79271,40.77379],[-73.79276,40.77402],[-73.79786,40.77442],[-73.79823,40.77485],[-73.7983,40.77445],[-73.80388,40.7749],[-73.80399,40.77419],[-73.80405,40.77443],[-73.80438,40.77458],[-73.80629,40.77475],[-73.80626,40.77494],[-73.80661,40.77495],[-73.80669,40.77512],[-73.81388,40.77568],[-73.81764,40.7764],[-73.82167,40.77687],[-73.82433,40.77674],[-73.82583,40.77592],[-73.82582,40.77667],[-73.82741,40.77666],[-73.82778,40.77598],[-73.8283,40.776]]]}},{"type":"Feature","properties":{"irs_share_of_city_investment_2022":0.0014,"irs_income_per_household_2022":130616,"irs_agi_annual_2022":1135316950,"irs_investment_annual_2022":119982999,"irs_investment_share_2022":0.1057,"irs_returns_annual":10224,"zip":"11360","name":"Bay Terrace-Clearview","borough":"Queens","zips_included":"11359, 11360","irs_returns":10290,"irs_agi_per_return":100756,"irs_wages_per_return":60665,"irs_capital_income_per_return":10623,"irs_investment_income_annual":108607200,"irs_capital_gains_per_return":6327,"irs_partnership_per_return":4800,"irs_capital_share_of_agi":0.1054,"irs_top_share_of_returns":0.1135,"irs_top_agi_per_return":361786,"irs_top_share_of_agi":0.4074,"irs_share_of_city_capital_income":0.0014,"irs_share_of_city_returns":0.0025,"acs_population":19719,"acs_households":8692,"acs_median_household_income":100016,"acs_median_household_income_moe":11564,"acs_mean_household_income":134122,"acs_share_households_200k":0.1638,"acs_renter_share":0.2528,"acs_median_gross_rent":2145,"acs_private_share_k12":0.2915,"acs_seasonal_units":111,"acs_seasonal_share_of_units":0.0114,"sales_count":866,"sales_median_price":525000,"sales_over_5m":0,"irs_years_available":5,"acs_households_moe":585,"acs_aggregate_income_moe":null},"geometry":{"type":"Polygon","coordinates":[[[-73.78931,40.76971],[-73.79163,40.77424],[-73.79035,40.77457],[-73.79143,40.77724],[-73.79197,40.77718],[-73.79161,40.7777],[-73.79171,40.77843],[-73.79105,40.77903],[-73.79193,40.77944],[-73.79213,40.78043],[-73.792,40.78069],[-73.79132,40.78077],[-73.7921,40.78069],[-73.79245,40.78089],[-73.79253,40.78121],[-73.79303,40.78129],[-73.79412,40.7861],[-73.79508,40.78585],[-73.79492,40.78634],[-73.79058,40.78819],[-73.79179,40.78935],[-73.79028,40.79032],[-73.78568,40.79034],[-73.78384,40.79064],[-73.78253,40.79128],[-73.78434,40.79175],[-73.78175,40.79113],[-73.78108,40.79168],[-73.7809,40.79219],[-73.78079,40.79404],[-73.78101,40.79438],[-73.7819,40.7949],[-73.78311,40.79491],[-73.78332,40.79476],[-73.78326,40.79493],[-73.782,40.79498],[-73.78154,40.79566],[-73.7798,40.7962],[-73.77936,40.79669],[-73.77827,40.79673],[-73.77687,40.79644],[-73.77618,40.7961],[-73.77431,40.79443],[-73.77401,40.79403],[-73.77363,40.79275],[-73.77237,40.79154],[-73.7721,40.79013],[-73.77063,40.78846],[-73.77082,40.78798],[-73.77174,40.78747],[-73.77427,40.78676],[-73.77439,40.78686],[-73.77423,40.78706],[-73.77502,40.78739],[-73.77634,40.78849],[-73.77427,40.78665],[-73.77407,40.78592],[-73.77161,40.783],[-73.76834,40.77964],[-73.76816,40.77964],[-73.76709,40.77684],[-73.76633,40.77584],[-73.76573,40.7746],[-73.76469,40.77334],[-73.76359,40.77236],[-73.76341,40.77183],[-73.76398,40.77175],[-73.76426,40.77215],[-73.76406,40.77229],[-73.76538,40.77361],[-73.76984,40.77261],[-73.77027,40.7737],[-73.77117,40.77352],[-73.77157,40.77431],[-73.77386,40.7739],[-73.77349,40.77231],[-73.77448,40.7721],[-73.77482,40.77368],[-73.77886,40.7728],[-73.78931,40.76971]]]}},{"type":"Feature","properties":{"irs_share_of_city_investment_2022":0.001,"irs_income_per_household_2022":82490,"irs_agi_annual_2022":2091860660,"irs_investment_annual_2022":82600256,"irs_investment_share_2022":0.0395,"irs_returns_annual":34908,"zip":"11372","name":"Jackson Heights","borough":"Queens","zips_included":"11372","irs_returns":34090,"irs_agi_per_return":54411,"irs_wages_per_return":41797,"irs_capital_income_per_return":2143,"irs_investment_income_annual":74805600,"irs_capital_gains_per_return":1283,"irs_partnership_per_return":934,"irs_capital_share_of_agi":0.0394,"irs_top_share_of_returns":0.0319,"irs_top_agi_per_return":333754,"irs_top_share_of_agi":0.1957,"irs_share_of_city_capital_income":0.001,"irs_share_of_city_returns":0.0085,"acs_population":67001,"acs_households":25359,"acs_median_household_income":73089,"acs_median_household_income_moe":4629,"acs_mean_household_income":100131,"acs_share_households_200k":0.0992,"acs_renter_share":0.6458,"acs_median_gross_rent":1760,"acs_private_share_k12":0.0927,"acs_seasonal_units":27,"acs_seasonal_share_of_units":0.001,"sales_count":1081,"sales_median_price":400000,"sales_over_5m":0,"irs_years_available":5,"acs_households_moe":1098,"acs_aggregate_income_moe":172901598},"geometry":{"type":"Polygon","coordinates":[[[-73.89037,40.74623],[-73.89175,40.74681],[-73.89474,40.7465],[-73.89443,40.74555],[-73.89467,40.74476],[-73.89459,40.7454],[-73.89481,40.74629],[-73.89719,40.75047],[-73.89584,40.75062],[-73.89653,40.75439],[-73.87886,40.75624],[-73.87924,40.75837],[-73.87831,40.75846],[-73.87793,40.75634],[-73.87222,40.75695],[-73.87169,40.75396],[-73.87207,40.75386],[-73.86942,40.74916],[-73.87846,40.74821],[-73.8789,40.74764],[-73.87984,40.74806],[-73.8905,40.74694],[-73.89037,40.74623]]]}},{"type":"Feature","properties":{"irs_share_of_city_investment_2022":0.0009,"irs_income_per_household_2022":108131,"irs_agi_annual_2022":1177115114,"irs_investment_annual_2022":72634377,"irs_investment_share_2022":0.0617,"irs_returns_annual":14342,"zip":"11361","name":"Bayside","borough":"Queens","zips_included":"11361","irs_returns":14420,"irs_agi_per_return":74530,"irs_wages_per_return":54247,"irs_capital_income_per_return":4602,"irs_investment_income_annual":66008800,"irs_capital_gains_per_return":2964,"irs_partnership_per_return":2535,"irs_capital_share_of_agi":0.0618,"irs_top_share_of_returns":0.0647,"irs_top_agi_per_return":349922,"irs_top_share_of_agi":0.3038,"irs_share_of_city_capital_income":0.0009,"irs_share_of_city_returns":0.0035,"acs_population":29544,"acs_households":10886,"acs_median_household_income":102343,"acs_median_household_income_moe":7652,"acs_mean_household_income":127417,"acs_share_households_200k":0.1733,"acs_renter_share":0.3798,"acs_median_gross_rent":2302,"acs_private_share_k12":0.2641,"acs_seasonal_units":107,"acs_seasonal_share_of_units":0.0091,"sales_count":702,"sales_median_price":900000,"sales_over_5m":0,"irs_years_available":5,"acs_households_moe":648,"acs_aggregate_income_moe":110143127},"geometry":{"type":"Polygon","coordinates":[[[-73.758,40.76038],[-73.75988,40.75999],[-73.75951,40.75903],[-73.75918,40.75911],[-73.75862,40.75983],[-73.75812,40.76001],[-73.75759,40.75992],[-73.75726,40.75942],[-73.7575,40.75902],[-73.7583,40.75884],[-73.75892,40.75845],[-73.75826,40.75757],[-73.76003,40.75716],[-73.76031,40.75663],[-73.76019,40.75599],[-73.75881,40.75409],[-73.75847,40.7533],[-73.75913,40.75289],[-73.75944,40.7524],[-73.76005,40.75288],[-73.7609,40.75469],[-73.76184,40.75553],[-73.76186,40.75652],[-73.76933,40.75521],[-73.7758,40.75327],[-73.77567,40.75293],[-73.77981,40.75189],[-73.78052,40.75333],[-73.78213,40.75534],[-73.78447,40.75988],[-73.7859,40.75975],[-73.78613,40.76136],[-73.78517,40.76143],[-73.78542,40.76251],[-73.78596,40.7631],[-73.78931,40.76971],[-73.77886,40.7728],[-73.77482,40.77368],[-73.77448,40.7721],[-73.77349,40.77231],[-73.77386,40.7739],[-73.77284,40.77412],[-73.77157,40.77431],[-73.77117,40.77352],[-73.77027,40.7737],[-73.76984,40.77261],[-73.76538,40.77361],[-73.76406,40.77229],[-73.76426,40.77215],[-73.76398,40.77175],[-73.76341,40.77183],[-73.76359,40.77236],[-73.7596,40.76872],[-73.75894,40.76834],[-73.75879,40.76765],[-73.75842,40.7672],[-73.75787,40.76694],[-73.75739,40.76717],[-73.75641,40.76651],[-73.75652,40.76635],[-73.75547,40.76636],[-73.7541,40.76535],[-73.75377,40.76531],[-73.75567,40.76469],[-73.7592,40.76433],[-73.75887,40.76327],[-73.75845,40.76411],[-73.75845,40.76368],[-73.75785,40.76257],[-73.75803,40.76211],[-73.75848,40.76199],[-73.758,40.76038]]]}},{"type":"Feature","properties":{"irs_share_of_city_investment_2022":0.0009,"irs_income_per_household_2022":125211,"irs_agi_annual_2022":897011046,"irs_investment_annual_2022":78165397,"irs_investment_share_2022":0.0871,"irs_returns_annual":9094,"zip":"11362","name":"Douglaston-Little Neck","borough":"Queens","zips_included":"11362","irs_returns":9190,"irs_agi_per_return":89572,"irs_wages_per_return":58516,"irs_capital_income_per_return":7782,"irs_investment_income_annual":70768000,"irs_capital_gains_per_return":4708,"irs_partnership_per_return":4100,"irs_capital_share_of_agi":0.0869,"irs_top_share_of_returns":0.0908,"irs_top_agi_per_return":356109,"irs_top_share_of_agi":0.3611,"irs_share_of_city_capital_income":0.0009,"irs_share_of_city_returns":0.0022,"acs_population":18426,"acs_households":7164,"acs_median_household_income":113688,"acs_median_household_income_moe":10011,"acs_mean_household_income":128688,"acs_share_households_200k":0.1683,"acs_renter_share":0.2465,"acs_median_gross_rent":2426,"acs_private_share_k12":0.2389,"acs_seasonal_units":28,"acs_seasonal_share_of_units":0.0037,"sales_count":684,"sales_median_price":450000,"sales_over_5m":0,"irs_years_available":5,"acs_households_moe":543,"acs_aggregate_income_moe":100089275},"geometry":{"type":"Polygon","coordinates":[[[-73.758,40.76038],[-73.75848,40.76199],[-73.75803,40.76211],[-73.75785,40.76257],[-73.75845,40.76368],[-73.75845,40.76411],[-73.75887,40.76327],[-73.7592,40.76433],[-73.75567,40.76469],[-73.75377,40.76531],[-73.75381,40.76507],[-73.75341,40.7647],[-73.75219,40.76383],[-73.75108,40.76176],[-73.74861,40.76093],[-73.74754,40.75986],[-73.74656,40.75934],[-73.74629,40.75906],[-73.74642,40.75821],[-73.74626,40.75777],[-73.74609,40.75768],[-73.74578,40.75786],[-73.74463,40.75689],[-73.74456,40.75656],[-73.74458,40.75692],[-73.74487,40.75721],[-73.74573,40.7579],[-73.74604,40.75781],[-73.74631,40.75805],[-73.74606,40.75876],[-73.74616,40.75903],[-73.74655,40.75945],[-73.74749,40.75998],[-73.74816,40.76073],[-73.74838,40.76156],[-73.74936,40.76184],[-73.74917,40.76138],[-73.75046,40.76183],[-73.75142,40.76276],[-73.7517,40.76365],[-73.75251,40.76453],[-73.75304,40.76482],[-73.75339,40.76533],[-73.74941,40.76755],[-73.74688,40.76452],[-73.74428,40.76536],[-73.74126,40.76571],[-73.74007,40.76627],[-73.73754,40.7684],[-73.7387,40.77005],[-73.7381,40.7701],[-73.73695,40.76891],[-73.7355,40.77067],[-73.73646,40.77071],[-73.73567,40.77173],[-73.73489,40.77139],[-73.73389,40.77253],[-73.72153,40.76483],[-73.72098,40.76476],[-73.71352,40.75984],[-73.71686,40.75953],[-73.71832,40.75908],[-73.71998,40.75816],[-73.72111,40.75711],[-73.72241,40.75492],[-73.72327,40.75395],[-73.72642,40.75192],[-73.72738,40.75103],[-73.72825,40.7497],[-73.72914,40.74727],[-73.73063,40.74537],[-73.73227,40.74382],[-73.73437,40.74235],[-73.73816,40.74038],[-73.73933,40.73947],[-73.74017,40.73848],[-73.74128,40.73879],[-73.74306,40.73844],[-73.7436,40.73901],[-73.74397,40.74079],[-73.74997,40.73974],[-73.75139,40.7402],[-73.75347,40.7424],[-73.74888,40.74329],[-73.74567,40.74303],[-73.74478,40.74328],[-73.74626,40.74671],[-73.74382,40.74743],[-73.74571,40.75159],[-73.74653,40.75184],[-73.7471,40.75235],[-73.74774,40.75385],[-73.74711,40.75417],[-73.74809,40.7559],[-73.75005,40.7584],[-73.75058,40.75801],[-73.75116,40.75907],[-73.7523,40.75946],[-73.75321,40.75824],[-73.75405,40.75851],[-73.75512,40.75848],[-73.75557,40.75828],[-73.75584,40.75774],[-73.75682,40.75973],[-73.758,40.76038]]]}},{"type":"Feature","properties":{"irs_share_of_city_investment_2022":0.0001,"irs_income_per_household_2022":78146,"irs_agi_annual_2022":584919414,"irs_investment_annual_2022":6937803,"irs_investment_share_2022":0.0119,"irs_returns_annual":13074,"zip":"11416","name":"Ozone Park (North)","borough":"Queens","zips_included":"11416","irs_returns":12770,"irs_agi_per_return":40601,"irs_wages_per_return":33735,"irs_capital_income_per_return":482,"irs_investment_income_annual":6301000,"irs_capital_gains_per_return":318,"irs_partnership_per_return":103,"irs_capital_share_of_agi":0.0119,"irs_top_share_of_returns":0.0055,"irs_top_agi_per_return":269972,"irs_top_share_of_agi":0.0366,"irs_share_of_city_capital_income":0.0001,"irs_share_of_city_returns":0.0032,"acs_population":27794,"acs_households":7485,"acs_median_household_income":84085,"acs_median_household_income_moe":7551,"acs_mean_household_income":121191,"acs_share_households_200k":0.117,"acs_renter_share":0.5069,"acs_median_gross_rent":1840,"acs_private_share_k12":0.0783,"acs_seasonal_units":57,"acs_seasonal_share_of_units":0.0072,"sales_count":290,"sales_median_price":780000,"sales_over_5m":0,"irs_years_available":5,"acs_households_moe":474,"acs_aggregate_income_moe":102204774},"geometry":{"type":"Polygon","coordinates":[[[-73.85439,40.67966],[-73.86329,40.67908],[-73.8641,40.68237],[-73.86602,40.68192],[-73.8663,40.68319],[-73.83754,40.69136],[-73.83552,40.68725],[-73.83525,40.68732],[-73.83509,40.68701],[-73.83543,40.68687],[-73.83489,40.68554],[-73.83528,40.68543],[-73.83511,40.68508],[-73.84787,40.68149],[-73.84864,40.68168],[-73.84844,40.68129],[-73.85014,40.68081],[-73.85047,40.68148],[-73.85132,40.68124],[-73.85099,40.68057],[-73.85268,40.68008],[-73.85301,40.68076],[-73.8547,40.68028],[-73.85439,40.67966]]]}},{"type":"Feature","properties":{"irs_share_of_city_investment_2022":0.001,"irs_income_per_household_2022":181694,"irs_agi_annual_2022":518736105,"irs_investment_annual_2022":82349519,"irs_investment_share_2022":0.1588,"irs_returns_annual":3494,"zip":"11363","name":"Douglaston-Little Neck","borough":"Queens","zips_included":"11363","irs_returns":3490,"irs_agi_per_return":134918,"irs_wages_per_return":75406,"irs_capital_income_per_return":21669,"irs_investment_income_annual":75711200,"irs_capital_gains_per_return":14929,"irs_partnership_per_return":15542,"irs_capital_share_of_agi":0.1606,"irs_top_share_of_returns":0.1568,"irs_top_agi_per_return":528147,"irs_top_share_of_agi":0.614,"irs_share_of_city_capital_income":0.001,"irs_share_of_city_returns":0.0008,"acs_population":7365,"acs_households":2855,"acs_median_household_income":112625,"acs_median_household_income_moe":23395,"acs_mean_household_income":155429,"acs_share_households_200k":0.2049,"acs_renter_share":0.2886,"acs_median_gross_rent":2334,"acs_private_share_k12":0.2171,"acs_seasonal_units":9,"acs_seasonal_share_of_units":0.0031,"sales_count":201,"sales_median_price":948000,"sales_over_5m":0,"irs_years_available":5,"acs_households_moe":261,"acs_aggregate_income_moe":70117486},"geometry":{"type":"Polygon","coordinates":[[[-73.73948,40.76673],[-73.74126,40.76571],[-73.74428,40.76536],[-73.74688,40.76452],[-73.74941,40.76755],[-73.75339,40.76533],[-73.75372,40.76568],[-73.75508,40.76753],[-73.75486,40.7684],[-73.75439,40.76876],[-73.75472,40.76879],[-73.7547,40.76973],[-73.75557,40.77153],[-73.75438,40.77204],[-73.75357,40.77269],[-73.75336,40.77321],[-73.75424,40.77526],[-73.75519,40.7765],[-73.75487,40.77687],[-73.75498,40.77704],[-73.75481,40.77764],[-73.7543,40.7784],[-73.75403,40.77961],[-73.75301,40.78087],[-73.753,40.78129],[-73.75246,40.78178],[-73.75081,40.78289],[-73.74412,40.77864],[-73.74008,40.77621],[-73.73937,40.77601],[-73.7377,40.77479],[-73.73389,40.77253],[-73.73489,40.77139],[-73.73567,40.77173],[-73.73646,40.77071],[-73.7355,40.77067],[-73.73695,40.76891],[-73.7381,40.7701],[-73.7387,40.77005],[-73.73754,40.7684],[-73.73948,40.76673]]]}},{"type":"Feature","properties":{"irs_share_of_city_investment_2022":0.0012,"irs_income_per_household_2022":109362,"irs_agi_annual_2022":1511602579,"irs_investment_annual_2022":100169767,"irs_investment_share_2022":0.0663,"irs_returns_annual":18488,"zip":"11364","name":"Oakland Gardens-Hollis Hills","borough":"Queens","zips_included":"11364","irs_returns":18640,"irs_agi_per_return":74239,"irs_wages_per_return":52617,"irs_capital_income_per_return":4905,"irs_investment_income_annual":90680200,"irs_capital_gains_per_return":2845,"irs_partnership_per_return":2103,"irs_capital_share_of_agi":0.0661,"irs_top_share_of_returns":0.0611,"irs_top_agi_per_return":336343,"irs_top_share_of_agi":0.2769,"irs_share_of_city_capital_income":0.0012,"irs_share_of_city_returns":0.0045,"acs_population":38124,"acs_households":13822,"acs_median_household_income":100577,"acs_median_household_income_moe":8715,"acs_mean_household_income":121275,"acs_share_households_200k":0.1665,"acs_renter_share":0.2989,"acs_median_gross_rent":2268,"acs_private_share_k12":0.0836,"acs_seasonal_units":40,"acs_seasonal_share_of_units":0.0027,"sales_count":1194,"sales_median_price":395695,"sales_over_5m":0,"irs_years_available":5,"acs_households_moe":649,"acs_aggregate_income_moe":124905933},"geometry":{"type":"Polygon","coordinates":[[[-73.74654,40.73578],[-73.77014,40.73183],[-73.7723,40.73511],[-73.77455,40.74082],[-73.77753,40.74715],[-73.7785,40.74688],[-73.78001,40.75008],[-73.77907,40.75033],[-73.77981,40.75189],[-73.77567,40.75293],[-73.7758,40.75327],[-73.76933,40.75521],[-73.76186,40.75652],[-73.76184,40.75553],[-73.7609,40.75469],[-73.76005,40.75288],[-73.75944,40.7524],[-73.75913,40.75289],[-73.75847,40.7533],[-73.75881,40.75409],[-73.76019,40.75599],[-73.76031,40.75663],[-73.76003,40.75716],[-73.75826,40.75757],[-73.75892,40.75845],[-73.7583,40.75884],[-73.7575,40.75902],[-73.75726,40.75942],[-73.75759,40.75992],[-73.75812,40.76001],[-73.75862,40.75983],[-73.75918,40.75911],[-73.75951,40.75903],[-73.75988,40.75999],[-73.758,40.76038],[-73.75682,40.75973],[-73.75584,40.75774],[-73.75557,40.75828],[-73.75512,40.75848],[-73.75405,40.75851],[-73.75321,40.75824],[-73.7523,40.75946],[-73.75116,40.75907],[-73.75058,40.75801],[-73.75005,40.7584],[-73.74809,40.7559],[-73.74711,40.75417],[-73.74774,40.75385],[-73.7471,40.75235],[-73.74653,40.75184],[-73.74571,40.75159],[-73.74382,40.74743],[-73.74626,40.74671],[-73.74478,40.74328],[-73.74567,40.74303],[-73.74888,40.74329],[-73.75347,40.7424],[-73.75139,40.7402],[-73.75098,40.74002],[-73.74997,40.73974],[-73.74397,40.74079],[-73.7436,40.73901],[-73.74306,40.73844],[-73.74128,40.73879],[-73.74017,40.73848],[-73.74295,40.73546],[-73.74672,40.73248],[-73.74661,40.7334],[-73.74595,40.73418],[-73.74654,40.73578]]]}},{"type":"Feature","properties":{"irs_share_of_city_investment_2022":0.0008,"irs_income_per_household_2022":70941,"irs_agi_annual_2022":2315790463,"irs_investment_annual_2022":69663161,"irs_investment_share_2022":0.0301,"irs_returns_annual":52260,"zip":"11373","name":"Elmhurst","borough":"Queens","zips_included":"11373","irs_returns":51860,"irs_agi_per_return":40251,"irs_wages_per_return":31481,"irs_capital_income_per_return":1208,"irs_investment_income_annual":63148800,"irs_capital_gains_per_return":728,"irs_partnership_per_return":247,"irs_capital_share_of_agi":0.03,"irs_top_share_of_returns":0.0103,"irs_top_agi_per_return":316547,"irs_top_share_of_agi":0.0807,"irs_share_of_city_capital_income":0.0008,"irs_share_of_city_returns":0.0127,"acs_population":102618,"acs_households":32644,"acs_median_household_income":67489,"acs_median_household_income_moe":2731,"acs_mean_household_income":85161,"acs_share_households_200k":0.0708,"acs_renter_share":0.7243,"acs_median_gross_rent":1835,"acs_private_share_k12":0.0179,"acs_seasonal_units":238,"acs_seasonal_share_of_units":0.0068,"sales_count":893,"sales_median_price":500000,"sales_over_5m":0,"irs_years_available":5,"acs_households_moe":1147,"acs_aggregate_income_moe":139530541},"geometry":{"type":"Polygon","coordinates":[[[-73.88721,40.72779],[-73.88723,40.72893],[-73.88756,40.7302],[-73.88806,40.73008],[-73.88852,40.73453],[-73.88936,40.73584],[-73.89138,40.73592],[-73.89137,40.73606],[-73.88876,40.73654],[-73.89169,40.74214],[-73.8907,40.74226],[-73.89139,40.74664],[-73.89037,40.74623],[-73.8905,40.74694],[-73.87984,40.74806],[-73.8789,40.74764],[-73.87846,40.74821],[-73.86942,40.74916],[-73.86919,40.74876],[-73.87002,40.74847],[-73.86868,40.74619],[-73.86827,40.74631],[-73.86749,40.7433],[-73.86756,40.74094],[-73.86648,40.73821],[-73.86555,40.73843],[-73.86493,40.73689],[-73.86583,40.73664],[-73.86447,40.73401],[-73.86836,40.73274],[-73.86805,40.73258],[-73.86873,40.73212],[-73.86996,40.73031],[-73.87149,40.72951],[-73.87146,40.72933],[-73.87476,40.73054],[-73.87749,40.72928],[-73.87769,40.72955],[-73.88004,40.72861],[-73.88402,40.72826],[-73.88353,40.7285],[-73.88509,40.72836],[-73.88721,40.72779]]]}},{"type":"Feature","properties":{"irs_share_of_city_investment_2022":0.0011,"irs_income_per_household_2022":90593,"irs_agi_annual_2022":1482197165,"irs_investment_annual_2022":89862501,"irs_investment_share_2022":0.0606,"irs_returns_annual":22370,"zip":"11365","name":"Fresh Meadows-Utopia","borough":"Queens","zips_included":"11365","irs_returns":22250,"irs_agi_per_return":60109,"irs_wages_per_return":42829,"irs_capital_income_per_return":3631,"irs_investment_income_annual":81228200,"irs_capital_gains_per_return":2224,"irs_partnership_per_return":1608,"irs_capital_share_of_agi":0.0604,"irs_top_share_of_returns":0.0377,"irs_top_agi_per_return":336103,"irs_top_share_of_agi":0.211,"irs_share_of_city_capital_income":0.0011,"irs_share_of_city_returns":0.0054,"acs_population":46424,"acs_households":16361,"acs_median_household_income":82655,"acs_median_household_income_moe":9084,"acs_mean_household_income":103325,"acs_share_households_200k":0.1144,"acs_renter_share":0.5209,"acs_median_gross_rent":1708,"acs_private_share_k12":0.1312,"acs_seasonal_units":87,"acs_seasonal_share_of_units":0.0052,"sales_count":602,"sales_median_price":930000,"sales_over_5m":0,"irs_years_available":5,"acs_households_moe":909,"acs_aggregate_income_moe":119403637},"geometry":{"type":"Polygon","coordinates":[[[-73.81089,40.72717],[-73.81101,40.72744],[-73.81188,40.72775],[-73.81158,40.72778],[-73.81173,40.7287],[-73.81155,40.72882],[-73.81156,40.7291],[-73.81191,40.72941],[-73.81188,40.72993],[-73.8109,40.7303],[-73.81138,40.73029],[-73.81206,40.73165],[-73.81206,40.73223],[-73.81077,40.73233],[-73.8107,40.73357],[-73.81229,40.7336],[-73.81227,40.73398],[-73.81253,40.73411],[-73.81304,40.73605],[-73.81254,40.73604],[-73.81239,40.73707],[-73.81048,40.73699],[-73.81039,40.73834],[-73.80914,40.7384],[-73.80941,40.7384],[-73.8094,40.73873],[-73.80966,40.73873],[-73.80939,40.73882],[-73.81036,40.73885],[-73.81013,40.7423],[-73.81431,40.74297],[-73.81378,40.74455],[-73.81367,40.74556],[-73.81416,40.74614],[-73.80751,40.75014],[-73.80288,40.74977],[-73.80281,40.74907],[-73.79802,40.74873],[-73.79785,40.74915],[-73.79566,40.75024],[-73.79478,40.74959],[-73.79482,40.74842],[-73.79231,40.74833],[-73.7923,40.74847],[-73.78695,40.74994],[-73.78742,40.75091],[-73.78624,40.75014],[-73.78121,40.75151],[-73.78009,40.75251],[-73.77907,40.75033],[-73.78001,40.75008],[-73.7785,40.74688],[-73.77753,40.74715],[-73.77455,40.74082],[-73.7723,40.73511],[-73.77011,40.73178],[-73.77154,40.73152],[-73.77355,40.73607],[-73.77515,40.73561],[-73.7756,40.73654],[-73.77695,40.73615],[-73.77671,40.7356],[-73.78025,40.7346],[-73.7804,40.73399],[-73.78821,40.73136],[-73.80085,40.72827],[-73.81089,40.72717]]]}},{"type":"Feature","properties":{"irs_share_of_city_investment_2022":0.0005,"irs_income_per_household_2022":121075,"irs_agi_annual_2022":561789110,"irs_investment_annual_2022":43965913,"irs_investment_share_2022":0.0783,"irs_returns_annual":6930,"zip":"11366","name":"Pomonok-Electchester-Hillcrest","borough":"Queens","zips_included":"11366","irs_returns":6930,"irs_agi_per_return":73585,"irs_wages_per_return":50190,"irs_capital_income_per_return":5743,"irs_investment_income_annual":39797400,"irs_capital_gains_per_return":3107,"irs_partnership_per_return":2804,"irs_capital_share_of_agi":0.078,"irs_top_share_of_returns":0.0742,"irs_top_agi_per_return":322303,"irs_top_share_of_agi":0.3249,"irs_share_of_city_capital_income":0.0005,"irs_share_of_city_returns":0.0017,"acs_population":13659,"acs_households":4640,"acs_median_household_income":114881,"acs_median_household_income_moe":13629,"acs_mean_household_income":128237,"acs_share_households_200k":0.1472,"acs_renter_share":0.3159,"acs_median_gross_rent":2022,"acs_private_share_k12":0.2792,"acs_seasonal_units":78,"acs_seasonal_share_of_units":0.0154,"sales_count":291,"sales_median_price":999000,"sales_over_5m":0,"irs_years_available":5,"acs_households_moe":443,"acs_aggregate_income_moe":73989310},"geometry":{"type":"Polygon","coordinates":[[[-73.76619,40.72633],[-73.76856,40.72586],[-73.76862,40.72601],[-73.76924,40.7259],[-73.77287,40.72487],[-73.77548,40.72372],[-73.77728,40.72235],[-73.77804,40.72328],[-73.77701,40.72372],[-73.77634,40.72447],[-73.77523,40.72524],[-73.77758,40.73019],[-73.78116,40.72921],[-73.7808,40.72843],[-73.78317,40.72765],[-73.7836,40.72842],[-73.78619,40.72756],[-73.78575,40.72679],[-73.78831,40.72595],[-73.78884,40.72628],[-73.78965,40.72642],[-73.80978,40.71972],[-73.81039,40.72084],[-73.80934,40.72096],[-73.81063,40.72442],[-73.81069,40.72663],[-73.81089,40.72717],[-73.80085,40.72827],[-73.78821,40.73136],[-73.7804,40.73399],[-73.78025,40.7346],[-73.77671,40.7356],[-73.77695,40.73615],[-73.7756,40.73654],[-73.77515,40.73561],[-73.77355,40.73607],[-73.77154,40.73152],[-73.76565,40.73254],[-73.76435,40.73115],[-73.76234,40.72954],[-73.75787,40.72711],[-73.75671,40.72623],[-73.75835,40.72589],[-73.75995,40.7258],[-73.76476,40.7264],[-73.76619,40.72633]]]}},{"type":"Feature","properties":{"irs_share_of_city_investment_2022":0.0015,"irs_income_per_household_2022":98317,"irs_agi_annual_2022":1440044375,"irs_investment_annual_2022":124250695,"irs_investment_share_2022":0.0863,"irs_returns_annual":19352,"zip":"11367","name":"Kew Gardens Hills","borough":"Queens","zips_included":"11367","irs_returns":19230,"irs_agi_per_return":67536,"irs_wages_per_return":44099,"irs_capital_income_per_return":5826,"irs_investment_income_annual":112748200,"irs_capital_gains_per_return":3728,"irs_partnership_per_return":5835,"irs_capital_share_of_agi":0.0863,"irs_top_share_of_returns":0.0408,"irs_top_agi_per_return":541699,"irs_top_share_of_agi":0.3274,"irs_share_of_city_capital_income":0.0015,"irs_share_of_city_returns":0.0047,"acs_population":43286,"acs_households":14647,"acs_median_household_income":76888,"acs_median_household_income_moe":10314,"acs_mean_household_income":101917,"acs_share_households_200k":0.1307,"acs_renter_share":0.5271,"acs_median_gross_rent":1711,"acs_private_share_k12":0.4325,"acs_seasonal_units":147,"acs_seasonal_share_of_units":0.0095,"sales_count":972,"sales_median_price":395000,"sales_over_5m":0,"irs_years_available":5,"acs_households_moe":666,"acs_aggregate_income_moe":132981242},"geometry":{"type":"Polygon","coordinates":[[[-73.82567,40.71615],[-73.8265,40.71643],[-73.82905,40.71673],[-73.83102,40.71733],[-73.83279,40.7188],[-73.83555,40.72197],[-73.83841,40.72774],[-73.84086,40.73044],[-73.84285,40.73207],[-73.84429,40.7342],[-73.84489,40.73591],[-73.84483,40.73791],[-73.84523,40.7401],[-73.83959,40.74272],[-73.83768,40.7433],[-73.83493,40.74337],[-73.82709,40.7426],[-73.82537,40.74223],[-73.8252,40.74225],[-73.82498,40.7431],[-73.82301,40.74256],[-73.82342,40.74192],[-73.82101,40.74081],[-73.8189,40.74009],[-73.81653,40.7396],[-73.81758,40.73996],[-73.81721,40.74062],[-73.81513,40.73992],[-73.81505,40.73894],[-73.80941,40.73855],[-73.80941,40.7384],[-73.80914,40.7384],[-73.81039,40.73834],[-73.81048,40.73699],[-73.81239,40.73707],[-73.81254,40.73604],[-73.81304,40.73605],[-73.81306,40.73574],[-73.81284,40.73555],[-73.81253,40.73411],[-73.81227,40.73398],[-73.81229,40.7336],[-73.8107,40.73357],[-73.81077,40.73233],[-73.81206,40.73223],[-73.81206,40.73165],[-73.81138,40.73029],[-73.81226,40.73025],[-73.81105,40.7303],[-73.81127,40.73006],[-73.81188,40.72993],[-73.81191,40.72941],[-73.81156,40.7291],[-73.81155,40.72882],[-73.81173,40.7287],[-73.81158,40.72778],[-73.81188,40.72775],[-73.81101,40.72744],[-73.81074,40.72691],[-73.81063,40.72442],[-73.80934,40.72096],[-73.81039,40.72084],[-73.80978,40.71972],[-73.80904,40.71991],[-73.80868,40.71834],[-73.81177,40.71758],[-73.81211,40.71906],[-73.81713,40.71768],[-73.8167,40.71684],[-73.81822,40.71639],[-73.81931,40.71714],[-73.82019,40.71674],[-73.82188,40.71691],[-73.82525,40.71645],[-73.82567,40.71615]]]}},{"type":"Feature","properties":{"irs_share_of_city_investment_2022":0.0012,"irs_income_per_household_2022":92015,"irs_agi_annual_2022":1821895285,"irs_investment_annual_2022":104538358,"irs_investment_share_2022":0.0574,"irs_returns_annual":23480,"zip":"11374","name":"Rego Park","borough":"Queens","zips_included":"11374","irs_returns":23190,"irs_agi_per_return":70400,"irs_wages_per_return":54282,"irs_capital_income_per_return":4018,"irs_investment_income_annual":94343000,"irs_capital_gains_per_return":2334,"irs_partnership_per_return":1666,"irs_capital_share_of_agi":0.0571,"irs_top_share_of_returns":0.0486,"irs_top_agi_per_return":352165,"irs_top_share_of_agi":0.2429,"irs_share_of_city_capital_income":0.0012,"irs_share_of_city_returns":0.0057,"acs_population":47230,"acs_households":19800,"acs_median_household_income":86006,"acs_median_household_income_moe":5076,"acs_mean_household_income":107971,"acs_share_households_200k":0.1174,"acs_renter_share":0.598,"acs_median_gross_rent":1953,"acs_private_share_k12":0.1033,"acs_seasonal_units":178,"acs_seasonal_share_of_units":0.0084,"sales_count":1095,"sales_median_price":400000,"sales_over_5m":0,"irs_years_available":5,"acs_households_moe":936,"acs_aggregate_income_moe":162465069},"geometry":{"type":"Polygon","coordinates":[[[-73.85729,40.71147],[-73.85818,40.7116],[-73.85755,40.71076],[-73.85803,40.7105],[-73.85964,40.71042],[-73.85976,40.71185],[-73.86208,40.7122],[-73.85965,40.71338],[-73.85969,40.7142],[-73.86004,40.71493],[-73.86524,40.71998],[-73.86876,40.72382],[-73.86971,40.72515],[-73.87108,40.72451],[-73.87117,40.72486],[-73.87098,40.72537],[-73.87145,40.72552],[-73.87107,40.72635],[-73.87115,40.72672],[-73.87063,40.72706],[-73.871,40.72793],[-73.87182,40.7268],[-73.87391,40.72843],[-73.87251,40.72946],[-73.8716,40.72911],[-73.87149,40.72951],[-73.86996,40.73031],[-73.86873,40.73212],[-73.86805,40.73258],[-73.86832,40.73275],[-73.86447,40.73401],[-73.86462,40.73428],[-73.85943,40.73579],[-73.85887,40.73594],[-73.85872,40.73571],[-73.85568,40.73659],[-73.8534,40.737],[-73.85405,40.73657],[-73.85391,40.73632],[-73.85615,40.73565],[-73.8547,40.73283],[-73.8542,40.73303],[-73.8539,40.73243],[-73.85216,40.73295],[-73.85182,40.73228],[-73.85359,40.73175],[-73.85326,40.73109],[-73.85148,40.73162],[-73.85114,40.73095],[-73.85288,40.73043],[-73.85173,40.72848],[-73.85178,40.7277],[-73.85358,40.72714],[-73.85711,40.72176],[-73.8574,40.72186],[-73.85736,40.72174],[-73.85852,40.72153],[-73.85777,40.71645],[-73.85729,40.71147]]]}},{"type":"Feature","properties":{"irs_share_of_city_investment_2022":0.0002,"irs_income_per_household_2022":62270,"irs_agi_annual_2022":1875753861,"irs_investment_annual_2022":19596967,"irs_investment_share_2022":0.0104,"irs_returns_annual":50002,"zip":"11368","name":"Corona","borough":"Queens","zips_included":"11368","irs_returns":49730,"irs_agi_per_return":34041,"irs_wages_per_return":27153,"irs_capital_income_per_return":354,"irs_investment_income_annual":17715800,"irs_capital_gains_per_return":223,"irs_partnership_per_return":144,"irs_capital_share_of_agi":0.0104,"irs_top_share_of_returns":0.0034,"irs_top_agi_per_return":313886,"irs_top_share_of_agi":0.0313,"irs_share_of_city_capital_income":0.0002,"irs_share_of_city_returns":0.0121,"acs_population":112750,"acs_households":30123,"acs_median_household_income":69391,"acs_median_household_income_moe":3913,"acs_mean_household_income":85754,"acs_share_households_200k":0.0672,"acs_renter_share":0.7803,"acs_median_gross_rent":1884,"acs_private_share_k12":0.0221,"acs_seasonal_units":120,"acs_seasonal_share_of_units":0.0038,"sales_count":647,"sales_median_price":720000,"sales_over_5m":0,"irs_years_available":5,"acs_households_moe":987,"acs_aggregate_income_moe":151433503},"geometry":{"type":"Polygon","coordinates":[[[-73.85187,40.73735],[-73.85568,40.73659],[-73.85872,40.73571],[-73.85887,40.73594],[-73.86462,40.73428],[-73.86583,40.73664],[-73.86493,40.73689],[-73.86555,40.73843],[-73.86648,40.73821],[-73.86756,40.74094],[-73.86749,40.7433],[-73.86827,40.74631],[-73.86868,40.74619],[-73.87002,40.74847],[-73.86919,40.74876],[-73.87207,40.75386],[-73.87169,40.75396],[-73.87222,40.75695],[-73.86567,40.75763],[-73.85889,40.7579],[-73.85927,40.75992],[-73.85816,40.75962],[-73.85775,40.75803],[-73.85541,40.75834],[-73.8545,40.75828],[-73.85604,40.75973],[-73.85913,40.76128],[-73.8611,40.76366],[-73.86043,40.76387],[-73.85949,40.76256],[-73.85908,40.76252],[-73.85892,40.76241],[-73.85899,40.76217],[-73.85862,40.76194],[-73.85712,40.76119],[-73.8553,40.76065],[-73.85467,40.76017],[-73.85397,40.76027],[-73.85329,40.76013],[-73.85158,40.75936],[-73.85022,40.75956],[-73.84914,40.76031],[-73.84859,40.76018],[-73.84475,40.76276],[-73.84307,40.7636],[-73.84304,40.76432],[-73.84273,40.76463],[-73.84052,40.76539],[-73.83958,40.76525],[-73.83936,40.76541],[-73.83791,40.76459],[-73.8369,40.7627],[-73.83679,40.76117],[-73.83868,40.75702],[-73.83814,40.75485],[-73.83778,40.75413],[-73.83743,40.75408],[-73.83683,40.75337],[-73.83559,40.75138],[-73.83229,40.75194],[-73.83314,40.74803],[-73.833,40.74783],[-73.83413,40.74743],[-73.8347,40.74689],[-73.83544,40.74552],[-73.83591,40.74343],[-73.83768,40.7433],[-73.83911,40.74292],[-73.84751,40.73901],[-73.84824,40.73929],[-73.84904,40.7386],[-73.85204,40.73768],[-73.85187,40.73735]]]}},{"type":"Feature","properties":{"irs_share_of_city_investment_2022":0.0002,"irs_income_per_household_2022":91283,"irs_agi_annual_2022":855961633,"irs_investment_annual_2022":14715483,"irs_investment_share_2022":0.0172,"irs_returns_annual":15588,"zip":"11417","name":"Ozone Park","borough":"Queens","zips_included":"11417","irs_returns":15420,"irs_agi_per_return":49846,"irs_wages_per_return":41279,"irs_capital_income_per_return":865,"irs_investment_income_annual":13485800,"irs_capital_gains_per_return":517,"irs_partnership_per_return":366,"irs_capital_share_of_agi":0.0174,"irs_top_share_of_returns":0.0146,"irs_top_agi_per_return":273021,"irs_top_share_of_agi":0.0801,"irs_share_of_city_capital_income":0.0002,"irs_share_of_city_returns":0.0038,"acs_population":31200,"acs_households":9377,"acs_median_household_income":84419,"acs_median_household_income_moe":6927,"acs_mean_household_income":104714,"acs_share_households_200k":0.1246,"acs_renter_share":0.4325,"acs_median_gross_rent":1847,"acs_private_share_k12":0.0785,"acs_seasonal_units":23,"acs_seasonal_share_of_units":0.0023,"sales_count":455,"sales_median_price":740000,"sales_over_5m":0,"irs_years_available":5,"acs_households_moe":543,"acs_aggregate_income_moe":56736611},"geometry":{"type":"Polygon","coordinates":[[[-73.86132,40.67502],[-73.86235,40.67916],[-73.85439,40.67966],[-73.8547,40.68028],[-73.85301,40.68076],[-73.85268,40.68008],[-73.85099,40.68057],[-73.85132,40.68124],[-73.85047,40.68148],[-73.85014,40.68081],[-73.84844,40.68129],[-73.84864,40.68168],[-73.84787,40.68149],[-73.83426,40.68533],[-73.83352,40.68381],[-73.83379,40.68369],[-73.83109,40.67815],[-73.83078,40.67809],[-73.83121,40.67624],[-73.83181,40.67557],[-73.83491,40.67632],[-73.83501,40.67604],[-73.83566,40.6762],[-73.83631,40.6749],[-73.83714,40.67467],[-73.83335,40.66677],[-73.84009,40.66847],[-73.84014,40.66827],[-73.84227,40.66874],[-73.84243,40.66929],[-73.84322,40.66934],[-73.84848,40.67092],[-73.86132,40.67502]]]}},{"type":"Feature","properties":{"irs_share_of_city_investment_2022":0.0002,"irs_income_per_household_2022":88781,"irs_agi_annual_2022":864369223,"irs_investment_annual_2022":14650664,"irs_investment_share_2022":0.0169,"irs_returns_annual":18616,"zip":"11369","name":"East Elmhurst","borough":"Queens","zips_included":"11369, 11371","irs_returns":18640,"irs_agi_per_return":42177,"irs_wages_per_return":33109,"irs_capital_income_per_return":715,"irs_investment_income_annual":13302800,"irs_capital_gains_per_return":459,"irs_partnership_per_return":335,"irs_capital_share_of_agi":0.0169,"irs_top_share_of_returns":0.01,"irs_top_agi_per_return":303865,"irs_top_share_of_agi":0.072,"irs_share_of_city_capital_income":0.0002,"irs_share_of_city_returns":0.0045,"acs_population":32177,"acs_households":9736,"acs_median_household_income":72342,"acs_median_household_income_moe":4123,"acs_mean_household_income":89135,"acs_share_households_200k":0.068,"acs_renter_share":0.4374,"acs_median_gross_rent":1888,"acs_private_share_k12":0.0645,"acs_seasonal_units":466,"acs_seasonal_share_of_units":0.033,"sales_count":516,"sales_median_price":810846,"sales_over_5m":0,"irs_years_available":5,"acs_households_moe":636,"acs_aggregate_income_moe":null},"geometry":{"type":"Polygon","coordinates":[[[-73.88258,40.75585],[-73.88325,40.75953],[-73.88278,40.75957],[-73.88313,40.76156],[-73.88267,40.76161],[-73.88274,40.76196],[-73.88301,40.76345],[-73.88394,40.76335],[-73.88427,40.76516],[-73.88242,40.76536],[-73.88277,40.76731],[-73.88755,40.76636],[-73.88822,40.76859],[-73.88874,40.76892],[-73.88946,40.77354],[-73.88392,40.77413],[-73.88455,40.77436],[-73.88484,40.77495],[-73.88477,40.77533],[-73.88429,40.77548],[-73.88506,40.77841],[-73.88525,40.77861],[-73.88506,40.77877],[-73.88488,40.77999],[-73.88385,40.78027],[-73.88274,40.78023],[-73.88139,40.7806],[-73.8792,40.78077],[-73.87871,40.78058],[-73.87905,40.78173],[-73.87931,40.78185],[-73.87834,40.78303],[-73.87516,40.78151],[-73.87485,40.78168],[-73.87125,40.78604],[-73.86969,40.7853],[-73.86987,40.78509],[-73.86943,40.78359],[-73.87048,40.7823],[-73.87147,40.78212],[-73.87256,40.78082],[-73.86471,40.77673],[-73.85505,40.7722],[-73.85509,40.77183],[-73.85646,40.77032],[-73.85736,40.77057],[-73.85753,40.77039],[-73.8582,40.77032],[-73.85621,40.7692],[-73.85624,40.76889],[-73.85705,40.76914],[-73.85768,40.76827],[-73.85877,40.76735],[-73.85937,40.76707],[-73.86093,40.76694],[-73.86111,40.76727],[-73.86132,40.76694],[-73.86275,40.76677],[-73.86043,40.76387],[-73.8611,40.76366],[-73.85913,40.76128],[-73.85604,40.75973],[-73.8545,40.75828],[-73.85541,40.75834],[-73.85775,40.75803],[-73.85816,40.75962],[-73.85927,40.75992],[-73.85889,40.7579],[-73.86567,40.75763],[-73.87793,40.75634],[-73.87831,40.75846],[-73.87924,40.75837],[-73.87886,40.75624],[-73.88258,40.75585]]]}},{"type":"Feature","properties":{"irs_share_of_city_investment_2022":0.0003,"irs_income_per_household_2022":96791,"irs_agi_annual_2022":787877513,"irs_investment_annual_2022":26446953,"irs_investment_share_2022":0.0336,"irs_returns_annual":13950,"zip":"11370","name":"Jackson Heights","borough":"Queens","zips_included":"11370","irs_returns":13890,"irs_agi_per_return":51262,"irs_wages_per_return":38840,"irs_capital_income_per_return":1719,"irs_investment_income_annual":23982000,"irs_capital_gains_per_return":1029,"irs_partnership_per_return":872,"irs_capital_share_of_agi":0.0335,"irs_top_share_of_returns":0.0234,"irs_top_agi_per_return":325783,"irs_top_share_of_agi":0.1485,"irs_share_of_city_capital_income":0.0003,"irs_share_of_city_returns":0.0034,"acs_population":28164,"acs_households":8140,"acs_median_household_income":71618,"acs_median_household_income_moe":7395,"acs_mean_household_income":99134,"acs_share_households_200k":0.0964,"acs_renter_share":0.5071,"acs_median_gross_rent":2044,"acs_private_share_k12":0.0754,"acs_seasonal_units":322,"acs_seasonal_share_of_units":0.0274,"sales_count":334,"sales_median_price":917500,"sales_over_5m":0,"irs_years_available":5,"acs_households_moe":550,"acs_aggregate_income_moe":83170642},"geometry":{"type":"MultiPolygon","coordinates":[[[[-73.87486,40.79226],[-73.87222,40.79104],[-73.8712,40.79],[-73.87078,40.788],[-73.87163,40.7868],[-73.87343,40.78576],[-73.87653,40.78583],[-73.87831,40.78535],[-73.88537,40.78667],[-73.8877,40.78687],[-73.88905,40.78737],[-73.88961,40.7882],[-73.8903,40.78988],[-73.8908,40.79021],[-73.89161,40.79016],[-73.89218,40.7904],[-73.89283,40.79282],[-73.89179,40.79677],[-73.89017,40.79796],[-73.88921,40.7978],[-73.88767,40.79838],[-73.88648,40.79793],[-73.88376,40.79571],[-73.88363,40.79567],[-73.88366,40.79597],[-73.88322,40.79555],[-73.88228,40.79521],[-73.87841,40.79454],[-73.87583,40.79315],[-73.87486,40.79226]]],[[[-73.89653,40.75439],[-73.89772,40.76098],[-73.89845,40.75993],[-73.89866,40.75992],[-73.89641,40.76315],[-73.89507,40.76433],[-73.89446,40.76545],[-73.8935,40.76595],[-73.90066,40.76721],[-73.90051,40.76757],[-73.89962,40.7683],[-73.90033,40.76881],[-73.8981,40.77064],[-73.89776,40.7704],[-73.89602,40.77186],[-73.89573,40.77227],[-73.89593,40.77241],[-73.8937,40.77423],[-73.89289,40.77381],[-73.89261,40.77426],[-73.89235,40.77585],[-73.89185,40.77668],[-73.89144,40.77638],[-73.8914,40.77605],[-73.89183,40.77488],[-73.89034,40.77324],[-73.88998,40.77372],[-73.88946,40.77354],[-73.88874,40.76892],[-73.88822,40.76859],[-73.88755,40.76636],[-73.88277,40.76731],[-73.88242,40.76536],[-73.88427,40.76516],[-73.88394,40.76335],[-73.88301,40.76345],[-73.88274,40.76196],[-73.88267,40.76161],[-73.88313,40.76156],[-73.88278,40.75957],[-73.88325,40.75953],[-73.88258,40.75585],[-73.89653,40.75439]]]]}},{"type":"Feature","properties":{"irs_share_of_city_investment_2022":0.0045,"irs_income_per_household_2022":129048,"irs_agi_annual_2022":4298842947,"irs_investment_annual_2022":377462715,"irs_investment_share_2022":0.0878,"irs_returns_annual":35436,"zip":"11375","name":"Forest Hills","borough":"Queens","zips_included":"11375","irs_returns":35350,"irs_agi_per_return":110183,"irs_wages_per_return":78333,"irs_capital_income_per_return":9674,"irs_investment_income_annual":342822800,"irs_capital_gains_per_return":5718,"irs_partnership_per_return":5966,"irs_capital_share_of_agi":0.0878,"irs_top_share_of_returns":0.1236,"irs_top_agi_per_return":412898,"irs_top_share_of_agi":0.4632,"irs_share_of_city_capital_income":0.0045,"irs_share_of_city_returns":0.0086,"acs_population":75212,"acs_households":33312,"acs_median_household_income":103995,"acs_median_household_income_moe":6602,"acs_mean_household_income":144354,"acs_share_households_200k":0.2121,"acs_renter_share":0.4716,"acs_median_gross_rent":2046,"acs_private_share_k12":0.1723,"acs_seasonal_units":153,"acs_seasonal_share_of_units":0.0043,"sales_count":2228,"sales_median_price":435000,"sales_over_5m":0,"irs_years_available":5,"acs_households_moe":987,"acs_aggregate_income_moe":412063503},"geometry":{"type":"Polygon","coordinates":[[[-73.83771,40.71104],[-73.84567,40.70841],[-73.84933,40.70839],[-73.85594,40.70639],[-73.85668,40.70769],[-73.85852,40.72153],[-73.85736,40.72174],[-73.8574,40.72186],[-73.85711,40.72176],[-73.85358,40.72714],[-73.85178,40.7277],[-73.85173,40.72848],[-73.85288,40.73043],[-73.85114,40.73095],[-73.85148,40.73162],[-73.85326,40.73109],[-73.85359,40.73175],[-73.85182,40.73228],[-73.85216,40.73295],[-73.8539,40.73243],[-73.8542,40.73303],[-73.8547,40.73283],[-73.85615,40.73565],[-73.85391,40.73632],[-73.85405,40.73657],[-73.8534,40.737],[-73.85187,40.73735],[-73.85204,40.73768],[-73.84904,40.7386],[-73.84824,40.73929],[-73.84751,40.73901],[-73.84523,40.7401],[-73.84483,40.73791],[-73.84489,40.73591],[-73.84429,40.7342],[-73.84285,40.73207],[-73.84086,40.73044],[-73.83841,40.72774],[-73.83555,40.72197],[-73.83279,40.7188],[-73.83102,40.71733],[-73.82905,40.71673],[-73.8265,40.71643],[-73.82567,40.71615],[-73.82715,40.71539],[-73.8313,40.71427],[-73.83601,40.71173],[-73.83612,40.71182],[-73.83771,40.71104]]]}},{"type":"Feature","properties":{"irs_share_of_city_investment_2022":0.001,"irs_income_per_household_2022":110210,"irs_agi_annual_2022":1521997361,"irs_investment_annual_2022":81206798,"irs_investment_share_2022":0.0534,"irs_returns_annual":18184,"zip":"11379","name":"Middle Village","borough":"Queens","zips_included":"11379","irs_returns":18160,"irs_agi_per_return":75970,"irs_wages_per_return":56087,"irs_capital_income_per_return":4062,"irs_investment_income_annual":73868800,"irs_capital_gains_per_return":2339,"irs_partnership_per_return":1577,"irs_capital_share_of_agi":0.0535,"irs_top_share_of_returns":0.0593,"irs_top_agi_per_return":332520,"irs_top_share_of_agi":0.2595,"irs_share_of_city_capital_income":0.001,"irs_share_of_city_returns":0.0044,"acs_population":38261,"acs_households":13810,"acs_median_household_income":89500,"acs_median_household_income_moe":8780,"acs_mean_household_income":114711,"acs_share_households_200k":0.1475,"acs_renter_share":0.4191,"acs_median_gross_rent":1881,"acs_private_share_k12":0.1869,"acs_seasonal_units":104,"acs_seasonal_share_of_units":0.0069,"sales_count":679,"sales_median_price":879000,"sales_over_5m":0,"irs_years_available":5,"acs_households_moe":577,"acs_aggregate_income_moe":107035801},"geometry":{"type":"Polygon","coordinates":[[[-73.90285,40.71379],[-73.90072,40.71484],[-73.9008,40.71526],[-73.89797,40.71656],[-73.89783,40.71624],[-73.89424,40.71793],[-73.89458,40.71838],[-73.89286,40.71921],[-73.89213,40.71899],[-73.88603,40.72184],[-73.88761,40.72381],[-73.88706,40.72403],[-73.88721,40.72779],[-73.88509,40.72836],[-73.88353,40.7285],[-73.88402,40.72826],[-73.88004,40.72861],[-73.87769,40.72955],[-73.87749,40.72928],[-73.87476,40.73054],[-73.87146,40.72933],[-73.8716,40.72911],[-73.87251,40.72946],[-73.87391,40.72843],[-73.87182,40.7268],[-73.871,40.72793],[-73.87063,40.72706],[-73.87115,40.72672],[-73.87107,40.72635],[-73.87145,40.72552],[-73.87098,40.72537],[-73.87117,40.72486],[-73.87108,40.72451],[-73.86971,40.72515],[-73.86876,40.72382],[-73.86524,40.71998],[-73.86004,40.71493],[-73.85964,40.71398],[-73.85965,40.71338],[-73.86501,40.71078],[-73.87018,40.70923],[-73.87505,40.70681],[-73.88377,40.70629],[-73.88553,40.70644],[-73.8893,40.7079],[-73.90285,40.71379]]]}},{"type":"Feature","properties":{"irs_share_of_city_investment_2022":0.001,"irs_income_per_household_2022":75659,"irs_agi_annual_2022":2514834456,"irs_investment_annual_2022":86788939,"irs_investment_share_2022":0.0345,"irs_returns_annual":46078,"zip":"11377","name":"Woodside","borough":"Queens","zips_included":"11377","irs_returns":45370,"irs_agi_per_return":49568,"irs_wages_per_return":38514,"irs_capital_income_per_return":1707,"irs_investment_income_annual":78649800,"irs_capital_gains_per_return":1066,"irs_partnership_per_return":600,"irs_capital_share_of_agi":0.0344,"irs_top_share_of_returns":0.0208,"irs_top_agi_per_return":317875,"irs_top_share_of_agi":0.1333,"irs_share_of_city_capital_income":0.001,"irs_share_of_city_returns":0.0112,"acs_population":86977,"acs_households":33239,"acs_median_household_income":72273,"acs_median_household_income_moe":3189,"acs_mean_household_income":98608,"acs_share_households_200k":0.0852,"acs_renter_share":0.6936,"acs_median_gross_rent":1743,"acs_private_share_k12":0.0866,"acs_seasonal_units":34,"acs_seasonal_share_of_units":0.001,"sales_count":1185,"sales_median_price":540000,"sales_over_5m":0,"irs_years_available":5,"acs_households_moe":1182,"acs_aggregate_income_moe":488924378},"geometry":{"type":"MultiPolygon","coordinates":[[[[-73.91734,40.73138],[-73.91723,40.73132],[-73.91737,40.73133],[-73.91734,40.73138]]],[[[-73.91734,40.73138],[-73.91931,40.73215],[-73.92237,40.73442],[-73.92253,40.73435],[-73.92403,40.73516],[-73.92583,40.7357],[-73.92577,40.73628],[-73.92397,40.73578],[-73.92304,40.74043],[-73.92096,40.74136],[-73.92003,40.74126],[-73.91992,40.74181],[-73.91689,40.74278],[-73.91681,40.74311],[-73.91495,40.74293],[-73.91464,40.74447],[-73.91557,40.74458],[-73.91472,40.74879],[-73.91379,40.74871],[-73.91374,40.74893],[-73.91016,40.7485],[-73.90946,40.75085],[-73.91196,40.7554],[-73.91176,40.75557],[-73.91261,40.75597],[-73.91068,40.75832],[-73.90988,40.75795],[-73.90964,40.75824],[-73.90923,40.75806],[-73.9074,40.76033],[-73.90779,40.76052],[-73.90651,40.76211],[-73.90551,40.76164],[-73.9047,40.76297],[-73.90519,40.76375],[-73.90451,40.76459],[-73.90373,40.76423],[-73.90345,40.765],[-73.90371,40.7656],[-73.90438,40.76696],[-73.90527,40.76774],[-73.90427,40.76754],[-73.90357,40.76578],[-73.90202,40.76742],[-73.8935,40.76595],[-73.89446,40.76545],[-73.89507,40.76433],[-73.89641,40.76315],[-73.89866,40.75992],[-73.89845,40.75993],[-73.89772,40.76098],[-73.89584,40.75062],[-73.89719,40.75047],[-73.89481,40.74629],[-73.89459,40.7454],[-73.89467,40.74476],[-73.89443,40.74555],[-73.89474,40.7465],[-73.89175,40.74681],[-73.89139,40.74664],[-73.8907,40.74226],[-73.89169,40.74214],[-73.88876,40.73654],[-73.89137,40.73606],[-73.89138,40.73592],[-73.88936,40.73584],[-73.88852,40.73453],[-73.89175,40.73449],[-73.89213,40.73368],[-73.89596,40.73353],[-73.89789,40.7336],[-73.89786,40.73429],[-73.90071,40.73436],[-73.90518,40.72896],[-73.90572,40.72852],[-73.90847,40.72983],[-73.91175,40.72991],[-73.91734,40.73138]]]]}},{"type":"Feature","properties":{"irs_share_of_city_investment_2022":0.0005,"irs_income_per_household_2022":92902,"irs_agi_annual_2022":1190818978,"irs_investment_annual_2022":41114259,"irs_investment_share_2022":0.0345,"irs_returns_annual":18200,"zip":"11378","name":"Maspeth","borough":"Queens","zips_included":"11378","irs_returns":18160,"irs_agi_per_return":59372,"irs_wages_per_return":46011,"irs_capital_income_per_return":2055,"irs_investment_income_annual":37394400,"irs_capital_gains_per_return":1228,"irs_partnership_per_return":1099,"irs_capital_share_of_agi":0.0346,"irs_top_share_of_returns":0.0331,"irs_top_agi_per_return":306725,"irs_top_share_of_agi":0.1709,"irs_share_of_city_capital_income":0.0005,"irs_share_of_city_returns":0.0044,"acs_population":39250,"acs_households":12818,"acs_median_household_income":90572,"acs_median_household_income_moe":7678,"acs_mean_household_income":110310,"acs_share_households_200k":0.1269,"acs_renter_share":0.4804,"acs_median_gross_rent":1931,"acs_private_share_k12":0.1253,"acs_seasonal_units":86,"acs_seasonal_share_of_units":0.0059,"sales_count":529,"sales_median_price":875000,"sales_over_5m":0,"irs_years_available":5,"acs_households_moe":560,"acs_aggregate_income_moe":85460529},"geometry":{"type":"Polygon","coordinates":[[[-73.90072,40.71484],[-73.90489,40.71286],[-73.90538,40.71287],[-73.90556,40.71371],[-73.90683,40.71362],[-73.90692,40.71295],[-73.90801,40.71301],[-73.90797,40.71341],[-73.90881,40.7139],[-73.9089,40.71306],[-73.91078,40.71319],[-73.91228,40.71418],[-73.91304,40.71333],[-73.92404,40.71401],[-73.92369,40.71408],[-73.92412,40.71514],[-73.92367,40.71553],[-73.92233,40.71608],[-73.92064,40.71577],[-73.92057,40.716],[-73.92224,40.71638],[-73.92279,40.71754],[-73.92346,40.71813],[-73.92394,40.71904],[-73.92384,40.72016],[-73.92423,40.7209],[-73.92424,40.72143],[-73.92516,40.72234],[-73.92443,40.72359],[-73.92215,40.72371],[-73.92072,40.72331],[-73.92037,40.72368],[-73.92227,40.72418],[-73.92429,40.72429],[-73.92528,40.72472],[-73.92656,40.72567],[-73.92856,40.72784],[-73.92923,40.72826],[-73.93143,40.72874],[-73.93103,40.72909],[-73.93164,40.72922],[-73.93546,40.73181],[-73.93742,40.73376],[-73.93441,40.73489],[-73.93478,40.73556],[-73.93161,40.73683],[-73.92672,40.73591],[-73.92403,40.73516],[-73.92253,40.73435],[-73.92237,40.73442],[-73.91931,40.73215],[-73.91756,40.73144],[-73.91175,40.72991],[-73.90847,40.72983],[-73.90572,40.72852],[-73.90518,40.72896],[-73.90071,40.73436],[-73.89786,40.73429],[-73.89789,40.7336],[-73.89596,40.73353],[-73.89213,40.73368],[-73.89175,40.73449],[-73.88852,40.73453],[-73.88806,40.73008],[-73.88756,40.7302],[-73.8872,40.72861],[-73.88706,40.72403],[-73.88761,40.72381],[-73.88603,40.72184],[-73.89213,40.71899],[-73.89286,40.71921],[-73.89458,40.71838],[-73.89424,40.71793],[-73.89783,40.71624],[-73.89797,40.71656],[-73.9008,40.71526],[-73.90072,40.71484]],[[-73.91734,40.73138],[-73.91737,40.73133],[-73.91723,40.73132],[-73.91734,40.73138]]]}},{"type":"Feature","properties":{"irs_share_of_city_investment_2022":0.0002,"irs_income_per_household_2022":89447,"irs_agi_annual_2022":1059056452,"irs_investment_annual_2022":19078197,"irs_investment_share_2022":0.018,"irs_returns_annual":21106,"zip":"11421","name":"Woodhaven","borough":"Queens","zips_included":"11421","irs_returns":20730,"irs_agi_per_return":45516,"irs_wages_per_return":37437,"irs_capital_income_per_return":819,"irs_investment_income_annual":17283600,"irs_capital_gains_per_return":479,"irs_partnership_per_return":212,"irs_capital_share_of_agi":0.018,"irs_top_share_of_returns":0.0103,"irs_top_agi_per_return":304867,"irs_top_share_of_agi":0.0692,"irs_share_of_city_capital_income":0.0002,"irs_share_of_city_returns":0.0051,"acs_population":41552,"acs_households":11840,"acs_median_household_income":81324,"acs_median_household_income_moe":3846,"acs_mean_household_income":108437,"acs_share_households_200k":0.122,"acs_renter_share":0.4794,"acs_median_gross_rent":1903,"acs_private_share_k12":0.111,"acs_seasonal_units":119,"acs_seasonal_share_of_units":0.0093,"sales_count":556,"sales_median_price":710200,"sales_over_5m":0,"irs_years_available":5,"acs_households_moe":641,"acs_aggregate_income_moe":101897757},"geometry":{"type":"Polygon","coordinates":[[[-73.8663,40.68319],[-73.8666,40.68527],[-73.86869,40.69404],[-73.86843,40.69472],[-73.86891,40.69515],[-73.87068,40.69784],[-73.86932,40.69936],[-73.86953,40.70161],[-73.86899,40.70174],[-73.86916,40.70289],[-73.86281,40.70341],[-73.8582,40.70291],[-73.85893,40.70132],[-73.85827,40.70122],[-73.85728,40.70121],[-73.85722,40.70165],[-73.8553,40.70199],[-73.8553,40.7026],[-73.85069,40.70209],[-73.85058,40.70099],[-73.85166,40.70048],[-73.85397,40.70077],[-73.85456,40.7006],[-73.85071,40.7002],[-73.84805,40.69684],[-73.84431,40.68944],[-73.8663,40.68319]]]}},{"type":"Feature","properties":{"irs_share_of_city_investment_2022":0.0001,"irs_income_per_household_2022":101110,"irs_agi_annual_2022":1013017121,"irs_investment_annual_2022":10864099,"irs_investment_share_2022":0.0107,"irs_returns_annual":16596,"zip":"11422","name":"Rosedale","borough":"Queens","zips_included":"11422","irs_returns":15970,"irs_agi_per_return":55395,"irs_wages_per_return":46175,"irs_capital_income_per_return":601,"irs_investment_income_annual":9971600,"irs_capital_gains_per_return":378,"irs_partnership_per_return":129,"irs_capital_share_of_agi":0.0108,"irs_top_share_of_returns":0.0171,"irs_top_agi_per_return":285301,"irs_top_share_of_agi":0.0881,"irs_share_of_city_capital_income":0.0001,"irs_share_of_city_returns":0.004,"acs_population":32296,"acs_households":10019,"acs_median_household_income":101416,"acs_median_household_income_moe":7592,"acs_mean_household_income":119487,"acs_share_households_200k":0.1522,"acs_renter_share":0.3097,"acs_median_gross_rent":2115,"acs_private_share_k12":0.1698,"acs_seasonal_units":37,"acs_seasonal_share_of_units":0.0035,"sales_count":524,"sales_median_price":675000,"sales_over_5m":0,"irs_years_available":5,"acs_households_moe":511,"acs_aggregate_income_moe":99061938},"geometry":{"type":"Polygon","coordinates":[[[-73.75461,40.6472],[-73.75522,40.64744],[-73.75411,40.6487],[-73.74841,40.64546],[-73.74712,40.64437],[-73.74616,40.64486],[-73.74608,40.64557],[-73.74644,40.64805],[-73.74625,40.64859],[-73.74616,40.65047],[-73.74588,40.65044],[-73.74645,40.65089],[-73.74703,40.65175],[-73.74726,40.65161],[-73.74729,40.65132],[-73.74767,40.65143],[-73.74852,40.65129],[-73.74821,40.65197],[-73.74863,40.65217],[-73.74869,40.65245],[-73.74923,40.65249],[-73.74921,40.65294],[-73.74937,40.65303],[-73.74896,40.65379],[-73.74918,40.65475],[-73.74907,40.65514],[-73.74705,40.65749],[-73.74506,40.65741],[-73.74495,40.65817],[-73.74244,40.66087],[-73.74002,40.66475],[-73.73849,40.66642],[-73.74118,40.66641],[-73.7408,40.66684],[-73.74193,40.66685],[-73.7411,40.66819],[-73.74195,40.66849],[-73.7409,40.67018],[-73.74005,40.66987],[-73.739,40.67156],[-73.73982,40.6719],[-73.73879,40.67355],[-73.73794,40.67324],[-73.73696,40.67488],[-73.734,40.68043],[-73.73222,40.68512],[-73.72586,40.68324],[-73.72563,40.67959],[-73.72629,40.67706],[-73.72756,40.67416],[-73.72824,40.66802],[-73.72827,40.66643],[-73.72811,40.66534],[-73.72786,40.66507],[-73.72781,40.66322],[-73.72833,40.66304],[-73.72793,40.66175],[-73.72644,40.65916],[-73.72557,40.65672],[-73.7255,40.65552],[-73.72499,40.65425],[-73.72523,40.652],[-73.73052,40.65031],[-73.73513,40.64973],[-73.73904,40.6482],[-73.74144,40.64689],[-73.74166,40.6422],[-73.74205,40.64147],[-73.74142,40.6405],[-73.74228,40.64012],[-73.74126,40.6389],[-73.73947,40.6357],[-73.73996,40.63515],[-73.74,40.63531],[-73.74177,40.63499],[-73.74247,40.63512],[-73.74255,40.63529],[-73.74208,40.6361],[-73.74097,40.6373],[-73.74129,40.63789],[-73.74189,40.63812],[-73.74273,40.63827],[-73.74397,40.63788],[-73.74352,40.63889],[-73.74374,40.63902],[-73.74481,40.6372],[-73.74519,40.63719],[-73.74626,40.63644],[-73.74679,40.63678],[-73.74645,40.63726],[-73.74527,40.63792],[-73.74516,40.63811],[-73.74533,40.63837],[-73.74567,40.63812],[-73.74551,40.63795],[-73.74704,40.63692],[-73.74617,40.64041],[-73.74636,40.6407],[-73.74631,40.6414],[-73.74729,40.64319],[-73.74875,40.64447],[-73.74869,40.64494],[-73.74885,40.64517],[-73.74944,40.64493],[-73.75171,40.6465],[-73.75428,40.64789],[-73.75488,40.64769],[-73.75461,40.6472]]]}},{"type":"Feature","properties":{"irs_share_of_city_investment_2022":0.001,"irs_income_per_household_2022":80115,"irs_agi_annual_2022":2977648216,"irs_investment_annual_2022":84297487,"irs_investment_share_2022":0.0283,"irs_returns_annual":49904,"zip":"11385","name":"Ridgewood","borough":"Queens","zips_included":"11385","irs_returns":49540,"irs_agi_per_return":54212,"irs_wages_per_return":43770,"irs_capital_income_per_return":1534,"irs_investment_income_annual":76575600,"irs_capital_gains_per_return":962,"irs_partnership_per_return":673,"irs_capital_share_of_agi":0.0283,"irs_top_share_of_returns":0.021,"irs_top_agi_per_return":307145,"irs_top_share_of_agi":0.1192,"irs_share_of_city_capital_income":0.001,"irs_share_of_city_returns":0.0121,"acs_population":105521,"acs_households":37167,"acs_median_household_income":85127,"acs_median_household_income_moe":3395,"acs_mean_household_income":104776,"acs_share_households_200k":0.0964,"acs_renter_share":0.6992,"acs_median_gross_rent":1857,"acs_private_share_k12":0.0675,"acs_seasonal_units":355,"acs_seasonal_share_of_units":0.0088,"sales_count":879,"sales_median_price":898000,"sales_over_5m":0,"irs_years_available":5,"acs_households_moe":1005,"acs_aggregate_income_moe":176882126},"geometry":{"type":"Polygon","coordinates":[[[-73.86891,40.69515],[-73.87402,40.69419],[-73.87951,40.69114],[-73.88378,40.68787],[-73.88452,40.68669],[-73.88808,40.6853],[-73.88963,40.68424],[-73.89016,40.685],[-73.89258,40.68349],[-73.89417,40.68529],[-73.89578,40.6835],[-73.89646,40.68233],[-73.90117,40.68788],[-73.90042,40.68818],[-73.90189,40.69108],[-73.9014,40.69159],[-73.90579,40.69413],[-73.90426,40.6957],[-73.91181,40.69994],[-73.91068,40.70105],[-73.9129,40.70236],[-73.91181,40.70344],[-73.92189,40.7094],[-73.92075,40.71054],[-73.92155,40.71104],[-73.92224,40.71285],[-73.92404,40.71401],[-73.91304,40.71333],[-73.91228,40.71418],[-73.91078,40.71319],[-73.9089,40.71306],[-73.90881,40.7139],[-73.90797,40.71341],[-73.90801,40.71301],[-73.90692,40.71295],[-73.90683,40.71362],[-73.90556,40.71371],[-73.90538,40.71287],[-73.90489,40.71286],[-73.90285,40.71379],[-73.8893,40.7079],[-73.88553,40.70644],[-73.88377,40.70629],[-73.87505,40.70681],[-73.87018,40.70923],[-73.86501,40.71078],[-73.86208,40.7122],[-73.85976,40.71185],[-73.85964,40.71042],[-73.85803,40.7105],[-73.85755,40.71076],[-73.85818,40.7116],[-73.85729,40.71147],[-73.85668,40.70769],[-73.85594,40.70639],[-73.85472,40.70677],[-73.85471,40.70521],[-73.85252,40.70229],[-73.8553,40.7026],[-73.8553,40.70199],[-73.85722,40.70165],[-73.85728,40.70121],[-73.85827,40.70122],[-73.85893,40.70132],[-73.8582,40.70291],[-73.86281,40.70341],[-73.86916,40.70289],[-73.86899,40.70174],[-73.86953,40.70161],[-73.86932,40.69936],[-73.87068,40.69784],[-73.86891,40.69515]]]}},{"type":"Feature","properties":{"irs_share_of_city_investment_2022":0.0001,"irs_income_per_household_2022":104920,"irs_agi_annual_2022":692684357,"irs_investment_annual_2022":5873437,"irs_investment_share_2022":0.0085,"irs_returns_annual":10730,"zip":"11411","name":"Cambria Heights","borough":"Queens","zips_included":"11411","irs_returns":10450,"irs_agi_per_return":58564,"irs_wages_per_return":46018,"irs_capital_income_per_return":503,"irs_investment_income_annual":5399000,"irs_capital_gains_per_return":279,"irs_partnership_per_return":9,"irs_capital_share_of_agi":0.0086,"irs_top_share_of_returns":0.0203,"irs_top_agi_per_return":268539,"irs_top_share_of_agi":0.0932,"irs_share_of_city_capital_income":0.0001,"irs_share_of_city_returns":0.0026,"acs_population":21329,"acs_households":6602,"acs_median_household_income":117018,"acs_median_household_income_moe":5908,"acs_mean_household_income":130644,"acs_share_households_200k":0.2084,"acs_renter_share":0.1406,"acs_median_gross_rent":1650,"acs_private_share_k12":0.1222,"acs_seasonal_units":0,"acs_seasonal_share_of_units":0.0,"sales_count":424,"sales_median_price":650000,"sales_over_5m":0,"irs_years_available":5,"acs_households_moe":380,"acs_aggregate_income_moe":61934443},"geometry":{"type":"Polygon","coordinates":[[[-73.72586,40.68324],[-73.73744,40.6867],[-73.7376,40.68636],[-73.74755,40.68935],[-73.74728,40.68974],[-73.74813,40.69013],[-73.74533,40.6942],[-73.74865,40.70159],[-73.74331,40.70296],[-73.7431,40.7024],[-73.74114,40.70181],[-73.74105,40.70198],[-73.73824,40.70188],[-73.7382,40.7026],[-73.73236,40.70242],[-73.73239,40.70171],[-73.72771,40.70156],[-73.72778,40.7062],[-73.72747,40.70579],[-73.7269,40.7058],[-73.72586,40.68324]]]}},{"type":"Feature","properties":{"irs_share_of_city_investment_2022":0.0001,"irs_income_per_household_2022":93962,"irs_agi_annual_2022":1104338447,"irs_investment_annual_2022":6642034,"irs_investment_share_2022":0.006,"irs_returns_annual":19796,"zip":"11412","name":"St. Albans","borough":"Queens","zips_included":"11412","irs_returns":19400,"irs_agi_per_return":50626,"irs_wages_per_return":42535,"irs_capital_income_per_return":304,"irs_investment_income_annual":6025400,"irs_capital_gains_per_return":189,"irs_partnership_per_return":-20,"irs_capital_share_of_agi":0.006,"irs_top_share_of_returns":0.012,"irs_top_agi_per_return":265149,"irs_top_share_of_agi":0.063,"irs_share_of_city_capital_income":0.0001,"irs_share_of_city_returns":0.0048,"acs_population":40593,"acs_households":11753,"acs_median_household_income":96094,"acs_median_household_income_moe":7302,"acs_mean_household_income":116394,"acs_share_households_200k":0.1461,"acs_renter_share":0.254,"acs_median_gross_rent":1554,"acs_private_share_k12":0.1321,"acs_seasonal_units":20,"acs_seasonal_share_of_units":0.0016,"sales_count":879,"sales_median_price":660000,"sales_over_5m":0,"irs_years_available":5,"acs_households_moe":430,"acs_aggregate_income_moe":74310610},"geometry":{"type":"Polygon","coordinates":[[[-73.76184,40.68449],[-73.7629,40.68602],[-73.7662,40.69218],[-73.76539,40.69207],[-73.76522,40.69276],[-73.76929,40.69665],[-73.76988,40.69632],[-73.77212,40.6987],[-73.77319,40.70018],[-73.77294,40.70029],[-73.77497,40.70363],[-73.7756,40.70533],[-73.77418,40.70509],[-73.76725,40.70631],[-73.76735,40.70663],[-73.76457,40.7074],[-73.75246,40.71031],[-73.75184,40.70882],[-73.75274,40.70861],[-73.75212,40.70711],[-73.75121,40.70731],[-73.74535,40.6941],[-73.74708,40.69152],[-73.74733,40.69149],[-73.74973,40.68783],[-73.7504,40.68882],[-73.76073,40.6851],[-73.76068,40.6848],[-73.76184,40.68449]]]}},{"type":"Feature","properties":{"irs_share_of_city_investment_2022":0.0002,"irs_income_per_household_2022":99085,"irs_agi_annual_2022":1338840219,"irs_investment_annual_2022":14767456,"irs_investment_share_2022":0.011,"irs_returns_annual":21852,"zip":"11413","name":"Springfield Gardens (South)-Brookville","borough":"Queens","zips_included":"11413","irs_returns":21260,"irs_agi_per_return":55608,"irs_wages_per_return":45357,"irs_capital_income_per_return":616,"irs_investment_income_annual":13454400,"irs_capital_gains_per_return":377,"irs_partnership_per_return":64,"irs_capital_share_of_agi":0.0111,"irs_top_share_of_returns":0.0181,"irs_top_agi_per_return":281976,"irs_top_share_of_agi":0.0919,"irs_share_of_city_capital_income":0.0002,"irs_share_of_city_returns":0.0053,"acs_population":44832,"acs_households":13512,"acs_median_household_income":111065,"acs_median_household_income_moe":4905,"acs_mean_household_income":125373,"acs_share_households_200k":0.1431,"acs_renter_share":0.2684,"acs_median_gross_rent":1970,"acs_private_share_k12":0.1518,"acs_seasonal_units":54,"acs_seasonal_share_of_units":0.0038,"sales_count":873,"sales_median_price":675540,"sales_over_5m":0,"irs_years_available":5,"acs_households_moe":628,"acs_aggregate_income_moe":94102698},"geometry":{"type":"Polygon","coordinates":[[[-73.74841,40.64546],[-73.76736,40.65616],[-73.76582,40.6563],[-73.76615,40.65855],[-73.76767,40.65842],[-73.76796,40.66035],[-73.76616,40.66009],[-73.76353,40.66629],[-73.76544,40.66679],[-73.76365,40.66716],[-73.7626,40.67074],[-73.76293,40.67182],[-73.76225,40.67194],[-73.76405,40.67284],[-73.76368,40.67474],[-73.76248,40.6742],[-73.7579,40.67613],[-73.75984,40.67892],[-73.75805,40.67922],[-73.76184,40.68449],[-73.76068,40.6848],[-73.76073,40.6851],[-73.7504,40.68882],[-73.74973,40.68783],[-73.74813,40.69013],[-73.74728,40.68974],[-73.74747,40.68932],[-73.7376,40.68636],[-73.73744,40.6867],[-73.73222,40.68512],[-73.734,40.68043],[-73.73696,40.67488],[-73.73794,40.67324],[-73.73879,40.67355],[-73.73982,40.6719],[-73.739,40.67156],[-73.74005,40.66987],[-73.7409,40.67018],[-73.74195,40.66849],[-73.7411,40.66819],[-73.74193,40.66685],[-73.7408,40.66684],[-73.74118,40.66641],[-73.73849,40.66642],[-73.74002,40.66475],[-73.74244,40.66087],[-73.74495,40.65817],[-73.74506,40.65741],[-73.74705,40.65749],[-73.74907,40.65514],[-73.74918,40.65475],[-73.74896,40.65379],[-73.74937,40.65303],[-73.74921,40.65294],[-73.74923,40.65249],[-73.74869,40.65245],[-73.74863,40.65217],[-73.74821,40.65197],[-73.74852,40.65129],[-73.74767,40.65143],[-73.74729,40.65132],[-73.74726,40.65161],[-73.74703,40.65175],[-73.74645,40.65089],[-73.74588,40.65044],[-73.74616,40.65047],[-73.74625,40.64859],[-73.74644,40.64805],[-73.74608,40.64557],[-73.74616,40.64486],[-73.74712,40.64437],[-73.74841,40.64546]]]}},{"type":"Feature","properties":{"irs_share_of_city_investment_2022":0.0008,"irs_income_per_household_2022":102660,"irs_agi_annual_2022":1170427953,"irs_investment_annual_2022":68925339,"irs_investment_share_2022":0.0589,"irs_returns_annual":13520,"zip":"11414","name":"Howard Beach-Lindenwood","borough":"Queens","zips_included":"11414","irs_returns":13430,"irs_agi_per_return":78551,"irs_wages_per_return":54586,"irs_capital_income_per_return":4625,"irs_investment_income_annual":62525000,"irs_capital_gains_per_return":2696,"irs_partnership_per_return":1960,"irs_capital_share_of_agi":0.0589,"irs_top_share_of_returns":0.0562,"irs_top_agi_per_return":346111,"irs_top_share_of_agi":0.2477,"irs_share_of_city_capital_income":0.0008,"irs_share_of_city_returns":0.0033,"acs_population":30374,"acs_households":11401,"acs_median_household_income":95370,"acs_median_household_income_moe":10885,"acs_mean_household_income":129067,"acs_share_households_200k":0.1922,"acs_renter_share":0.2282,"acs_median_gross_rent":1978,"acs_private_share_k12":0.1587,"acs_seasonal_units":212,"acs_seasonal_share_of_units":0.0175,"sales_count":891,"sales_median_price":500000,"sales_over_5m":0,"irs_years_available":5,"acs_households_moe":723,"acs_aggregate_income_moe":179539178},"geometry":{"type":"MultiPolygon","coordinates":[[[[-73.85723,40.65028],[-73.86001,40.65397],[-73.86099,40.65521],[-73.86045,40.65507],[-73.85979,40.65447],[-73.85898,40.65268],[-73.85732,40.65124],[-73.85696,40.65059],[-73.85723,40.65028]]],[[[-73.82989,40.65552],[-73.83033,40.65513],[-73.83042,40.65516],[-73.83026,40.65543],[-73.82989,40.65552]]],[[[-73.8627,40.65762],[-73.86317,40.65828],[-73.86036,40.65965],[-73.85762,40.66012],[-73.85843,40.66345],[-73.85568,40.66387],[-73.85763,40.67165],[-73.86038,40.67125],[-73.86132,40.67502],[-73.84848,40.67092],[-73.84322,40.66934],[-73.84243,40.66929],[-73.84227,40.66874],[-73.84014,40.66827],[-73.84009,40.66847],[-73.83335,40.66677],[-73.83029,40.6604],[-73.82931,40.6589],[-73.8286,40.6572],[-73.82639,40.64832],[-73.82681,40.64877],[-73.82828,40.64904],[-73.82892,40.64938],[-73.82912,40.64983],[-73.82987,40.65043],[-73.83001,40.65091],[-73.83094,40.65162],[-73.83133,40.65274],[-73.83129,40.65348],[-73.83156,40.6536],[-73.83158,40.65382],[-73.82902,40.65611],[-73.82967,40.6556],[-73.83031,40.65562],[-73.83058,40.65532],[-73.8306,40.65481],[-73.83171,40.65393],[-73.83205,40.65405],[-73.83205,40.65448],[-73.83149,40.65498],[-73.83116,40.65592],[-73.83003,40.65657],[-73.82948,40.65645],[-73.82924,40.65664],[-73.82929,40.65696],[-73.82897,40.6572],[-73.82918,40.6578],[-73.83013,40.6584],[-73.82971,40.6585],[-73.8296,40.65865],[-73.83013,40.65981],[-73.82969,40.65865],[-73.83024,40.65835],[-73.82923,40.6577],[-73.82909,40.65734],[-73.8295,40.6569],[-73.8295,40.65665],[-73.83009,40.65673],[-73.83127,40.65601],[-73.83185,40.65489],[-73.83218,40.65489],[-73.8329,40.65748],[-73.83278,40.65755],[-73.83209,40.65613],[-73.83194,40.65617],[-73.8326,40.65782],[-73.83113,40.65832],[-73.83339,40.65805],[-73.83109,40.64909],[-73.83167,40.64797],[-73.83462,40.64812],[-73.83556,40.64846],[-73.83654,40.6527],[-73.83805,40.65771],[-73.83827,40.65938],[-73.83878,40.66109],[-73.83806,40.662],[-73.83874,40.66246],[-73.83998,40.6619],[-73.83972,40.66095],[-73.83979,40.66049],[-73.83845,40.65581],[-73.83593,40.6455],[-73.83633,40.64532],[-73.84001,40.64514],[-73.84058,40.64486],[-73.84089,40.64497],[-73.846,40.64457],[-73.84951,40.64413],[-73.85207,40.64617],[-73.85243,40.64716],[-73.8517,40.64895],[-73.85139,40.64918],[-73.85091,40.64917],[-73.85078,40.64981],[-73.85058,40.64986],[-73.85059,40.65034],[-73.85038,40.65027],[-73.85044,40.65045],[-73.85015,40.65066],[-73.84926,40.65103],[-73.8494,40.65144],[-73.84992,40.65166],[-73.85079,40.65153],[-73.85149,40.6512],[-73.85178,40.65081],[-73.85251,40.65055],[-73.85396,40.65065],[-73.85496,40.65097],[-73.85531,40.65129],[-73.85592,40.65131],[-73.85628,40.65165],[-73.85633,40.65213],[-73.85677,40.65286],[-73.8571,40.65296],[-73.85773,40.65273],[-73.85828,40.653],[-73.85876,40.65416],[-73.85916,40.6544],[-73.85931,40.65497],[-73.86136,40.65641],[-73.86136,40.65659],[-73.86062,40.65646],[-73.86021,40.65701],[-73.86008,40.65678],[-73.86006,40.65697],[-73.85984,40.65697],[-73.86007,40.65706],[-73.8598,40.65738],[-73.85994,40.65772],[-73.85957,40.65804],[-73.85964,40.65846],[-73.86026,40.65863],[-73.86024,40.6589],[-73.86046,40.65879],[-73.86052,40.65849],[-73.86097,40.65837],[-73.86087,40.65871],[-73.86049,40.65899],[-73.86061,40.65933],[-73.86122,40.65877],[-73.86127,40.65826],[-73.86096,40.65806],[-73.85977,40.65828],[-73.86058,40.65784],[-73.86041,40.65776],[-73.86034,40.65725],[-73.86087,40.65691],[-73.86162,40.657],[-73.8617,40.65802],[-73.8627,40.65762]]]]}},{"type":"Feature","properties":{"irs_share_of_city_investment_2022":0.0002,"irs_income_per_household_2022":90997,"irs_agi_annual_2022":1259041166,"irs_investment_annual_2022":19949297,"irs_investment_share_2022":0.0158,"irs_returns_annual":24460,"zip":"11420","name":"South Ozone Park","borough":"Queens","zips_included":"11420","irs_returns":24160,"irs_agi_per_return":46730,"irs_wages_per_return":38011,"irs_capital_income_per_return":743,"irs_investment_income_annual":18161600,"irs_capital_gains_per_return":488,"irs_partnership_per_return":392,"irs_capital_share_of_agi":0.0159,"irs_top_share_of_returns":0.0112,"irs_top_agi_per_return":285338,"irs_top_share_of_agi":0.0684,"irs_share_of_city_capital_income":0.0002,"irs_share_of_city_returns":0.0059,"acs_population":51153,"acs_households":13836,"acs_median_household_income":97919,"acs_median_household_income_moe":6095,"acs_mean_household_income":116128,"acs_share_households_200k":0.139,"acs_renter_share":0.2816,"acs_median_gross_rent":1969,"acs_private_share_k12":0.0862,"acs_seasonal_units":181,"acs_seasonal_share_of_units":0.0123,"sales_count":675,"sales_median_price":715000,"sales_over_5m":0,"irs_years_available":5,"acs_households_moe":581,"acs_aggregate_income_moe":109235748},"geometry":{"type":"Polygon","coordinates":[[[-73.80156,40.66675],[-73.81032,40.66708],[-73.81156,40.66318],[-73.81117,40.66318],[-73.81229,40.66282],[-73.81443,40.66251],[-73.82305,40.66355],[-73.82571,40.66359],[-73.8279,40.66391],[-73.8327,40.66541],[-73.83714,40.67467],[-73.83631,40.6749],[-73.83566,40.6762],[-73.83501,40.67604],[-73.83491,40.67632],[-73.83181,40.67557],[-73.83163,40.67571],[-73.83114,40.67644],[-73.83078,40.67809],[-73.83109,40.67815],[-73.83175,40.67953],[-73.81394,40.6846],[-73.81086,40.68602],[-73.80788,40.6871],[-73.80323,40.67768],[-73.8014,40.67356],[-73.80113,40.67055],[-73.80156,40.66675]]]}},{"type":"Feature","properties":{"irs_share_of_city_investment_2022":0.0003,"irs_income_per_household_2022":84432,"irs_agi_annual_2022":986250923,"irs_investment_annual_2022":25244154,"irs_investment_share_2022":0.0256,"irs_returns_annual":18430,"zip":"11418","name":"Richmond Hill","borough":"Queens","zips_included":"11418","irs_returns":17940,"irs_agi_per_return":48567,"irs_wages_per_return":38693,"irs_capital_income_per_return":1245,"irs_investment_income_annual":22937000,"irs_capital_gains_per_return":706,"irs_partnership_per_return":807,"irs_capital_share_of_agi":0.0256,"irs_top_share_of_returns":0.0201,"irs_top_agi_per_return":315888,"irs_top_share_of_agi":0.1306,"irs_share_of_city_capital_income":0.0003,"irs_share_of_city_returns":0.0045,"acs_population":38317,"acs_households":11681,"acs_median_household_income":79101,"acs_median_household_income_moe":6657,"acs_mean_household_income":100978,"acs_share_households_200k":0.1102,"acs_renter_share":0.5087,"acs_median_gross_rent":1775,"acs_private_share_k12":0.1365,"acs_seasonal_units":15,"acs_seasonal_share_of_units":0.0012,"sales_count":469,"sales_median_price":670000,"sales_over_5m":0,"irs_years_available":5,"acs_households_moe":710,"acs_aggregate_income_moe":93825862},"geometry":{"type":"Polygon","coordinates":[[[-73.84431,40.68944],[-73.84805,40.69684],[-73.85071,40.7002],[-73.85456,40.7006],[-73.85397,40.70077],[-73.85166,40.70048],[-73.85055,40.70109],[-73.85069,40.70209],[-73.85252,40.70229],[-73.85471,40.70521],[-73.85472,40.70677],[-73.84933,40.70839],[-73.84567,40.70841],[-73.84315,40.70922],[-73.84151,40.70897],[-73.83747,40.71071],[-73.83675,40.7108],[-73.8359,40.71164],[-73.83405,40.71003],[-73.83481,40.70964],[-73.83418,40.70867],[-73.83555,40.70834],[-73.83618,40.70757],[-73.83498,40.7071],[-73.8342,40.70526],[-73.83524,40.70499],[-73.83476,40.70389],[-73.83372,40.70415],[-73.83302,40.70257],[-73.83392,40.70235],[-73.83341,40.70119],[-73.83233,40.70076],[-73.83152,40.70139],[-73.82339,40.70345],[-73.82344,40.7038],[-73.82154,40.70373],[-73.82178,40.70496],[-73.82202,40.70521],[-73.82064,40.70584],[-73.82008,40.70503],[-73.81846,40.70567],[-73.81912,40.70664],[-73.81861,40.70685],[-73.81366,40.6972],[-73.81993,40.69561],[-73.82022,40.6959],[-73.8211,40.69582],[-73.82887,40.69383],[-73.84431,40.68944]]]}},{"type":"Feature","properties":{"irs_share_of_city_investment_2022":0.0002,"irs_income_per_household_2022":85572,"irs_agi_annual_2022":1104566870,"irs_investment_annual_2022":14953882,"irs_investment_share_2022":0.0135,"irs_returns_annual":25312,"zip":"11419","name":"South Ozone Park","borough":"Queens","zips_included":"11419","irs_returns":24660,"irs_agi_per_return":39609,"irs_wages_per_return":31600,"irs_capital_income_per_return":536,"irs_investment_income_annual":13559200,"irs_capital_gains_per_return":350,"irs_partnership_per_return":312,"irs_capital_share_of_agi":0.0135,"irs_top_share_of_returns":0.0067,"irs_top_agi_per_return":296995,"irs_top_share_of_agi":0.0504,"irs_share_of_city_capital_income":0.0002,"irs_share_of_city_returns":0.0061,"acs_population":48096,"acs_households":12908,"acs_median_household_income":90818,"acs_median_household_income_moe":5426,"acs_mean_household_income":108546,"acs_share_households_200k":0.1107,"acs_renter_share":0.3733,"acs_median_gross_rent":1868,"acs_private_share_k12":0.0876,"acs_seasonal_units":0,"acs_seasonal_share_of_units":0.0,"sales_count":450,"sales_median_price":730000,"sales_over_5m":0,"irs_years_available":5,"acs_households_moe":673,"acs_aggregate_income_moe":92337108},"geometry":{"type":"Polygon","coordinates":[[[-73.83175,40.67953],[-73.83379,40.68369],[-73.83352,40.68381],[-73.83426,40.68533],[-73.83511,40.68508],[-73.83528,40.68543],[-73.83489,40.68554],[-73.83543,40.68687],[-73.83509,40.68701],[-73.83525,40.68732],[-73.83552,40.68725],[-73.83754,40.69136],[-73.82084,40.69589],[-73.82006,40.69586],[-73.81993,40.69561],[-73.81366,40.6972],[-73.80788,40.6871],[-73.81086,40.68602],[-73.81394,40.6846],[-73.83175,40.67953]]]}},{"type":"Feature","properties":{"irs_share_of_city_investment_2022":0.0004,"irs_income_per_household_2022":93776,"irs_agi_annual_2022":932694180,"irs_investment_annual_2022":34807588,"irs_investment_share_2022":0.0373,"irs_returns_annual":15504,"zip":"11423","name":"Hollis","borough":"Queens","zips_included":"11423","irs_returns":14910,"irs_agi_per_return":54566,"irs_wages_per_return":42362,"irs_capital_income_per_return":2032,"irs_investment_income_annual":31502000,"irs_capital_gains_per_return":1259,"irs_partnership_per_return":1321,"irs_capital_share_of_agi":0.0372,"irs_top_share_of_returns":0.0255,"irs_top_agi_per_return":365766,"irs_top_share_of_agi":0.1712,"irs_share_of_city_capital_income":0.0004,"irs_share_of_city_returns":0.0038,"acs_population":29921,"acs_households":9946,"acs_median_household_income":79500,"acs_median_household_income_moe":8339,"acs_mean_household_income":103394,"acs_share_households_200k":0.1098,"acs_renter_share":0.4201,"acs_median_gross_rent":1662,"acs_private_share_k12":0.1751,"acs_seasonal_units":0,"acs_seasonal_share_of_units":0.0,"sales_count":497,"sales_median_price":750000,"sales_over_5m":0,"irs_years_available":5,"acs_households_moe":650,"acs_aggregate_income_moe":108856016},"geometry":{"type":"MultiPolygon","coordinates":[[[[-73.77804,40.72328],[-73.77956,40.72581],[-73.78116,40.72921],[-73.77758,40.73019],[-73.77523,40.72524],[-73.77634,40.72447],[-73.77701,40.72372],[-73.77804,40.72328]]],[[[-73.78019,40.7085],[-73.78138,40.71111],[-73.78174,40.71102],[-73.78263,40.71294],[-73.77357,40.71512],[-73.7749,40.71784],[-73.77584,40.71767],[-73.77637,40.71877],[-73.77551,40.7191],[-73.77682,40.72186],[-73.77728,40.72235],[-73.77584,40.72343],[-73.77605,40.72336],[-73.77424,40.72432],[-73.77139,40.72535],[-73.76862,40.72601],[-73.76856,40.72586],[-73.76619,40.72633],[-73.76482,40.72468],[-73.76154,40.723],[-73.76026,40.72202],[-73.75944,40.72106],[-73.76031,40.72065],[-73.75814,40.71776],[-73.75731,40.71812],[-73.75596,40.71627],[-73.75677,40.71592],[-73.75558,40.71433],[-73.7547,40.71471],[-73.75371,40.71332],[-73.75319,40.71206],[-73.75408,40.71184],[-73.75335,40.7101],[-73.76457,40.7074],[-73.76735,40.70663],[-73.76725,40.70631],[-73.77418,40.70509],[-73.7756,40.70533],[-73.77556,40.70607],[-73.77505,40.70692],[-73.77399,40.70754],[-73.77094,40.70863],[-73.77656,40.70722],[-73.78183,40.70617],[-73.78314,40.7063],[-73.77998,40.70702],[-73.78023,40.70761],[-73.77937,40.70781],[-73.77968,40.7086],[-73.78019,40.7085]]]]}},{"type":"Feature","properties":{"irs_share_of_city_investment_2022":0.0003,"irs_income_per_household_2022":118960,"irs_agi_annual_2022":726609090,"irs_investment_annual_2022":25187571,"irs_investment_share_2022":0.0347,"irs_returns_annual":9538,"zip":"11426","name":"Bellerose","borough":"Queens","zips_included":"11426","irs_returns":9330,"irs_agi_per_return":69131,"irs_wages_per_return":51306,"irs_capital_income_per_return":2399,"irs_investment_income_annual":22879800,"irs_capital_gains_per_return":1358,"irs_partnership_per_return":861,"irs_capital_share_of_agi":0.0347,"irs_top_share_of_returns":0.0466,"irs_top_agi_per_return":287543,"irs_top_share_of_agi":0.1936,"irs_share_of_city_capital_income":0.0003,"irs_share_of_city_returns":0.0023,"acs_population":19733,"acs_households":6108,"acs_median_household_income":112325,"acs_median_household_income_moe":12130,"acs_mean_household_income":129673,"acs_share_households_200k":0.1506,"acs_renter_share":0.2917,"acs_median_gross_rent":2131,"acs_private_share_k12":0.176,"acs_seasonal_units":54,"acs_seasonal_share_of_units":0.0083,"sales_count":451,"sales_median_price":715000,"sales_over_5m":0,"irs_years_available":5,"acs_households_moe":406,"acs_aggregate_income_moe":72143808},"geometry":{"type":"Polygon","coordinates":[[[-73.72966,40.72254],[-73.73158,40.72763],[-73.73124,40.72895],[-73.73217,40.72915],[-73.73173,40.73029],[-73.73073,40.73027],[-73.73048,40.73088],[-73.73175,40.73093],[-73.73106,40.73268],[-73.72969,40.73274],[-73.72636,40.73345],[-73.72711,40.73607],[-73.72609,40.73623],[-73.7275,40.74068],[-73.72663,40.7408],[-73.72841,40.74188],[-73.73233,40.74377],[-73.73063,40.74537],[-73.72914,40.74727],[-73.72825,40.7497],[-73.72738,40.75103],[-73.72642,40.75192],[-73.72384,40.75346],[-73.72299,40.75422],[-73.72243,40.75339],[-73.72117,40.75241],[-73.7211,40.75207],[-73.72184,40.75108],[-73.72159,40.75055],[-73.72043,40.75038],[-73.71741,40.74351],[-73.71841,40.74326],[-73.71795,40.74337],[-73.7172,40.74151],[-73.71656,40.74165],[-73.71477,40.7379],[-73.7137,40.73616],[-73.71474,40.73596],[-73.71396,40.73388],[-73.7125,40.7342],[-73.71148,40.7325],[-73.71229,40.73232],[-73.71204,40.73084],[-73.71089,40.73097],[-73.71066,40.72938],[-73.71178,40.72929],[-73.71159,40.72819],[-73.71055,40.72802],[-73.7105,40.72723],[-73.7177,40.7262],[-73.72567,40.72404],[-73.72966,40.72254]]]}},{"type":"Feature","properties":{"irs_share_of_city_investment_2022":0.0004,"irs_income_per_household_2022":110376,"irs_agi_annual_2022":888084285,"irs_investment_annual_2022":35961665,"irs_investment_share_2022":0.0405,"irs_returns_annual":11932,"zip":"11427","name":"Bellerose","borough":"Queens","zips_included":"11427","irs_returns":11650,"irs_agi_per_return":67546,"irs_wages_per_return":48524,"irs_capital_income_per_return":2737,"irs_investment_income_annual":32663200,"irs_capital_gains_per_return":1665,"irs_partnership_per_return":2525,"irs_capital_share_of_agi":0.0405,"irs_top_share_of_returns":0.0409,"irs_top_agi_per_return":387207,"irs_top_share_of_agi":0.2344,"irs_share_of_city_capital_income":0.0004,"irs_share_of_city_returns":0.0029,"acs_population":25187,"acs_households":8046,"acs_median_household_income":84691,"acs_median_household_income_moe":9563,"acs_mean_household_income":107138,"acs_share_households_200k":0.1346,"acs_renter_share":0.3678,"acs_median_gross_rent":1665,"acs_private_share_k12":0.1525,"acs_seasonal_units":0,"acs_seasonal_share_of_units":0.0,"sales_count":448,"sales_median_price":742500,"sales_over_5m":0,"irs_years_available":5,"acs_households_moe":477,"acs_aggregate_income_moe":71375540},"geometry":{"type":"Polygon","coordinates":[[[-73.75181,40.7205],[-73.75814,40.71776],[-73.76031,40.72065],[-73.75944,40.72106],[-73.76026,40.72202],[-73.76154,40.723],[-73.76482,40.72468],[-73.76619,40.72633],[-73.76476,40.7264],[-73.75995,40.7258],[-73.75835,40.72589],[-73.75671,40.72623],[-73.75787,40.72711],[-73.76234,40.72954],[-73.76435,40.73115],[-73.76565,40.73254],[-73.74654,40.73578],[-73.74595,40.73418],[-73.74661,40.7334],[-73.74672,40.73248],[-73.74295,40.73546],[-73.73901,40.73975],[-73.73816,40.74038],[-73.73437,40.74235],[-73.73233,40.74377],[-73.72841,40.74188],[-73.72663,40.7408],[-73.7275,40.74068],[-73.72609,40.73623],[-73.72711,40.73607],[-73.72636,40.73345],[-73.72969,40.73274],[-73.73106,40.73268],[-73.73175,40.73093],[-73.73048,40.73088],[-73.73073,40.73027],[-73.73173,40.73029],[-73.73217,40.72915],[-73.73306,40.72936],[-73.73362,40.72793],[-73.74081,40.72956],[-73.73931,40.72817],[-73.74739,40.72319],[-73.74889,40.72244],[-73.75181,40.7205]]]}},{"type":"Feature","properties":{"irs_share_of_city_investment_2022":0.0001,"irs_income_per_household_2022":96871,"irs_agi_annual_2022":596048847,"irs_investment_annual_2022":7737972,"irs_investment_share_2022":0.013,"irs_returns_annual":10142,"zip":"11428","name":"Queens Village","borough":"Queens","zips_included":"11428","irs_returns":9970,"irs_agi_per_return":53340,"irs_wages_per_return":43717,"irs_capital_income_per_return":689,"irs_investment_income_annual":6991800,"irs_capital_gains_per_return":402,"irs_partnership_per_return":199,"irs_capital_share_of_agi":0.0129,"irs_top_share_of_returns":0.0168,"irs_top_agi_per_return":273346,"irs_top_share_of_agi":0.0859,"irs_share_of_city_capital_income":0.0001,"irs_share_of_city_returns":0.0025,"acs_population":19554,"acs_households":6153,"acs_median_household_income":89593,"acs_median_household_income_moe":11827,"acs_mean_household_income":110985,"acs_share_households_200k":0.1351,"acs_renter_share":0.2581,"acs_median_gross_rent":1763,"acs_private_share_k12":0.075,"acs_seasonal_units":49,"acs_seasonal_share_of_units":0.0075,"sales_count":295,"sales_median_price":730000,"sales_over_5m":0,"irs_years_available":5,"acs_households_moe":483,"acs_aggregate_income_moe":67399367},"geometry":{"type":"Polygon","coordinates":[[[-73.75731,40.71812],[-73.75181,40.7205],[-73.74889,40.72244],[-73.74739,40.72319],[-73.73931,40.72817],[-73.74081,40.72956],[-73.73362,40.72793],[-73.73306,40.72936],[-73.73124,40.72895],[-73.7316,40.72773],[-73.72966,40.72254],[-73.73033,40.72215],[-73.72966,40.72048],[-73.73216,40.72006],[-73.73233,40.7203],[-73.73315,40.71959],[-73.73531,40.7185],[-73.73538,40.7177],[-73.75371,40.71332],[-73.7547,40.71471],[-73.75558,40.71433],[-73.75677,40.71592],[-73.75596,40.71627],[-73.75731,40.71812]]]}},{"type":"Feature","properties":{"irs_share_of_city_investment_2022":0.0,"irs_income_per_household_2022":84911,"irs_agi_annual_2022":521012500,"irs_investment_annual_2022":2574174,"irs_investment_share_2022":0.0049,"irs_returns_annual":10138,"zip":"11436","name":"Baisley Park","borough":"Queens","zips_included":"11436","irs_returns":10110,"irs_agi_per_return":46667,"irs_wages_per_return":39186,"irs_capital_income_per_return":232,"irs_investment_income_annual":2347200,"irs_capital_gains_per_return":152,"irs_partnership_per_return":114,"irs_capital_share_of_agi":0.005,"irs_top_share_of_returns":0.0071,"irs_top_agi_per_return":292992,"irs_top_share_of_agi":0.0446,"irs_share_of_city_capital_income":0.0,"irs_share_of_city_returns":0.0025,"acs_population":21349,"acs_households":6136,"acs_median_household_income":87685,"acs_median_household_income_moe":8389,"acs_mean_household_income":110683,"acs_share_households_200k":0.1255,"acs_renter_share":0.3235,"acs_median_gross_rent":2018,"acs_private_share_k12":0.0835,"acs_seasonal_units":0,"acs_seasonal_share_of_units":0.0,"sales_count":455,"sales_median_price":630000,"sales_over_5m":0,"irs_years_available":5,"acs_households_moe":385,"acs_aggregate_income_moe":72073841},"geometry":{"type":"Polygon","coordinates":[[[-73.80156,40.66675],[-73.80113,40.67055],[-73.8014,40.67356],[-73.80577,40.68293],[-73.79458,40.68611],[-73.79374,40.68436],[-73.79272,40.68465],[-73.79258,40.68416],[-73.79266,40.68257],[-73.79113,40.67777],[-73.79232,40.67737],[-73.79157,40.67575],[-73.79035,40.67604],[-73.78989,40.6752],[-73.79048,40.67339],[-73.78808,40.67301],[-73.78941,40.66684],[-73.79307,40.66707],[-73.7974,40.66694],[-73.7992,40.66652],[-73.80156,40.66675]]]}},{"type":"Feature","properties":{"irs_share_of_city_investment_2022":0.0006,"irs_income_per_household_2022":58087,"irs_agi_annual_2022":1259734542,"irs_investment_annual_2022":47169985,"irs_investment_share_2022":0.0374,"irs_returns_annual":23638,"zip":"11691","name":"Far Rockaway-Bayswater","borough":"Queens","zips_included":"11691","irs_returns":23350,"irs_agi_per_return":48426,"irs_wages_per_return":37142,"irs_capital_income_per_return":1818,"irs_investment_income_annual":42968600,"irs_capital_gains_per_return":1250,"irs_partnership_per_return":2197,"irs_capital_share_of_agi":0.0375,"irs_top_share_of_returns":0.0184,"irs_top_agi_per_return":469134,"irs_top_share_of_agi":0.1779,"irs_share_of_city_capital_income":0.0006,"irs_share_of_city_returns":0.0057,"acs_population":70365,"acs_households":21687,"acs_median_household_income":59153,"acs_median_household_income_moe":7443,"acs_mean_household_income":92048,"acs_share_households_200k":0.0941,"acs_renter_share":0.7189,"acs_median_gross_rent":1424,"acs_private_share_k12":0.3191,"acs_seasonal_units":216,"acs_seasonal_share_of_units":0.0095,"sales_count":529,"sales_median_price":640000,"sales_over_5m":0,"irs_years_available":5,"acs_households_moe":792,"acs_aggregate_income_moe":227069666},"geometry":{"type":"Polygon","coordinates":[[[-73.78916,40.59753],[-73.78916,40.59788],[-73.78877,40.59831],[-73.7871,40.59944],[-73.78661,40.60003],[-73.78595,40.60034],[-73.78539,40.60152],[-73.78449,40.6018],[-73.78352,40.60254],[-73.78313,40.60381],[-73.78348,40.60405],[-73.78396,40.60487],[-73.78318,40.60584],[-73.7794,40.60923],[-73.77857,40.60964],[-73.77713,40.60986],[-73.77636,40.60966],[-73.77526,40.60972],[-73.77413,40.60875],[-73.77446,40.60845],[-73.77481,40.60841],[-73.77423,40.6077],[-73.7743,40.60747],[-73.7746,40.60742],[-73.77484,40.60802],[-73.77526,40.60858],[-73.77601,40.6092],[-73.77494,40.60807],[-73.77454,40.60712],[-73.77519,40.60452],[-73.77469,40.60432],[-73.77497,40.6041],[-73.77537,40.60416],[-73.77588,40.60347],[-73.77606,40.60276],[-73.77559,40.60305],[-73.77569,40.60282],[-73.77648,40.60245],[-73.77663,40.60221],[-73.77649,40.60217],[-73.7778,40.60096],[-73.77837,40.60084],[-73.77809,40.60072],[-73.77814,40.60042],[-73.78017,40.6007],[-73.78197,40.59903],[-73.78186,40.59838],[-73.78111,40.5976],[-73.78016,40.5972],[-73.78007,40.59686],[-73.77972,40.59735],[-73.77742,40.59881],[-73.77719,40.5996],[-73.776,40.60139],[-73.77497,40.60174],[-73.77474,40.60074],[-73.77411,40.59984],[-73.77422,40.599],[-73.77374,40.59867],[-73.77372,40.59825],[-73.77354,40.59809],[-73.77253,40.59789],[-73.77171,40.59797],[-73.77113,40.5983],[-73.77037,40.59809],[-73.76946,40.59826],[-73.76811,40.59783],[-73.76793,40.59814],[-73.76829,40.59834],[-73.76967,40.59863],[-73.77036,40.59899],[-73.77093,40.59886],[-73.77116,40.59942],[-73.77112,40.6005],[-73.77074,40.60154],[-73.77084,40.60181],[-73.77062,40.60187],[-73.77019,40.60275],[-73.77042,40.60294],[-73.77016,40.6031],[-73.77057,40.60484],[-73.77001,40.60533],[-73.76983,40.60628],[-73.77001,40.60723],[-73.76978,40.60752],[-73.76979,40.60793],[-73.76922,40.60845],[-73.76893,40.60915],[-73.769,40.60939],[-73.76976,40.61007],[-73.77125,40.61039],[-73.77186,40.61084],[-73.77224,40.6115],[-73.77341,40.61109],[-73.7729,40.61023],[-73.77297,40.61016],[-73.77378,40.61128],[-73.77394,40.61212],[-73.77417,40.61183],[-73.77342,40.61366],[-73.77297,40.61356],[-73.77174,40.61396],[-73.76933,40.61397],[-73.76834,40.61423],[-73.7669,40.6143],[-73.76515,40.61373],[-73.76501,40.61348],[-73.76516,40.61299],[-73.76506,40.61203],[-73.7623,40.61136],[-73.76173,40.61185],[-73.76024,40.61082],[-73.76178,40.60915],[-73.76155,40.60903],[-73.75999,40.61088],[-73.75949,40.61081],[-73.75972,40.61015],[-73.75912,40.61037],[-73.75656,40.61014],[-73.75587,40.61031],[-73.75561,40.61008],[-73.74822,40.61201],[-73.74799,40.61231],[-73.74761,40.612],[-73.74722,40.61218],[-73.74685,40.61157],[-73.74576,40.61199],[-73.74311,40.60772],[-73.7434,40.60747],[-73.74029,40.6046],[-73.73921,40.60404],[-73.73841,40.60312],[-73.73823,40.60257],[-73.73836,40.5976],[-73.73879,40.59697],[-73.73938,40.59724],[-73.73993,40.59705],[-73.74012,40.59673],[-73.73979,40.59643],[-73.7401,40.59621],[-73.74039,40.59618],[-73.74036,40.59677],[-73.74063,40.597],[-73.74127,40.5968],[-73.74144,40.59694],[-73.74183,40.59668],[-73.74152,40.59653],[-73.74051,40.59657],[-73.74049,40.59607],[-73.73993,40.59606],[-73.73958,40.59638],[-73.73961,40.59676],[-73.73944,40.5969],[-73.73886,40.59678],[-73.73838,40.59712],[-73.73841,40.59592],[-73.73799,40.59456],[-73.73848,40.59435],[-73.739,40.59459],[-73.74013,40.59451],[-73.74065,40.59472],[-73.7409,40.59449],[-73.74137,40.59481],[-73.7417,40.59464],[-73.74226,40.59491],[-73.74239,40.59473],[-73.74332,40.5948],[-73.74348,40.59459],[-73.74463,40.59466],[-73.74666,40.5943],[-73.74895,40.59341],[-73.75023,40.59271],[-73.75165,40.59137],[-73.75396,40.5909],[-73.75595,40.59087],[-73.75785,40.59135],[-73.76141,40.59172],[-73.76295,40.59161],[-73.76797,40.59073],[-73.76873,40.59087],[-73.76979,40.59075],[-73.76976,40.59149],[-73.77023,40.59398],[-73.77227,40.5932],[-73.7727,40.59313],[-73.77272,40.59332],[-73.77446,40.59314],[-73.77445,40.59294],[-73.77667,40.59272],[-73.77653,40.5914],[-73.77695,40.59138],[-73.7771,40.59268],[-73.77881,40.59251],[-73.77885,40.59269],[-73.77929,40.59265],[-73.77913,40.59114],[-73.78142,40.59077],[-73.78163,40.59223],[-73.78508,40.59219],[-73.78338,40.59272],[-73.78361,40.59514],[-73.78454,40.59508],[-73.78479,40.59771],[-73.78916,40.59753]]]}},{"type":"Feature","properties":{"irs_share_of_city_investment_2022":0.0001,"irs_income_per_household_2022":59797,"irs_agi_annual_2022":486030744,"irs_investment_annual_2022":6465889,"irs_investment_share_2022":0.0133,"irs_returns_annual":9170,"zip":"11692","name":"Rockaway Beach-Arverne-Edgemere","borough":"Queens","zips_included":"11692","irs_returns":8810,"irs_agi_per_return":48135,"irs_wages_per_return":40790,"irs_capital_income_per_return":646,"irs_investment_income_annual":5926800,"irs_capital_gains_per_return":442,"irs_partnership_per_return":374,"irs_capital_share_of_agi":0.0134,"irs_top_share_of_returns":0.0168,"irs_top_agi_per_return":330032,"irs_top_share_of_agi":0.1151,"irs_share_of_city_capital_income":0.0001,"irs_share_of_city_returns":0.0022,"acs_population":24584,"acs_households":8128,"acs_median_household_income":57687,"acs_median_household_income_moe":8512,"acs_mean_household_income":88642,"acs_share_households_200k":0.0944,"acs_renter_share":0.6409,"acs_median_gross_rent":1305,"acs_private_share_k12":0.175,"acs_seasonal_units":47,"acs_seasonal_share_of_units":0.0055,"sales_count":233,"sales_median_price":700000,"sales_over_5m":0,"irs_years_available":5,"acs_households_moe":479,"acs_aggregate_income_moe":75163740},"geometry":{"type":"Polygon","coordinates":[[[-73.80276,40.59262],[-73.80244,40.59264],[-73.80259,40.59438],[-73.80235,40.5945],[-73.8031,40.59457],[-73.80335,40.59487],[-73.8032,40.59487],[-73.80322,40.59515],[-73.80368,40.5952],[-73.8047,40.59638],[-73.80511,40.59715],[-73.80471,40.59768],[-73.80394,40.59794],[-73.80298,40.59885],[-73.80197,40.59885],[-73.80056,40.59918],[-73.79458,40.59942],[-73.79331,40.59998],[-73.79233,40.59997],[-73.7903,40.60122],[-73.78786,40.60311],[-73.7865,40.60325],[-73.78617,40.60305],[-73.78716,40.60233],[-73.78793,40.60099],[-73.78952,40.59998],[-73.79033,40.5992],[-73.79124,40.59679],[-73.79093,40.59596],[-73.79102,40.59547],[-73.79065,40.59478],[-73.78977,40.59473],[-73.78917,40.59519],[-73.78916,40.59753],[-73.78479,40.59771],[-73.78454,40.59508],[-73.78361,40.59514],[-73.78338,40.59272],[-73.78508,40.59219],[-73.78163,40.59223],[-73.78142,40.59077],[-73.77913,40.59114],[-73.77929,40.59265],[-73.77885,40.59269],[-73.77881,40.59251],[-73.7771,40.59268],[-73.77695,40.59138],[-73.77653,40.5914],[-73.77667,40.59272],[-73.77445,40.59294],[-73.77446,40.59314],[-73.77272,40.59332],[-73.7727,40.59313],[-73.77227,40.5932],[-73.77023,40.59398],[-73.76976,40.59149],[-73.76979,40.59075],[-73.77592,40.59018],[-73.77584,40.59033],[-73.77918,40.58959],[-73.78037,40.58961],[-73.78454,40.58848],[-73.78768,40.58792],[-73.7886,40.58749],[-73.78941,40.58763],[-73.79147,40.5873],[-73.80116,40.58539],[-73.80134,40.58541],[-73.80172,40.58667],[-73.80401,40.5865],[-73.8043,40.58833],[-73.80515,40.58822],[-73.8054,40.58985],[-73.80533,40.59052],[-73.80314,40.59066],[-73.80333,40.59241],[-73.80243,40.59247],[-73.80276,40.59262]]]}},{"type":"Feature","properties":{"irs_share_of_city_investment_2022":0.0001,"irs_income_per_household_2022":72475,"irs_agi_annual_2022":382234644,"irs_investment_annual_2022":8431945,"irs_investment_share_2022":0.0221,"irs_returns_annual":5874,"zip":"11693","name":"Breezy Point-Belle Harbor-Rockaway Park-Broad Channel","borough":"Queens","zips_included":"11693","irs_returns":5720,"irs_agi_per_return":59094,"irs_wages_per_return":45923,"irs_capital_income_per_return":1309,"irs_investment_income_annual":7689600,"irs_capital_gains_per_return":813,"irs_partnership_per_return":647,"irs_capital_share_of_agi":0.0222,"irs_top_share_of_returns":0.0272,"irs_top_agi_per_return":301842,"irs_top_share_of_agi":0.1391,"irs_share_of_city_capital_income":0.0001,"irs_share_of_city_returns":0.0014,"acs_population":13558,"acs_households":5274,"acs_median_household_income":72714,"acs_median_household_income_moe":12850,"acs_mean_household_income":94702,"acs_share_households_200k":0.1096,"acs_renter_share":0.5493,"acs_median_gross_rent":1137,"acs_private_share_k12":0.0376,"acs_seasonal_units":76,"acs_seasonal_share_of_units":0.0132,"sales_count":215,"sales_median_price":480000,"sales_over_5m":0,"irs_years_available":5,"acs_households_moe":516,"acs_aggregate_income_moe":64285063},"geometry":{"type":"MultiPolygon","coordinates":[[[[-73.8201,40.587],[-73.81893,40.5876],[-73.81913,40.58804],[-73.81883,40.58825],[-73.81741,40.58892],[-73.81764,40.58929],[-73.81674,40.58932],[-73.81525,40.58999],[-73.8147,40.59061],[-73.8139,40.59067],[-73.81313,40.59124],[-73.81224,40.59133],[-73.8117,40.59159],[-73.81152,40.59179],[-73.8115,40.5929],[-73.81133,40.59175],[-73.81101,40.59177],[-73.81091,40.59206],[-73.80988,40.59228],[-73.80949,40.59276],[-73.80962,40.59358],[-73.80604,40.59202],[-73.80579,40.59076],[-73.8058,40.59187],[-73.8043,40.59132],[-73.80416,40.59186],[-73.80732,40.59307],[-73.80805,40.59365],[-73.80781,40.59389],[-73.8079,40.5943],[-73.80712,40.59528],[-73.80605,40.59556],[-73.80485,40.59506],[-73.80411,40.59432],[-73.80413,40.59351],[-73.80381,40.59289],[-73.80243,40.59247],[-73.80333,40.59241],[-73.80314,40.59066],[-73.80533,40.59052],[-73.8054,40.58985],[-73.80515,40.58822],[-73.8043,40.58833],[-73.80401,40.5865],[-73.80172,40.58667],[-73.80134,40.58541],[-73.80324,40.5849],[-73.80377,40.58501],[-73.80562,40.58451],[-73.8066,40.58445],[-73.80784,40.58402],[-73.81353,40.58347],[-73.81731,40.58234],[-73.81751,40.58279],[-73.81545,40.58338],[-73.8177,40.5832],[-73.81881,40.58495],[-73.81957,40.58458],[-73.82014,40.58547],[-73.81934,40.58579],[-73.8201,40.587]]],[[[-73.82383,40.6115],[-73.8238,40.61213],[-73.82235,40.61426],[-73.82142,40.61505],[-73.82076,40.61524],[-73.81653,40.61495],[-73.81657,40.61454],[-73.8156,40.61067],[-73.81477,40.60885],[-73.81506,40.60732],[-73.81601,40.6062],[-73.81598,40.60574],[-73.81643,40.60523],[-73.81739,40.60516],[-73.81725,40.60394],[-73.81772,40.60223],[-73.81831,40.60134],[-73.81849,40.59939],[-73.81928,40.59753],[-73.81974,40.59752],[-73.82042,40.59649],[-73.82067,40.5952],[-73.82136,40.59469],[-73.8248,40.59508],[-73.8259,40.59486],[-73.82914,40.5948],[-73.83048,40.59459],[-73.83241,40.59462],[-73.83466,40.59517],[-73.83485,40.59554],[-73.8344,40.59646],[-73.83336,40.59724],[-73.83215,40.59768],[-73.83239,40.5978],[-73.83154,40.59795],[-73.83063,40.59743],[-73.83039,40.59773],[-73.82948,40.59813],[-73.8291,40.59776],[-73.82806,40.59768],[-73.82722,40.59833],[-73.8271,40.59869],[-73.82601,40.59947],[-73.82585,40.59944],[-73.82589,40.59905],[-73.8255,40.59849],[-73.82502,40.59819],[-73.82457,40.59817],[-73.82396,40.59888],[-73.82422,40.59907],[-73.82376,40.60004],[-73.82194,40.5998],[-73.82147,40.59999],[-73.82235,40.60022],[-73.82443,40.60035],[-73.82445,40.6008],[-73.82399,40.601],[-73.82351,40.60155],[-73.82358,40.60227],[-73.82305,40.60234],[-73.82294,40.60258],[-73.82277,40.6042],[-73.8229,40.60469],[-73.82247,40.60553],[-73.82291,40.60585],[-73.82236,40.60647],[-73.82127,40.607],[-73.82003,40.60893],[-73.81962,40.61048],[-73.82052,40.61195],[-73.82043,40.61207],[-73.82088,40.61226],[-73.82129,40.6111],[-73.82049,40.61022],[-73.82086,40.60923],[-73.82115,40.60906],[-73.82138,40.60854],[-73.82162,40.60848],[-73.82187,40.60987],[-73.82233,40.61029],[-73.82289,40.61034],[-73.82335,40.61115],[-73.82383,40.6115]]]]}},{"type":"Feature","properties":{"irs_share_of_city_investment_2022":0.0001,"irs_income_per_household_2022":92162,"irs_agi_annual_2022":740795481,"irs_investment_annual_2022":6138485,"irs_investment_share_2022":0.0083,"irs_returns_annual":13428,"zip":"11429","name":"Queens Village","borough":"Queens","zips_included":"11429","irs_returns":13170,"irs_agi_per_return":50058,"irs_wages_per_return":41037,"irs_capital_income_per_return":418,"irs_investment_income_annual":5612200,"irs_capital_gains_per_return":272,"irs_partnership_per_return":48,"irs_capital_share_of_agi":0.0083,"irs_top_share_of_returns":0.0098,"irs_top_agi_per_return":309302,"irs_top_share_of_agi":0.0607,"irs_share_of_city_capital_income":0.0001,"irs_share_of_city_returns":0.0033,"acs_population":27845,"acs_households":8038,"acs_median_household_income":95721,"acs_median_household_income_moe":11312,"acs_mean_household_income":117648,"acs_share_households_200k":0.1616,"acs_renter_share":0.2759,"acs_median_gross_rent":1452,"acs_private_share_k12":0.1435,"acs_seasonal_units":28,"acs_seasonal_share_of_units":0.0033,"sales_count":478,"sales_median_price":676500,"sales_over_5m":0,"irs_years_available":5,"acs_households_moe":636,"acs_aggregate_income_moe":86179707},"geometry":{"type":"MultiPolygon","coordinates":[[[[-73.7105,40.72723],[-73.71055,40.72802],[-73.71159,40.72819],[-73.71178,40.72929],[-73.71066,40.72938],[-73.71089,40.73097],[-73.71204,40.73084],[-73.71229,40.73232],[-73.71148,40.7325],[-73.7125,40.7342],[-73.71396,40.73388],[-73.71474,40.73596],[-73.70922,40.73714],[-73.70846,40.73508],[-73.70763,40.73546],[-73.70832,40.73733],[-73.70191,40.73871],[-73.70176,40.7383],[-73.70092,40.73872],[-73.70098,40.7389],[-73.70001,40.73932],[-73.70147,40.73751],[-73.70766,40.72783],[-73.7105,40.72723]]],[[[-73.74865,40.70159],[-73.75121,40.70731],[-73.75212,40.70711],[-73.75274,40.70861],[-73.75184,40.70882],[-73.75246,40.71031],[-73.75335,40.7101],[-73.75408,40.71184],[-73.75319,40.71206],[-73.75371,40.71332],[-73.73538,40.7177],[-73.73531,40.7185],[-73.73315,40.71959],[-73.73233,40.7203],[-73.73216,40.72006],[-73.72966,40.72048],[-73.72857,40.71696],[-73.72696,40.71066],[-73.7269,40.7058],[-73.72747,40.70579],[-73.72778,40.7062],[-73.72771,40.70156],[-73.73239,40.70171],[-73.73236,40.70242],[-73.7382,40.7026],[-73.73824,40.70188],[-73.74105,40.70198],[-73.74114,40.70181],[-73.7431,40.7024],[-73.74331,40.70296],[-73.74865,40.70159]]]]}},{"type":"Feature","properties":{"irs_share_of_city_investment_2022":0.0011,"irs_income_per_household_2022":84158,"irs_agi_annual_2022":1686196653,"irs_investment_annual_2022":89285161,"irs_investment_share_2022":0.053,"irs_returns_annual":28462,"zip":"11432","name":"Jamaica Estates-Holliswood","borough":"Queens","zips_included":"11432","irs_returns":28030,"irs_agi_per_return":53787,"irs_wages_per_return":39396,"irs_capital_income_per_return":2862,"irs_investment_income_annual":81452200,"irs_capital_gains_per_return":1916,"irs_partnership_per_return":1927,"irs_capital_share_of_agi":0.0532,"irs_top_share_of_returns":0.0278,"irs_top_agi_per_return":412688,"irs_top_share_of_agi":0.2135,"irs_share_of_city_capital_income":0.0011,"irs_share_of_city_returns":0.0069,"acs_population":64268,"acs_households":20036,"acs_median_household_income":72001,"acs_median_household_income_moe":4489,"acs_mean_household_income":103895,"acs_share_households_200k":0.0968,"acs_renter_share":0.5982,"acs_median_gross_rent":1768,"acs_private_share_k12":0.1352,"acs_seasonal_units":109,"acs_seasonal_share_of_units":0.0051,"sales_count":629,"sales_median_price":835000,"sales_over_5m":1,"irs_years_available":5,"acs_households_moe":1040,"acs_aggregate_income_moe":207821009},"geometry":{"type":"Polygon","coordinates":[[[-73.79992,40.70247],[-73.80413,40.70146],[-73.80762,40.70873],[-73.8089,40.7106],[-73.80951,40.71214],[-73.80863,40.71239],[-73.80896,40.71306],[-73.80983,40.71281],[-73.81015,40.71347],[-73.81022,40.7157],[-73.80777,40.71572],[-73.80824,40.71724],[-73.80883,40.71699],[-73.80999,40.71695],[-73.81037,40.71711],[-73.81071,40.71691],[-73.8118,40.71688],[-73.81177,40.71758],[-73.80868,40.71834],[-73.80904,40.71991],[-73.78965,40.72642],[-73.78884,40.72628],[-73.78831,40.72595],[-73.78575,40.72679],[-73.78619,40.72756],[-73.7836,40.72842],[-73.78317,40.72765],[-73.7808,40.72843],[-73.77907,40.72496],[-73.77775,40.72284],[-73.77682,40.72186],[-73.77551,40.7191],[-73.77637,40.71877],[-73.77584,40.71767],[-73.7749,40.71784],[-73.77357,40.71512],[-73.78263,40.71294],[-73.78174,40.71102],[-73.78138,40.71111],[-73.78019,40.7085],[-73.78331,40.70794],[-73.78673,40.7079],[-73.78869,40.70747],[-73.78957,40.70722],[-73.78916,40.70623],[-73.79102,40.70578],[-73.79146,40.70668],[-73.79253,40.70636],[-73.79165,40.70486],[-73.79285,40.70442],[-73.79396,40.70583],[-73.7949,40.70546],[-73.79379,40.70403],[-73.79454,40.70369],[-73.79841,40.70274],[-73.79915,40.70375],[-73.8002,40.70334],[-73.79992,40.70247]]]}},{"type":"Feature","properties":{"irs_share_of_city_investment_2022":0.0,"irs_income_per_household_2022":74345,"irs_agi_annual_2022":809320347,"irs_investment_annual_2022":3877681,"irs_investment_share_2022":0.0048,"irs_returns_annual":17414,"zip":"11433","name":"South Jamaica","borough":"Queens","zips_included":"11433, 11451","irs_returns":17090,"irs_agi_per_return":42188,"irs_wages_per_return":35571,"irs_capital_income_per_return":205,"irs_investment_income_annual":3568400,"irs_capital_gains_per_return":131,"irs_partnership_per_return":19,"irs_capital_share_of_agi":0.0049,"irs_top_share_of_returns":0.0055,"irs_top_agi_per_return":320560,"irs_top_share_of_agi":0.0419,"irs_share_of_city_capital_income":0.0,"irs_share_of_city_returns":0.0042,"acs_population":38865,"acs_households":10886,"acs_median_household_income":73118,"acs_median_household_income_moe":6647,"acs_mean_household_income":91186,"acs_share_households_200k":0.0902,"acs_renter_share":0.5315,"acs_median_gross_rent":1321,"acs_private_share_k12":0.0496,"acs_seasonal_units":86,"acs_seasonal_share_of_units":0.0073,"sales_count":585,"sales_median_price":685000,"sales_over_5m":0,"irs_years_available":5,"acs_households_moe":530,"acs_aggregate_income_moe":null},"geometry":{"type":"Polygon","coordinates":[[[-73.79437,40.68691],[-73.79478,40.68747],[-73.79415,40.68775],[-73.79458,40.68836],[-73.79521,40.68809],[-73.79561,40.68865],[-73.79499,40.68892],[-73.79545,40.68955],[-73.7961,40.68928],[-73.79715,40.69041],[-73.79633,40.69075],[-73.79677,40.69136],[-73.7976,40.691],[-73.79828,40.69193],[-73.79975,40.69335],[-73.80068,40.69386],[-73.80093,40.69442],[-73.7999,40.69499],[-73.80053,40.69585],[-73.8012,40.69533],[-73.80237,40.69787],[-73.80277,40.69911],[-73.8021,40.70064],[-73.80353,40.70028],[-73.80396,40.70105],[-73.80207,40.70158],[-73.80241,40.70185],[-73.79992,40.70247],[-73.8002,40.70334],[-73.79915,40.70375],[-73.79841,40.70274],[-73.79454,40.70369],[-73.79379,40.70403],[-73.7949,40.70546],[-73.79396,40.70583],[-73.79285,40.70442],[-73.79165,40.70486],[-73.79253,40.70636],[-73.79146,40.70668],[-73.79102,40.70578],[-73.78916,40.70623],[-73.78957,40.70722],[-73.78869,40.70747],[-73.78673,40.7079],[-73.78279,40.708],[-73.77968,40.7086],[-73.77937,40.70781],[-73.78023,40.70761],[-73.77998,40.70702],[-73.78314,40.7063],[-73.78183,40.70617],[-73.77656,40.70722],[-73.77094,40.70863],[-73.7749,40.70707],[-73.77541,40.70644],[-73.77562,40.70551],[-73.77497,40.70363],[-73.77294,40.70029],[-73.77319,40.70018],[-73.77212,40.6987],[-73.76988,40.69632],[-73.7758,40.69304],[-73.77625,40.69369],[-73.77748,40.693],[-73.77783,40.69432],[-73.77944,40.69365],[-73.78024,40.69297],[-73.78169,40.69231],[-73.78078,40.69103],[-73.78479,40.68936],[-73.78698,40.68861],[-73.79039,40.68776],[-73.79086,40.6884],[-73.79437,40.68691]]]}},{"type":"Feature","properties":{"irs_share_of_city_investment_2022":0.0001,"irs_income_per_household_2022":78500,"irs_agi_annual_2022":1804405593,"irs_investment_annual_2022":11819738,"irs_investment_share_2022":0.0066,"irs_returns_annual":33460,"zip":"11434","name":"Springfield Gardens (North)-Rochdale Village","borough":"Queens","zips_included":"11430, 11434","irs_returns":32500,"irs_agi_per_return":48931,"irs_wages_per_return":40144,"irs_capital_income_per_return":321,"irs_investment_income_annual":10726600,"irs_capital_gains_per_return":192,"irs_partnership_per_return":33,"irs_capital_share_of_agi":0.0066,"irs_top_share_of_returns":0.0083,"irs_top_agi_per_return":267183,"irs_top_share_of_agi":0.0454,"irs_share_of_city_capital_income":0.0001,"irs_share_of_city_returns":0.0081,"acs_population":68514,"acs_households":22986,"acs_median_household_income":71728,"acs_median_household_income_moe":2544,"acs_mean_household_income":96344,"acs_share_households_200k":0.0941,"acs_renter_share":0.5182,"acs_median_gross_rent":1375,"acs_private_share_k12":0.0915,"acs_seasonal_units":78,"acs_seasonal_share_of_units":0.0033,"sales_count":1007,"sales_median_price":655000,"sales_over_5m":0,"irs_years_available":5,"acs_households_moe":811,"acs_aggregate_income_moe":null},"geometry":{"type":"Polygon","coordinates":[[[-73.75522,40.64744],[-73.74907,40.64363],[-73.74777,40.6421],[-73.7474,40.64132],[-73.74755,40.64113],[-73.74748,40.63969],[-73.74813,40.63687],[-73.7484,40.63665],[-73.74853,40.63546],[-73.74936,40.63495],[-73.7507,40.63463],[-73.75244,40.63368],[-73.75348,40.63351],[-73.75479,40.63288],[-73.75901,40.63149],[-73.76054,40.63066],[-73.76221,40.63025],[-73.76313,40.62965],[-73.76452,40.62922],[-73.765,40.62942],[-73.76474,40.62917],[-73.7664,40.62835],[-73.767,40.62753],[-73.76879,40.62432],[-73.76884,40.62394],[-73.76855,40.62319],[-73.76868,40.62268],[-73.76945,40.62201],[-73.76952,40.62212],[-73.7698,40.62159],[-73.76976,40.62111],[-73.77009,40.62091],[-73.77046,40.6202],[-73.7711,40.62001],[-73.77165,40.62042],[-73.77172,40.62096],[-73.77092,40.6224],[-73.77082,40.62328],[-73.77156,40.62336],[-73.77266,40.62457],[-73.77349,40.62506],[-73.77408,40.62579],[-73.77654,40.62765],[-73.77947,40.62732],[-73.78136,40.62484],[-73.78488,40.62663],[-73.78346,40.62812],[-73.78284,40.6294],[-73.78264,40.63025],[-73.78378,40.63064],[-73.78435,40.63137],[-73.78571,40.63209],[-73.78691,40.63226],[-73.78832,40.63343],[-73.78939,40.63404],[-73.78942,40.63426],[-73.7908,40.63385],[-73.79069,40.63422],[-73.79131,40.6344],[-73.79123,40.63485],[-73.79222,40.63589],[-73.79343,40.63609],[-73.79426,40.63656],[-73.79474,40.63663],[-73.79726,40.63801],[-73.79923,40.63842],[-73.80177,40.63976],[-73.80466,40.64091],[-73.80566,40.6416],[-73.8067,40.64178],[-73.80865,40.64282],[-73.81076,40.64349],[-73.81203,40.6443],[-73.81351,40.64464],[-73.81643,40.646],[-73.81831,40.64638],[-73.82125,40.64914],[-73.82192,40.65011],[-73.82348,40.65537],[-73.82341,40.65608],[-73.82234,40.65936],[-73.82149,40.66],[-73.81869,40.6611],[-73.81262,40.66016],[-73.81144,40.66026],[-73.81124,40.66055],[-73.81151,40.66077],[-73.81867,40.66213],[-73.82345,40.66014],[-73.82498,40.65543],[-73.82369,40.65107],[-73.8234,40.64935],[-73.82318,40.64916],[-73.82291,40.64809],[-73.8232,40.64801],[-73.82392,40.6489],[-73.82392,40.64915],[-73.82466,40.64973],[-73.82483,40.64967],[-73.82475,40.64942],[-73.825,40.64938],[-73.82549,40.64989],[-73.82558,40.64955],[-73.82586,40.64948],[-73.82615,40.65008],[-73.8263,40.65003],[-73.82617,40.64953],[-73.82644,40.64924],[-73.82639,40.64832],[-73.8286,40.6572],[-73.82931,40.6589],[-73.82991,40.65967],[-73.8327,40.66541],[-73.82688,40.66371],[-73.82305,40.66355],[-73.81497,40.66247],[-73.81281,40.66272],[-73.81117,40.66318],[-73.81156,40.66318],[-73.81032,40.66708],[-73.7992,40.66652],[-73.79711,40.66695],[-73.79307,40.66707],[-73.78941,40.66684],[-73.78808,40.67301],[-73.79048,40.67339],[-73.78989,40.6752],[-73.79035,40.67604],[-73.79157,40.67575],[-73.79232,40.67737],[-73.79113,40.67777],[-73.79266,40.68257],[-73.79258,40.68416],[-73.79272,40.68465],[-73.79374,40.68436],[-73.79458,40.68611],[-73.79391,40.6863],[-73.79437,40.68691],[-73.79086,40.6884],[-73.79039,40.68776],[-73.78698,40.68861],[-73.78479,40.68936],[-73.78078,40.69103],[-73.78169,40.69231],[-73.78024,40.69297],[-73.77944,40.69365],[-73.77783,40.69432],[-73.77748,40.693],[-73.77625,40.69369],[-73.7758,40.69304],[-73.76929,40.69665],[-73.76522,40.69276],[-73.76539,40.69207],[-73.7662,40.69218],[-73.7647,40.68927],[-73.76234,40.68518],[-73.75805,40.67922],[-73.75984,40.67892],[-73.7579,40.67613],[-73.76248,40.6742],[-73.76368,40.67474],[-73.76405,40.67284],[-73.76225,40.67194],[-73.76293,40.67182],[-73.7626,40.67074],[-73.76365,40.66716],[-73.76544,40.66679],[-73.76353,40.66629],[-73.76616,40.66009],[-73.76796,40.66035],[-73.76767,40.65842],[-73.76615,40.65855],[-73.76582,40.6563],[-73.76736,40.65616],[-73.75411,40.6487],[-73.75522,40.64744]]]}},{"type":"Feature","properties":{"irs_share_of_city_investment_2022":0.0003,"irs_income_per_household_2022":74138,"irs_agi_annual_2022":1434563254,"irs_investment_annual_2022":27486077,"irs_investment_share_2022":0.0192,"irs_returns_annual":27276,"zip":"11435","name":"Jamaica Hills-Briarwood","borough":"Queens","zips_included":"11435","irs_returns":27270,"irs_agi_per_return":47752,"irs_wages_per_return":39155,"irs_capital_income_per_return":913,"irs_investment_income_annual":24912600,"irs_capital_gains_per_return":531,"irs_partnership_per_return":356,"irs_capital_share_of_agi":0.0191,"irs_top_share_of_returns":0.0117,"irs_top_agi_per_return":301290,"irs_top_share_of_agi":0.0736,"irs_share_of_city_capital_income":0.0003,"irs_share_of_city_returns":0.0066,"acs_population":59961,"acs_households":19350,"acs_median_household_income":76915,"acs_median_household_income_moe":3900,"acs_mean_household_income":100007,"acs_share_households_200k":0.098,"acs_renter_share":0.6479,"acs_median_gross_rent":1775,"acs_private_share_k12":0.1572,"acs_seasonal_units":303,"acs_seasonal_share_of_units":0.0146,"sales_count":661,"sales_median_price":469000,"sales_over_5m":0,"irs_years_available":5,"acs_households_moe":819,"acs_aggregate_income_moe":119115979},"geometry":{"type":"Polygon","coordinates":[[[-73.80577,40.68293],[-73.80733,40.68613],[-73.81493,40.69942],[-73.8174,40.70464],[-73.81988,40.70928],[-73.82113,40.71068],[-73.8238,40.71297],[-73.82574,40.7161],[-73.82525,40.71645],[-73.82188,40.71691],[-73.82019,40.71674],[-73.81931,40.71714],[-73.81822,40.71639],[-73.8167,40.71684],[-73.81713,40.71768],[-73.81211,40.71906],[-73.81177,40.71758],[-73.8118,40.71688],[-73.81071,40.71691],[-73.81037,40.71711],[-73.80999,40.71695],[-73.80883,40.71699],[-73.80824,40.71724],[-73.80777,40.71572],[-73.81022,40.7157],[-73.81015,40.71347],[-73.80983,40.71281],[-73.80896,40.71306],[-73.80863,40.71239],[-73.80951,40.71214],[-73.8089,40.7106],[-73.80762,40.70873],[-73.80413,40.70146],[-73.80241,40.70185],[-73.80207,40.70158],[-73.80396,40.70105],[-73.80353,40.70028],[-73.8021,40.70064],[-73.80277,40.69911],[-73.80237,40.69787],[-73.8012,40.69533],[-73.80053,40.69585],[-73.7999,40.69499],[-73.80093,40.69442],[-73.80068,40.69386],[-73.79975,40.69335],[-73.79828,40.69193],[-73.7976,40.691],[-73.79677,40.69136],[-73.79633,40.69075],[-73.79715,40.69041],[-73.7961,40.68928],[-73.79545,40.68955],[-73.79499,40.68892],[-73.79561,40.68865],[-73.79521,40.68809],[-73.79458,40.68836],[-73.79415,40.68775],[-73.79478,40.68747],[-73.79391,40.6863],[-73.80577,40.68293]]]}},{"type":"Feature","properties":{"irs_share_of_city_investment_2022":0.001,"irs_income_per_household_2022":124713,"irs_agi_annual_2022":996955387,"irs_investment_annual_2022":84402708,"irs_investment_share_2022":0.0847,"irs_returns_annual":8904,"zip":"11694","name":"Breezy Point-Belle Harbor-Rockaway Park-Broad Channel","borough":"Queens","zips_included":"11694","irs_returns":8740,"irs_agi_per_return":101664,"irs_wages_per_return":66005,"irs_capital_income_per_return":8668,"irs_investment_income_annual":77176800,"irs_capital_gains_per_return":5455,"irs_partnership_per_return":4598,"irs_capital_share_of_agi":0.0853,"irs_top_share_of_returns":0.1076,"irs_top_agi_per_return":412976,"irs_top_share_of_agi":0.4371,"irs_share_of_city_capital_income":0.001,"irs_share_of_city_returns":0.0022,"acs_population":21788,"acs_households":7994,"acs_median_household_income":100190,"acs_median_household_income_moe":8986,"acs_mean_household_income":124327,"acs_share_households_200k":0.1599,"acs_renter_share":0.4745,"acs_median_gross_rent":1688,"acs_private_share_k12":0.3111,"acs_seasonal_units":351,"acs_seasonal_share_of_units":0.0388,"sales_count":378,"sales_median_price":827500,"sales_over_5m":3,"irs_years_available":5,"acs_households_moe":438,"acs_aggregate_income_moe":84634454},"geometry":{"type":"Polygon","coordinates":[[[-73.86496,40.56663],[-73.86558,40.56765],[-73.86688,40.56721],[-73.86734,40.56799],[-73.86447,40.56914],[-73.86663,40.57306],[-73.86361,40.57383],[-73.86341,40.57412],[-73.86397,40.57503],[-73.86275,40.57586],[-73.86289,40.57606],[-73.85305,40.58126],[-73.85045,40.58213],[-73.84861,40.58219],[-73.84521,40.58158],[-73.8393,40.58186],[-73.83868,40.58271],[-73.83584,40.58288],[-73.82853,40.58486],[-73.82822,40.58584],[-73.82785,40.58614],[-73.82316,40.58749],[-73.82146,40.58677],[-73.81913,40.58804],[-73.81893,40.5876],[-73.8201,40.587],[-73.81934,40.58579],[-73.82014,40.58547],[-73.81957,40.58458],[-73.81881,40.58495],[-73.8177,40.5832],[-73.81545,40.58338],[-73.81751,40.58279],[-73.81731,40.58234],[-73.82223,40.58111],[-73.82717,40.57945],[-73.83146,40.57842],[-73.83387,40.57765],[-73.83779,40.57592],[-73.85713,40.56913],[-73.86255,40.56681],[-73.86287,40.56683],[-73.8627,40.5665],[-73.863,40.56687],[-73.86349,40.56703],[-73.86496,40.56663]]]}},{"type":"Feature","properties":{"irs_share_of_city_investment_2022":0.0003,"irs_income_per_household_2022":198910,"irs_agi_annual_2022":304929436,"irs_investment_annual_2022":22295940,"irs_investment_share_2022":0.0731,"irs_returns_annual":2416,"zip":"11697","name":"Breezy Point-Belle Harbor-Rockaway Park-Broad Channel","borough":"Queens","zips_included":"11697","irs_returns":2380,"irs_agi_per_return":114680,"irs_wages_per_return":70770,"irs_capital_income_per_return":8383,"irs_investment_income_annual":20252600,"irs_capital_gains_per_return":5108,"irs_partnership_per_return":1769,"irs_capital_share_of_agi":0.0731,"irs_top_share_of_returns":0.1391,"irs_top_agi_per_return":342714,"irs_top_share_of_agi":0.4156,"irs_share_of_city_capital_income":0.0003,"irs_share_of_city_returns":0.0006,"acs_population":3946,"acs_households":1533,"acs_median_household_income":134563,"acs_median_household_income_moe":26046,"acs_mean_household_income":160188,"acs_share_households_200k":0.3053,"acs_renter_share":0.0313,"acs_median_gross_rent":null,"acs_private_share_k12":0.0852,"acs_seasonal_units":1143,"acs_seasonal_share_of_units":0.4084,"sales_count":121,"sales_median_price":650000,"sales_over_5m":0,"irs_years_available":5,"acs_households_moe":247,"acs_aggregate_income_moe":51202683},"geometry":{"type":"Polygon","coordinates":[[[-73.86289,40.57606],[-73.86275,40.57586],[-73.86397,40.57503],[-73.86341,40.57412],[-73.86361,40.57383],[-73.86663,40.57306],[-73.86447,40.56914],[-73.86734,40.56799],[-73.86688,40.56721],[-73.86558,40.56765],[-73.86496,40.56663],[-73.86573,40.5665],[-73.86662,40.56609],[-73.86655,40.56595],[-73.86703,40.56606],[-73.86849,40.56553],[-73.86841,40.56533],[-73.86853,40.56555],[-73.86925,40.56538],[-73.87062,40.56481],[-73.87052,40.56463],[-73.87066,40.56481],[-73.871,40.56474],[-73.87264,40.56409],[-73.87258,40.56394],[-73.87276,40.56411],[-73.87322,40.56406],[-73.87638,40.56307],[-73.88032,40.56137],[-73.88127,40.56138],[-73.88242,40.56091],[-73.88237,40.56076],[-73.88325,40.56086],[-73.88489,40.56019],[-73.88486,40.56004],[-73.88498,40.56016],[-73.88591,40.55999],[-73.88692,40.55958],[-73.88695,40.55943],[-73.8879,40.55951],[-73.8894,40.55892],[-73.88964,40.55866],[-73.89021,40.55881],[-73.89081,40.55862],[-73.89191,40.55817],[-73.89214,40.55787],[-73.89255,40.55812],[-73.89347,40.55795],[-73.89495,40.5573],[-73.89492,40.55708],[-73.8952,40.5574],[-73.89549,40.55742],[-73.89698,40.5569],[-73.89708,40.55666],[-73.89734,40.55699],[-73.89803,40.5571],[-73.89914,40.55679],[-73.89912,40.55664],[-73.90019,40.55662],[-73.90058,40.55642],[-73.9007,40.55663],[-73.90124,40.55676],[-73.90279,40.55673],[-73.90692,40.5556],[-73.91948,40.55062],[-73.92642,40.54816],[-73.93055,40.54643],[-73.93612,40.54452],[-73.93909,40.54317],[-73.94048,40.54286],[-73.94056,40.54186],[-73.94074,40.54183],[-73.94013,40.54801],[-73.94025,40.55261],[-73.93991,40.55384],[-73.93926,40.55498],[-73.93866,40.55568],[-73.93648,40.55693],[-73.93509,40.55727],[-73.93322,40.55737],[-73.93206,40.55772],[-73.92616,40.56155],[-73.92421,40.562],[-73.92108,40.56208],[-73.9191,40.56247],[-73.91723,40.56299],[-73.91387,40.56461],[-73.91313,40.56464],[-73.9122,40.56506],[-73.91149,40.56512],[-73.9101,40.56496],[-73.90981,40.56432],[-73.90927,40.56399],[-73.90852,40.56394],[-73.90791,40.56414],[-73.90809,40.56372],[-73.90799,40.56344],[-73.9064,40.56272],[-73.9045,40.56287],[-73.90287,40.56352],[-73.90271,40.56312],[-73.90228,40.56282],[-73.90105,40.56286],[-73.9,40.56321],[-73.89613,40.56536],[-73.89533,40.56633],[-73.89566,40.56706],[-73.89531,40.56702],[-73.89261,40.56859],[-73.88911,40.56792],[-73.88838,40.56814],[-73.88786,40.56804],[-73.88655,40.56847],[-73.8849,40.5685],[-73.88431,40.5687],[-73.88489,40.56847],[-73.88476,40.56829],[-73.88468,40.56844],[-73.8843,40.56844],[-73.88473,40.56827],[-73.88446,40.56789],[-73.88358,40.56821],[-73.88369,40.5684],[-73.88347,40.56848],[-73.88337,40.56833],[-73.88268,40.56836],[-73.88192,40.56873],[-73.87867,40.56864],[-73.87789,40.56878],[-73.87586,40.56958],[-73.86289,40.57606]]]}}]}